<?xml version="1.0" encoding="UTF-8" ?>
<!DOCTYPE mapper
PUBLIC "-//mybatis.org//DTD Mapper 3.0//EN"
"http://mybatis.org/dtd/mybatis-3-mapper.dtd">
<mapper namespace="com.ruoyi.DepSysEmployees.mapper.EmployeesMapper">
    
    <resultMap type="Employees" id="EmployeesResult">
        <result property="employeeId"    column="employee_id"    />
        <result property="firstName"    column="first_name"    />
        <result property="lastName"    column="last_name"    />
        <result property="email"    column="email"    />
        <result property="phoneNumber"    column="phone_number"    />
        <result property="hireDate"    column="hire_date"    />
        <result property="salary"    column="salary"    />
    </resultMap>

    <sql id="selectEmployeesVo">
        select employee_id, first_name, last_name, email, phone_number, hire_date, salary from employees
    </sql>

    <select id="selectEmployeesList" parameterType="Employees" resultMap="EmployeesResult">
        <include refid="selectEmployeesVo"/>
        <where>  
            <if test="firstName != null  and firstName != ''"> and first_name like concat('%', #{firstName}, '%')</if>
            <if test="lastName != null  and lastName != ''"> and last_name like concat('%', #{lastName}, '%')</if>
            <if test="email != null  and email != ''"> and email = #{email}</if>
            <if test="phoneNumber != null  and phoneNumber != ''"> and phone_number = #{phoneNumber}</if>
            <if test="salary != null "> and salary = #{salary}</if>
        </where>
    </select>
    
    <select id="selectEmployeesByEmployeeId" parameterType="Long" resultMap="EmployeesResult">
        <include refid="selectEmployeesVo"/>
        where employee_id = #{employeeId}
    </select>
        
    <insert id="insertEmployees" parameterType="Employees" useGeneratedKeys="true" keyProperty="employeeId">
        insert into employees
        <trim prefix="(" suffix=")" suffixOverrides=",">
            <if test="firstName != null and firstName != ''">first_name,</if>
            <if test="lastName != null and lastName != ''">last_name,</if>
            <if test="email != null and email != ''">email,</if>
            <if test="phoneNumber != null">phone_number,</if>
            <if test="hireDate != null">hire_date,</if>
            <if test="salary != null">salary,</if>
         </trim>
        <trim prefix="values (" suffix=")" suffixOverrides=",">
            <if test="firstName != null and firstName != ''">#{firstName},</if>
            <if test="lastName != null and lastName != ''">#{lastName},</if>
            <if test="email != null and email != ''">#{email},</if>
            <if test="phoneNumber != null">#{phoneNumber},</if>
            <if test="hireDate != null">#{hireDate},</if>
            <if test="salary != null">#{salary},</if>
         </trim>
    </insert>

    <update id="updateEmployees" parameterType="Employees">
        update employees
        <trim prefix="SET" suffixOverrides=",">
            <if test="firstName != null and firstName != ''">first_name = #{firstName},</if>
            <if test="lastName != null and lastName != ''">last_name = #{lastName},</if>
            <if test="email != null and email != ''">email = #{email},</if>
            <if test="phoneNumber != null">phone_number = #{phoneNumber},</if>
            <if test="hireDate != null">hire_date = #{hireDate},</if>
            <if test="salary != null">salary = #{salary},</if>
        </trim>
        where employee_id = #{employeeId}
    </update>

    <delete id="deleteEmployeesByEmployeeId" parameterType="Long">
        delete from employees where employee_id = #{employeeId}
    </delete>

    <delete id="deleteEmployeesByEmployeeIds" parameterType="String">
        delete from employees where employee_id in 
        <foreach item="employeeId" collection="array" open="(" separator="," close=")">
            #{employeeId}
        </foreach>
    </delete>
</mapper>