/*
 Navicat Premium Dump SQL

 Source Server         : 192.168.154.129
 Source Server Type    : MySQL
 Source Server Version : 80027 (8.0.27)
 Source Host           : 192.168.154.129:3306
 Source Schema         : manager

 Target Server Type    : MySQL
 Target Server Version : 80027 (8.0.27)
 File Encoding         : 65001

 Date: 16/06/2024 18:39:51
*/

SET NAMES utf8mb4;
SET FOREIGN_KEY_CHECKS = 0;

-- ----------------------------
-- Table structure for classes
-- ----------------------------
DROP TABLE IF EXISTS `classes`;
CREATE TABLE `classes`  (
  `id` int NOT NULL AUTO_INCREMENT,
  `name` varchar(100) CHARACTER SET utf8mb4 COLLATE utf8mb4_unicode_ci NOT NULL,
  `teacher_id` int NOT NULL,
  `description` text CHARACTER SET utf8mb4 COLLATE utf8mb4_unicode_ci NULL,
  `create_time` timestamp NOT NULL DEFAULT CURRENT_TIMESTAMP,
  PRIMARY KEY (`id`) USING BTREE
) ENGINE = InnoDB AUTO_INCREMENT = 4 CHARACTER SET = utf8mb4 COLLATE = utf8mb4_unicode_ci ROW_FORMAT = Dynamic;

-- ----------------------------
-- Records of classes
-- ----------------------------
INSERT INTO `classes` VALUES (1, '计算机科学', 4, '计算机科学入门课程', '2024-05-14 00:00:00');
INSERT INTO `classes` VALUES (2, '数学分析', 2, '数学专业的基础课程', '2024-05-14 02:06:49');

-- ----------------------------
-- Table structure for courses
-- ----------------------------
DROP TABLE IF EXISTS `courses`;
CREATE TABLE `courses`  (
  `course_id` int NOT NULL AUTO_INCREMENT COMMENT '课程ID',
  `course_name` varchar(100) CHARACTER SET utf8mb4 COLLATE utf8mb4_unicode_ci NOT NULL,
  `description` text CHARACTER SET utf8mb4 COLLATE utf8mb4_unicode_ci NULL,
  `duration` int NULL DEFAULT NULL,
  `create_time` timestamp NOT NULL DEFAULT CURRENT_TIMESTAMP,
  PRIMARY KEY (`course_id`) USING BTREE
) ENGINE = InnoDB AUTO_INCREMENT = 14 CHARACTER SET = utf8mb4 COLLATE = utf8mb4_unicode_ci ROW_FORMAT = Dynamic;

-- ----------------------------
-- Records of courses
-- ----------------------------
INSERT INTO `courses` VALUES (1, '计算机科学导论', '计算机科学的入门课程2', 30, '2024-05-14 02:06:49');
INSERT INTO `courses` VALUES (2, '线性代数', '数学专业的基础课程', 452, '2024-05-14 02:06:49');
INSERT INTO `courses` VALUES (3, '计算机图形学', NULL, NULL, '2024-06-16 15:58:50');
INSERT INTO `courses` VALUES (7, '软件工程导论', '212', NULL, '2024-06-16 16:06:40');
INSERT INTO `courses` VALUES (9, '21', '212', NULL, '2024-06-16 16:40:53');
INSERT INTO `courses` VALUES (10, '212ghfdf', '212', NULL, '2024-06-16 16:42:04');
INSERT INTO `courses` VALUES (11, 'bbbb', 'bb', NULL, '2024-06-16 16:46:39');
INSERT INTO `courses` VALUES (12, 'vvv', 'vvv', NULL, '2024-06-16 16:46:54');

-- ----------------------------
-- Table structure for departments
-- ----------------------------
DROP TABLE IF EXISTS `departments`;
CREATE TABLE `departments`  (
  `id` int NOT NULL AUTO_INCREMENT,
  `name` varchar(100) CHARACTER SET utf8mb4 COLLATE utf8mb4_unicode_ci NOT NULL,
  `description` text CHARACTER SET utf8mb4 COLLATE utf8mb4_unicode_ci NULL,
  `created_at` timestamp NOT NULL DEFAULT CURRENT_TIMESTAMP,
  PRIMARY KEY (`id`) USING BTREE
) ENGINE = InnoDB AUTO_INCREMENT = 7 CHARACTER SET = utf8mb4 COLLATE = utf8mb4_unicode_ci ROW_FORMAT = Dynamic;

-- ----------------------------
-- Records of departments
-- ----------------------------
INSERT INTO `departments` VALUES (3, '计算机科学系', '专注于计算机科学的教学和研究', '2024-05-14 02:06:49');
INSERT INTO `departments` VALUES (4, '数学系', '提供数学专业的教学和科研', '2024-05-14 02:06:49');
INSERT INTO `departments` VALUES (5, '212', '1', '2024-06-15 20:30:31');
INSERT INTO `departments` VALUES (6, '部门1', NULL, '2024-06-16 16:30:10');

-- ----------------------------
-- Table structure for emp
-- ----------------------------
DROP TABLE IF EXISTS `emp`;
CREATE TABLE `emp`  (
  `id` int UNSIGNED NOT NULL AUTO_INCREMENT COMMENT 'ID',
  `username` varchar(20) CHARACTER SET utf8mb4 COLLATE utf8mb4_unicode_ci NOT NULL COMMENT '用户名',
  `password` varchar(32) CHARACTER SET utf8mb4 COLLATE utf8mb4_unicode_ci NULL DEFAULT '123456' COMMENT '密码',
  `name` varchar(10) CHARACTER SET utf8mb4 COLLATE utf8mb4_unicode_ci NOT NULL COMMENT '姓名',
  `gender` tinyint UNSIGNED NOT NULL COMMENT '性别, 说明: 1 男, 2 女',
  `image` varchar(300) CHARACTER SET utf8mb4 COLLATE utf8mb4_unicode_ci NULL DEFAULT NULL COMMENT '图像',
  `job` tinyint UNSIGNED NULL DEFAULT NULL COMMENT '职位, 说明: 1 班主任,2 讲师, 3 学工主管, 4 教研主管, 5 咨询师',
  `entrydate` date NULL DEFAULT NULL COMMENT '入职时间',
  `dept_id` int UNSIGNED NULL DEFAULT NULL COMMENT '部门ID',
  `create_time` timestamp NOT NULL COMMENT '创建时间',
  `update_time` timestamp NOT NULL COMMENT '修改时间',
  `user_id` int NULL DEFAULT NULL,
  PRIMARY KEY (`id`) USING BTREE,
  UNIQUE INDEX `username`(`username` ASC) USING BTREE
) ENGINE = InnoDB AUTO_INCREMENT = 20 CHARACTER SET = utf8mb4 COLLATE = utf8mb4_unicode_ci COMMENT = '员工表' ROW_FORMAT = Dynamic;

-- ----------------------------
-- Records of emp
-- ----------------------------
INSERT INTO `emp` VALUES (1, 'jinyong', '123456', '金庸', 1, '/profile/upload/2024/06/16/6月2日-封面_20240616020709A001.jpg', 4, '2000-01-01', 2, '2024-05-22 03:11:28', '2024-06-16 02:07:11', NULL);
INSERT INTO `emp` VALUES (2, 'zhangwuji', '123456', '张无忌', 1, '2.jpg', 2, '2015-01-01', 2, '2024-05-22 03:11:28', '2024-05-22 03:11:28', NULL);
INSERT INTO `emp` VALUES (3, 'yangxiao', '123456', '杨逍', 1, '3.jpg', 2, '2008-05-01', 2, '2024-05-22 03:11:28', '2024-05-22 03:11:28', NULL);
INSERT INTO `emp` VALUES (4, 'weiyixiao', '123456', '韦一笑', 1, '4.jpg', 2, '2007-01-01', 2, '2024-05-22 03:11:28', '2024-05-22 03:11:28', NULL);
INSERT INTO `emp` VALUES (5, 'changyuchun', '123456', '常遇春', 1, '5.jpg', 2, '2012-12-05', 2, '2024-05-22 03:11:28', '2024-05-22 03:11:28', NULL);
INSERT INTO `emp` VALUES (6, 'xiaozhao', '123456', '小昭', 2, '6.jpg', 3, '2013-09-05', 1, '2024-05-22 03:11:28', '2024-05-22 03:11:28', NULL);
INSERT INTO `emp` VALUES (7, 'jixiaofu', '123456', '纪晓芙', 2, '7.jpg', 1, '2005-08-01', 1, '2024-05-22 03:11:28', '2024-05-22 03:11:28', NULL);
INSERT INTO `emp` VALUES (8, 'zhouzhiruo', '123456', '周芷若', 2, '8.jpg', 1, '2014-11-09', 1, '2024-05-22 03:11:28', '2024-05-22 03:11:28', NULL);
INSERT INTO `emp` VALUES (9, 'dingminjun', '123456', '丁敏君', 2, '9.jpg', 1, '2011-03-11', 1, '2024-05-22 03:11:28', '2024-05-22 03:11:28', NULL);
INSERT INTO `emp` VALUES (10, 'zhaomin', '123456', '赵敏', 2, '10.jpg', 1, '2013-09-05', 1, '2024-05-22 03:11:28', '2024-05-22 03:11:28', NULL);
INSERT INTO `emp` VALUES (11, 'luzhangke', '123456', '鹿杖客', 1, '11.jpg', 5, '2007-02-01', 3, '2024-05-22 03:11:28', '2024-05-22 03:11:28', NULL);
INSERT INTO `emp` VALUES (12, 'hebiweng', '123456', '鹤笔翁', 1, '12.jpg', 5, '2008-08-18', 3, '2024-05-22 03:11:28', '2024-05-22 03:11:28', NULL);
INSERT INTO `emp` VALUES (13, 'fangdongbai', '123456', '方东白', 1, '13.jpg', 5, '2012-11-01', 3, '2024-05-22 03:11:28', '2024-05-22 03:11:28', NULL);
INSERT INTO `emp` VALUES (14, 'zhangsanfeng', '123456', '张三丰', 1, '14.jpg', 2, '2002-08-01', 2, '2024-05-22 03:11:28', '2024-05-22 03:11:28', NULL);
INSERT INTO `emp` VALUES (15, 'yulianzhou', '123456', '俞莲舟', 1, '15.jpg', 2, '2011-05-01', 2, '2024-05-22 03:11:28', '2024-05-22 03:11:28', NULL);
INSERT INTO `emp` VALUES (16, 'songyuanqiao', '123456', '宋远桥', 1, '16.jpg', 2, '2007-01-01', 2, '2024-05-22 03:11:28', '2024-05-22 03:11:28', NULL);
INSERT INTO `emp` VALUES (17, 'chenyouliang', '123456', '陈友谅', 1, '17.jpg', NULL, '2015-03-21', NULL, '2024-05-22 03:11:28', '2024-05-22 03:11:28', NULL);
INSERT INTO `emp` VALUES (18, '21', '212', '212', 2, NULL, 2, '2024-06-24', 212, '2024-06-16 01:58:22', '2024-06-16 01:58:22', NULL);
INSERT INTO `emp` VALUES (19, '212', '2121', '212', 1, '/profile/upload/2024/06/16/fbe961a6d9f946479ff2fb34cce8309a~noop_20240616021550A001.jpg,/profile/upload/2024/06/16/fbe961a6d9f946479ff2fb34cce8309a~noop_20240616022347A001.jpg', 3, '2024-06-25', 6, '2024-06-16 02:15:55', '2024-06-16 16:30:24', NULL);

-- ----------------------------
-- Table structure for employees
-- ----------------------------
DROP TABLE IF EXISTS `employees`;
CREATE TABLE `employees`  (
  `employee_id` int NOT NULL AUTO_INCREMENT,
  `first_name` varchar(50) CHARACTER SET utf8mb4 COLLATE utf8mb4_unicode_ci NOT NULL,
  `last_name` varchar(50) CHARACTER SET utf8mb4 COLLATE utf8mb4_unicode_ci NOT NULL,
  `email` varchar(100) CHARACTER SET utf8mb4 COLLATE utf8mb4_unicode_ci NOT NULL,
  `phone_number` varchar(20) CHARACTER SET utf8mb4 COLLATE utf8mb4_unicode_ci NULL DEFAULT NULL,
  `hire_date` date NULL DEFAULT NULL,
  `salary` decimal(10, 2) NULL DEFAULT NULL,
  PRIMARY KEY (`employee_id`) USING BTREE,
  UNIQUE INDEX `email`(`email` ASC) USING BTREE
) ENGINE = InnoDB AUTO_INCREMENT = 3 CHARACTER SET = utf8mb4 COLLATE = utf8mb4_unicode_ci ROW_FORMAT = Dynamic;

-- ----------------------------
-- Records of employees
-- ----------------------------
INSERT INTO `employees` VALUES (1, 'John', 'Doe', 'john.doe@example.com', '1234567890', '2023-01-01', 50000.00);
INSERT INTO `employees` VALUES (2, 'Jane', 'Smith', 'jane.smith@example.com', '0987654321', '2022-05-15', 60000.00);

-- ----------------------------
-- Table structure for gen_table
-- ----------------------------
DROP TABLE IF EXISTS `gen_table`;
CREATE TABLE `gen_table`  (
  `table_id` bigint NOT NULL AUTO_INCREMENT COMMENT '编号',
  `table_name` varchar(200) CHARACTER SET utf8mb4 COLLATE utf8mb4_unicode_ci NULL DEFAULT '' COMMENT '表名称',
  `table_comment` varchar(500) CHARACTER SET utf8mb4 COLLATE utf8mb4_unicode_ci NULL DEFAULT '' COMMENT '表描述',
  `sub_table_name` varchar(64) CHARACTER SET utf8mb4 COLLATE utf8mb4_unicode_ci NULL DEFAULT NULL COMMENT '关联子表的表名',
  `sub_table_fk_name` varchar(64) CHARACTER SET utf8mb4 COLLATE utf8mb4_unicode_ci NULL DEFAULT NULL COMMENT '子表关联的外键名',
  `class_name` varchar(100) CHARACTER SET utf8mb4 COLLATE utf8mb4_unicode_ci NULL DEFAULT '' COMMENT '实体类名称',
  `tpl_category` varchar(200) CHARACTER SET utf8mb4 COLLATE utf8mb4_unicode_ci NULL DEFAULT 'crud' COMMENT '使用的模板（crud单表操作 tree树表操作）',
  `tpl_web_type` varchar(30) CHARACTER SET utf8mb4 COLLATE utf8mb4_unicode_ci NULL DEFAULT '' COMMENT '前端模板类型（element-ui模版 element-plus模版）',
  `package_name` varchar(100) CHARACTER SET utf8mb4 COLLATE utf8mb4_unicode_ci NULL DEFAULT NULL COMMENT '生成包路径',
  `module_name` varchar(30) CHARACTER SET utf8mb4 COLLATE utf8mb4_unicode_ci NULL DEFAULT NULL COMMENT '生成模块名',
  `business_name` varchar(30) CHARACTER SET utf8mb4 COLLATE utf8mb4_unicode_ci NULL DEFAULT NULL COMMENT '生成业务名',
  `function_name` varchar(50) CHARACTER SET utf8mb4 COLLATE utf8mb4_unicode_ci NULL DEFAULT NULL COMMENT '生成功能名',
  `function_author` varchar(50) CHARACTER SET utf8mb4 COLLATE utf8mb4_unicode_ci NULL DEFAULT NULL COMMENT '生成功能作者',
  `gen_type` char(1) CHARACTER SET utf8mb4 COLLATE utf8mb4_unicode_ci NULL DEFAULT '0' COMMENT '生成代码方式（0zip压缩包 1自定义路径）',
  `gen_path` varchar(200) CHARACTER SET utf8mb4 COLLATE utf8mb4_unicode_ci NULL DEFAULT '/' COMMENT '生成路径（不填默认项目路径）',
  `options` varchar(1000) CHARACTER SET utf8mb4 COLLATE utf8mb4_unicode_ci NULL DEFAULT NULL COMMENT '其它生成选项',
  `create_by` varchar(64) CHARACTER SET utf8mb4 COLLATE utf8mb4_unicode_ci NULL DEFAULT '' COMMENT '创建者',
  `create_time` datetime NULL DEFAULT NULL COMMENT '创建时间',
  `update_by` varchar(64) CHARACTER SET utf8mb4 COLLATE utf8mb4_unicode_ci NULL DEFAULT '' COMMENT '更新者',
  `update_time` datetime NULL DEFAULT NULL COMMENT '更新时间',
  `remark` varchar(500) CHARACTER SET utf8mb4 COLLATE utf8mb4_unicode_ci NULL DEFAULT NULL COMMENT '备注',
  PRIMARY KEY (`table_id`) USING BTREE
) ENGINE = InnoDB AUTO_INCREMENT = 15 CHARACTER SET = utf8mb4 COLLATE = utf8mb4_unicode_ci COMMENT = '代码生成业务表' ROW_FORMAT = Dynamic;

-- ----------------------------
-- Records of gen_table
-- ----------------------------
INSERT INTO `gen_table` VALUES (2, 'classes', '班级', '', '', 'Classes', 'crud', 'element-ui', 'com.ruoyi.DepSysClasses', 'DepSysClasses', 'classes', '班级信息', 'ruoyi', '0', '/', '{\"parentMenuId\":\"2018\"}', 'admin', '2024-05-14 04:26:50', '', '2024-05-22 03:27:12', NULL);
INSERT INTO `gen_table` VALUES (4, 'courses', '课程表', NULL, NULL, 'Courses', 'crud', 'element-ui', 'com.ruoyi.DepSysCourses', 'DepSysCourses', 'courses', '课程表', 'ruoyi', '0', '/', '{\"parentMenuId\":2018}', 'admin', '2024-05-14 04:26:50', '', '2024-05-22 03:25:01', NULL);
INSERT INTO `gen_table` VALUES (5, 'departments', '部门信息', NULL, NULL, 'Departments', 'crud', 'element-ui', 'com.ruoyi.DepSysDepartments', 'DepSysDepartments', 'departments', '部门信息', 'ruoyi', '0', '/', '{\"parentMenuId\":2018}', 'admin', '2024-05-14 04:26:50', '', '2024-05-22 03:25:20', NULL);
INSERT INTO `gen_table` VALUES (8, 'users', '用户信息', NULL, NULL, 'Users', 'crud', 'element-ui', 'com.ruoyi.DepSysUsers', 'DepSysUsers', 'users', '用户信息', 'ruoyi', '0', '/', '{\"parentMenuId\":2018}', 'admin', '2024-05-14 04:26:50', '', '2024-05-22 03:26:14', NULL);
INSERT INTO `gen_table` VALUES (9, 'emp', '员工表', NULL, NULL, 'Emp', 'crud', 'element-ui', 'com.ruoyi.DepSysEmp', 'DepSysEmp', 'emp', '员工管理', 'ruoyi', '0', '/', '{\"parentMenuId\":2018}', 'admin', '2024-05-22 03:12:13', '', '2024-05-22 03:26:36', NULL);
INSERT INTO `gen_table` VALUES (10, 'course_schedules', '课程安排', NULL, NULL, 'CourseSchedules', 'crud', 'element-ui', 'com.ruoyi.DepSysSchedules', 'DepSysSchedules', 'DepSysSchedules', '课程安排', 'ruoyi', '0', '/', '{}', 'admin', '2024-05-22 04:53:15', '', '2024-05-22 05:03:04', NULL);
INSERT INTO `gen_table` VALUES (12, 'students', '学员', NULL, NULL, 'Students', 'crud', 'element-ui', 'com.ruoyi.DepSysStudents', 'DepSysStudents', 'DepSysStudents', '学员管理', 'ruoyi', '0', '/', '{}', 'admin', '2024-05-22 04:59:12', '', '2024-05-22 05:03:15', NULL);
INSERT INTO `gen_table` VALUES (13, 'employees', '员工统计信息', NULL, NULL, 'Employees', 'crud', 'element-ui', 'com.ruoyi.DepSysEmployees', 'DepSysEmployees', 'employees', '员工信息统计', 'ruoyi', '0', '/', '{}', 'admin', '2024-05-22 05:27:08', '', '2024-05-22 05:29:57', NULL);
INSERT INTO `gen_table` VALUES (14, 'stu', '学生信息统计', NULL, NULL, 'Stu', 'crud', 'element-ui', 'com.ruoyi.DepSysStu', 'DepSysStu', 'stu', '学生信息统计', 'ruoyi', '0', '/', '{}', 'admin', '2024-05-22 05:27:08', '', '2024-05-22 05:32:28', NULL);

-- ----------------------------
-- Table structure for gen_table_column
-- ----------------------------
DROP TABLE IF EXISTS `gen_table_column`;
CREATE TABLE `gen_table_column`  (
  `column_id` bigint NOT NULL AUTO_INCREMENT COMMENT '编号',
  `table_id` bigint NULL DEFAULT NULL COMMENT '归属表编号',
  `column_name` varchar(200) CHARACTER SET utf8mb4 COLLATE utf8mb4_unicode_ci NULL DEFAULT NULL COMMENT '列名称',
  `column_comment` varchar(500) CHARACTER SET utf8mb4 COLLATE utf8mb4_unicode_ci NULL DEFAULT NULL COMMENT '列描述',
  `column_type` varchar(100) CHARACTER SET utf8mb4 COLLATE utf8mb4_unicode_ci NULL DEFAULT NULL COMMENT '列类型',
  `java_type` varchar(500) CHARACTER SET utf8mb4 COLLATE utf8mb4_unicode_ci NULL DEFAULT NULL COMMENT 'JAVA类型',
  `java_field` varchar(200) CHARACTER SET utf8mb4 COLLATE utf8mb4_unicode_ci NULL DEFAULT NULL COMMENT 'JAVA字段名',
  `is_pk` char(1) CHARACTER SET utf8mb4 COLLATE utf8mb4_unicode_ci NULL DEFAULT NULL COMMENT '是否主键（1是）',
  `is_increment` char(1) CHARACTER SET utf8mb4 COLLATE utf8mb4_unicode_ci NULL DEFAULT NULL COMMENT '是否自增（1是）',
  `is_required` char(1) CHARACTER SET utf8mb4 COLLATE utf8mb4_unicode_ci NULL DEFAULT NULL COMMENT '是否必填（1是）',
  `is_insert` char(1) CHARACTER SET utf8mb4 COLLATE utf8mb4_unicode_ci NULL DEFAULT NULL COMMENT '是否为插入字段（1是）',
  `is_edit` char(1) CHARACTER SET utf8mb4 COLLATE utf8mb4_unicode_ci NULL DEFAULT NULL COMMENT '是否编辑字段（1是）',
  `is_list` char(1) CHARACTER SET utf8mb4 COLLATE utf8mb4_unicode_ci NULL DEFAULT NULL COMMENT '是否列表字段（1是）',
  `is_query` char(1) CHARACTER SET utf8mb4 COLLATE utf8mb4_unicode_ci NULL DEFAULT NULL COMMENT '是否查询字段（1是）',
  `query_type` varchar(200) CHARACTER SET utf8mb4 COLLATE utf8mb4_unicode_ci NULL DEFAULT 'EQ' COMMENT '查询方式（等于、不等于、大于、小于、范围）',
  `html_type` varchar(200) CHARACTER SET utf8mb4 COLLATE utf8mb4_unicode_ci NULL DEFAULT NULL COMMENT '显示类型（文本框、文本域、下拉框、复选框、单选框、日期控件）',
  `dict_type` varchar(200) CHARACTER SET utf8mb4 COLLATE utf8mb4_unicode_ci NULL DEFAULT '' COMMENT '字典类型',
  `sort` int NULL DEFAULT NULL COMMENT '排序',
  `create_by` varchar(64) CHARACTER SET utf8mb4 COLLATE utf8mb4_unicode_ci NULL DEFAULT '' COMMENT '创建者',
  `create_time` datetime NULL DEFAULT NULL COMMENT '创建时间',
  `update_by` varchar(64) CHARACTER SET utf8mb4 COLLATE utf8mb4_unicode_ci NULL DEFAULT '' COMMENT '更新者',
  `update_time` datetime NULL DEFAULT NULL COMMENT '更新时间',
  PRIMARY KEY (`column_id`) USING BTREE
) ENGINE = InnoDB AUTO_INCREMENT = 92 CHARACTER SET = utf8mb4 COLLATE = utf8mb4_unicode_ci COMMENT = '代码生成业务表字段' ROW_FORMAT = Dynamic;

-- ----------------------------
-- Records of gen_table_column
-- ----------------------------
INSERT INTO `gen_table_column` VALUES (15, 2, 'id', '班级id', 'int(11)', 'Long', 'id', '1', '1', '0', '1', NULL, NULL, NULL, 'EQ', 'input', '', 1, 'admin', '2024-05-14 04:26:50', '', '2024-05-22 03:27:12');
INSERT INTO `gen_table_column` VALUES (16, 2, 'name', '名称', 'varchar(100)', 'String', 'name', '0', '0', '1', '1', '1', '1', '1', 'LIKE', 'input', '', 2, 'admin', '2024-05-14 04:26:50', '', '2024-05-22 03:27:12');
INSERT INTO `gen_table_column` VALUES (17, 2, 'teacher_id', '老师id', 'int(11)', 'Long', 'teacherId', '0', '0', '1', '1', '1', '1', '1', 'EQ', 'input', '', 3, 'admin', '2024-05-14 04:26:50', '', '2024-05-22 03:27:12');
INSERT INTO `gen_table_column` VALUES (18, 2, 'description', '描述', 'text', 'String', 'description', '0', '0', '0', '1', '1', '1', '1', 'EQ', 'textarea', '', 4, 'admin', '2024-05-14 04:26:50', '', '2024-05-22 03:27:12');
INSERT INTO `gen_table_column` VALUES (19, 2, 'created_at', '创建时间', 'timestamp', 'Date', 'createdAt', '0', '0', '1', '1', '1', '1', '1', 'EQ', 'datetime', '', 5, 'admin', '2024-05-14 04:26:50', '', '2024-05-22 03:27:12');
INSERT INTO `gen_table_column` VALUES (26, 4, 'id', '课程id', 'int(11)', 'Long', 'id', '1', '1', '0', '1', NULL, NULL, NULL, 'EQ', 'input', '', 1, 'admin', '2024-05-14 04:26:50', '', '2024-05-22 03:25:01');
INSERT INTO `gen_table_column` VALUES (27, 4, 'name', '课程名称', 'varchar(100)', 'String', 'name', '0', '0', '1', '1', '1', '1', '1', 'LIKE', 'input', '', 2, 'admin', '2024-05-14 04:26:50', '', '2024-05-22 03:25:01');
INSERT INTO `gen_table_column` VALUES (28, 4, 'description', '描述', 'text', 'String', 'description', '0', '0', '0', '1', '1', '1', '1', 'EQ', 'textarea', '', 3, 'admin', '2024-05-14 04:26:50', '', '2024-05-22 03:25:01');
INSERT INTO `gen_table_column` VALUES (29, 4, 'duration', '时间', 'int(11)', 'Long', 'duration', '0', '0', '0', '1', '1', '1', '1', 'EQ', 'input', '', 4, 'admin', '2024-05-14 04:26:50', '', '2024-05-22 03:25:01');
INSERT INTO `gen_table_column` VALUES (30, 4, 'created_at', '创建时间', 'timestamp', 'Date', 'createdAt', '0', '0', '1', '1', '1', '1', '1', 'EQ', 'datetime', '', 5, 'admin', '2024-05-14 04:26:50', '', '2024-05-22 03:25:01');
INSERT INTO `gen_table_column` VALUES (31, 5, 'id', '部门id', 'int(11)', 'Long', 'id', '1', '1', '0', '1', NULL, NULL, NULL, 'EQ', 'input', '', 1, 'admin', '2024-05-14 04:26:50', '', '2024-05-22 03:25:20');
INSERT INTO `gen_table_column` VALUES (32, 5, 'name', '部门名称', 'varchar(100)', 'String', 'name', '0', '0', '1', '1', '1', '1', '1', 'LIKE', 'input', '', 2, 'admin', '2024-05-14 04:26:50', '', '2024-05-22 03:25:20');
INSERT INTO `gen_table_column` VALUES (33, 5, 'description', '描述', 'text', 'String', 'description', '0', '0', '0', '1', '1', '1', '1', 'EQ', 'textarea', '', 3, 'admin', '2024-05-14 04:26:50', '', '2024-05-22 03:25:20');
INSERT INTO `gen_table_column` VALUES (34, 5, 'created_at', '创建时间', 'timestamp', 'Date', 'createdAt', '0', '0', '1', '1', '1', '1', '1', 'EQ', 'datetime', '', 4, 'admin', '2024-05-14 04:26:50', '', '2024-05-22 03:25:20');
INSERT INTO `gen_table_column` VALUES (47, 8, 'id', '用户id', 'int(11)', 'Long', 'id', '1', '1', '0', '1', NULL, NULL, NULL, 'EQ', 'input', '', 1, 'admin', '2024-05-14 04:26:50', '', '2024-05-22 03:26:14');
INSERT INTO `gen_table_column` VALUES (48, 8, 'username', '用户名', 'varchar(50)', 'String', 'username', '0', '0', '1', '1', '1', '1', '1', 'LIKE', 'input', '', 2, 'admin', '2024-05-14 04:26:50', '', '2024-05-22 03:26:14');
INSERT INTO `gen_table_column` VALUES (49, 8, 'password', '密码', 'varchar(255)', 'String', 'password', '0', '0', '1', '1', '1', '1', '1', 'EQ', 'input', '', 3, 'admin', '2024-05-14 04:26:50', '', '2024-05-22 03:26:14');
INSERT INTO `gen_table_column` VALUES (50, 8, 'role', '角色', 'enum(\'admin\',\'teacher\',\'student\')', 'String', 'role', '0', '0', '1', '1', '1', '1', '1', 'EQ', NULL, '', 4, 'admin', '2024-05-14 04:26:50', '', '2024-05-22 03:26:14');
INSERT INTO `gen_table_column` VALUES (51, 8, 'token', NULL, 'varchar(255)', 'String', 'token', '0', '0', '0', '1', '1', '1', '1', 'EQ', 'input', '', 5, 'admin', '2024-05-14 04:26:50', '', '2024-05-22 03:26:14');
INSERT INTO `gen_table_column` VALUES (52, 8, 'created_at', '创建时间', 'timestamp', 'Date', 'createdAt', '0', '0', '1', '1', '1', '1', '1', 'EQ', 'datetime', '', 6, 'admin', '2024-05-14 04:26:50', '', '2024-05-22 03:26:14');
INSERT INTO `gen_table_column` VALUES (53, 9, 'id', 'ID', 'int(10) unsigned', 'Integer', 'id', '1', '1', '0', '1', NULL, NULL, NULL, 'EQ', 'input', '', 1, 'admin', '2024-05-22 03:12:13', '', '2024-05-22 03:26:36');
INSERT INTO `gen_table_column` VALUES (54, 9, 'username', '用户名', 'varchar(20)', 'String', 'username', '0', '0', '1', '1', '1', '1', '1', 'LIKE', 'input', '', 2, 'admin', '2024-05-22 03:12:13', '', '2024-05-22 03:26:36');
INSERT INTO `gen_table_column` VALUES (55, 9, 'password', '密码', 'varchar(32)', 'String', 'password', '0', '0', '0', '1', '1', '1', '1', 'EQ', 'input', '', 3, 'admin', '2024-05-22 03:12:13', '', '2024-05-22 03:26:36');
INSERT INTO `gen_table_column` VALUES (56, 9, 'name', '姓名', 'varchar(10)', 'String', 'name', '0', '0', '1', '1', '1', '1', '1', 'LIKE', 'input', '', 4, 'admin', '2024-05-22 03:12:13', '', '2024-05-22 03:26:36');
INSERT INTO `gen_table_column` VALUES (57, 9, 'gender', '性别, 说明: 1 男, 2 女', 'tinyint(3) unsigned', 'Integer', 'gender', '0', '0', '1', '1', '1', '1', '1', 'EQ', 'input', '', 5, 'admin', '2024-05-22 03:12:13', '', '2024-05-22 03:26:36');
INSERT INTO `gen_table_column` VALUES (58, 9, 'image', '图像', 'varchar(300)', 'String', 'image', '0', '0', '0', '1', '1', '1', '1', 'EQ', 'imageUpload', '', 6, 'admin', '2024-05-22 03:12:13', '', '2024-05-22 03:26:36');
INSERT INTO `gen_table_column` VALUES (59, 9, 'job', '职位, 说明: 1 班主任,2 讲师, 3 学工主管, 4 教研主管, 5 咨询师', 'tinyint(3) unsigned', 'Integer', 'job', '0', '0', '0', '1', '1', '1', '1', 'EQ', 'input', '', 7, 'admin', '2024-05-22 03:12:13', '', '2024-05-22 03:26:36');
INSERT INTO `gen_table_column` VALUES (60, 9, 'entrydate', '入职时间', 'date', 'Date', 'entrydate', '0', '0', '0', '1', '1', '1', '1', 'EQ', 'datetime', '', 8, 'admin', '2024-05-22 03:12:13', '', '2024-05-22 03:26:36');
INSERT INTO `gen_table_column` VALUES (61, 9, 'dept_id', '部门ID', 'int(10) unsigned', 'Integer', 'deptId', '0', '0', '0', '1', '1', '1', '1', 'EQ', 'input', '', 9, 'admin', '2024-05-22 03:12:13', '', '2024-05-22 03:26:36');
INSERT INTO `gen_table_column` VALUES (62, 9, 'create_time', '创建时间', 'datetime', 'Date', 'createTime', '0', '0', '1', '1', NULL, NULL, NULL, 'EQ', 'datetime', '', 10, 'admin', '2024-05-22 03:12:13', '', '2024-05-22 03:26:36');
INSERT INTO `gen_table_column` VALUES (63, 9, 'update_time', '修改时间', 'datetime', 'Date', 'updateTime', '0', '0', '1', '1', '1', NULL, NULL, 'EQ', 'datetime', '', 11, 'admin', '2024-05-22 03:12:13', '', '2024-05-22 03:26:36');
INSERT INTO `gen_table_column` VALUES (64, 10, 'id', NULL, 'int(11)', 'Long', 'id', '1', '1', '0', '1', NULL, NULL, NULL, 'EQ', 'input', '', 1, 'admin', '2024-05-22 04:53:15', '', '2024-05-22 05:03:04');
INSERT INTO `gen_table_column` VALUES (65, 10, 'course_name', '课程名称', 'varchar(255)', 'String', 'courseName', '0', '0', '1', '1', '1', '1', '1', 'LIKE', 'input', '', 2, 'admin', '2024-05-22 04:53:15', '', '2024-05-22 05:03:04');
INSERT INTO `gen_table_column` VALUES (66, 10, 'class_name', '班级名称', 'varchar(255)', 'String', 'className', '0', '0', '1', '1', '1', '1', '1', 'LIKE', 'input', '', 3, 'admin', '2024-05-22 04:53:15', '', '2024-05-22 05:03:04');
INSERT INTO `gen_table_column` VALUES (67, 10, 'start_time', '开始时间', 'datetime', 'Date', 'startTime', '0', '0', '1', '1', '1', '1', '0', 'EQ', 'datetime', '', 4, 'admin', '2024-05-22 04:53:15', '', '2024-05-22 05:03:04');
INSERT INTO `gen_table_column` VALUES (68, 10, 'end_time', '结束时间', 'datetime', 'Date', 'endTime', '0', '0', '1', '1', '1', '1', '0', 'EQ', 'datetime', '', 5, 'admin', '2024-05-22 04:53:15', '', '2024-05-22 05:03:04');
INSERT INTO `gen_table_column` VALUES (69, 10, 'created_at', '创建时间', 'timestamp', 'Date', 'createdAt', '0', '0', '1', '1', '1', '1', '0', 'EQ', 'datetime', '', 6, 'admin', '2024-05-22 04:53:15', '', '2024-05-22 05:03:04');
INSERT INTO `gen_table_column` VALUES (74, 12, 'id', '学员', 'int(11)', 'Long', 'id', '1', '1', '0', '1', NULL, NULL, NULL, 'EQ', 'input', '', 1, 'admin', '2024-05-22 04:59:12', '', '2024-05-22 05:03:15');
INSERT INTO `gen_table_column` VALUES (75, 12, 'user_name', '用户名', 'varchar(255)', 'String', 'userName', '0', '0', '1', '1', '1', '1', '1', 'LIKE', 'input', '', 2, 'admin', '2024-05-22 04:59:12', '', '2024-05-22 05:03:15');
INSERT INTO `gen_table_column` VALUES (76, 12, 'class_name', '课程名称', 'varchar(255)', 'String', 'className', '0', '0', '0', '1', '1', '1', '1', 'LIKE', 'input', '', 3, 'admin', '2024-05-22 04:59:12', '', '2024-05-22 05:03:15');
INSERT INTO `gen_table_column` VALUES (77, 12, 'created_at', NULL, 'timestamp', 'Date', 'createdAt', '0', '0', '1', '1', '1', '1', '0', 'EQ', 'datetime', '', 4, 'admin', '2024-05-22 04:59:12', '', '2024-05-22 05:03:15');
INSERT INTO `gen_table_column` VALUES (78, 13, 'employee_id', NULL, 'int(11)', 'Long', 'employeeId', '1', '1', '0', '1', NULL, NULL, NULL, 'EQ', 'input', '', 1, 'admin', '2024-05-22 05:27:08', '', '2024-05-22 05:29:57');
INSERT INTO `gen_table_column` VALUES (79, 13, 'first_name', '员工的名字', 'varchar(50)', 'String', 'firstName', '0', '0', '1', '1', '1', '1', '1', 'LIKE', 'input', '', 2, 'admin', '2024-05-22 05:27:08', '', '2024-05-22 05:29:57');
INSERT INTO `gen_table_column` VALUES (80, 13, 'last_name', '员工的姓氏', 'varchar(50)', 'String', 'lastName', '0', '0', '1', '1', '1', '1', '1', 'LIKE', 'input', '', 3, 'admin', '2024-05-22 05:27:08', '', '2024-05-22 05:29:57');
INSERT INTO `gen_table_column` VALUES (81, 13, 'email', '邮箱', 'varchar(100)', 'String', 'email', '0', '0', '1', '1', '1', '1', '1', 'EQ', 'input', '', 4, 'admin', '2024-05-22 05:27:08', '', '2024-05-22 05:29:57');
INSERT INTO `gen_table_column` VALUES (82, 13, 'phone_number', '电话号码', 'varchar(20)', 'String', 'phoneNumber', '0', '0', '0', '1', '1', '1', '1', 'EQ', 'input', '', 5, 'admin', '2024-05-22 05:27:08', '', '2024-05-22 05:29:57');
INSERT INTO `gen_table_column` VALUES (83, 13, 'hire_date', '入职日期', 'date', 'Date', 'hireDate', '0', '0', '0', '1', '1', '1', '0', 'EQ', 'datetime', '', 6, 'admin', '2024-05-22 05:27:08', '', '2024-05-22 05:29:57');
INSERT INTO `gen_table_column` VALUES (84, 13, 'salary', '工资', 'decimal(10,2)', 'BigDecimal', 'salary', '0', '0', '0', '1', '1', '1', '1', 'EQ', 'input', '', 7, 'admin', '2024-05-22 05:27:08', '', '2024-05-22 05:29:57');
INSERT INTO `gen_table_column` VALUES (85, 14, 'student_id', NULL, 'int(11)', 'Long', 'studentId', '1', '1', '0', '1', NULL, NULL, NULL, 'EQ', 'input', '', 1, 'admin', '2024-05-22 05:27:08', '', '2024-05-22 05:32:28');
INSERT INTO `gen_table_column` VALUES (86, 14, 'first_name', '学员名字', 'varchar(50)', 'String', 'firstName', '0', '0', '1', '1', '1', '1', '1', 'LIKE', 'input', '', 2, 'admin', '2024-05-22 05:27:08', '', '2024-05-22 05:32:28');
INSERT INTO `gen_table_column` VALUES (87, 14, 'last_name', '学员姓氏', 'varchar(50)', 'String', 'lastName', '0', '0', '1', '1', '1', '1', '1', 'LIKE', 'input', '', 3, 'admin', '2024-05-22 05:27:08', '', '2024-05-22 05:32:28');
INSERT INTO `gen_table_column` VALUES (88, 14, 'email', '邮箱', 'varchar(100)', 'String', 'email', '0', '0', '1', '1', '1', '1', '1', 'EQ', 'input', '', 4, 'admin', '2024-05-22 05:27:08', '', '2024-05-22 05:32:28');
INSERT INTO `gen_table_column` VALUES (89, 14, 'phone_number', '手机号码', 'varchar(20)', 'String', 'phoneNumber', '0', '0', '0', '1', '1', '1', '1', 'EQ', 'input', '', 5, 'admin', '2024-05-22 05:27:08', '', '2024-05-22 05:32:28');
INSERT INTO `gen_table_column` VALUES (90, 14, 'enrollment_date', '入学日期', 'date', 'Date', 'enrollmentDate', '0', '0', '0', '1', '1', '1', '1', 'EQ', 'datetime', '', 6, 'admin', '2024-05-22 05:27:08', '', '2024-05-22 05:32:28');
INSERT INTO `gen_table_column` VALUES (91, 14, 'course_name', '所报课程', 'varchar(100)', 'String', 'courseName', '0', '0', '0', '1', '1', '1', '1', 'LIKE', 'input', '', 7, 'admin', '2024-05-22 05:27:08', '', '2024-05-22 05:32:28');

-- ----------------------------
-- Table structure for qrtz_blob_triggers
-- ----------------------------
DROP TABLE IF EXISTS `qrtz_blob_triggers`;
CREATE TABLE `qrtz_blob_triggers`  (
  `sched_name` varchar(120) CHARACTER SET utf8mb4 COLLATE utf8mb4_unicode_ci NOT NULL COMMENT '调度名称',
  `trigger_name` varchar(200) CHARACTER SET utf8mb4 COLLATE utf8mb4_unicode_ci NOT NULL COMMENT 'qrtz_triggers表trigger_name的外键',
  `trigger_group` varchar(200) CHARACTER SET utf8mb4 COLLATE utf8mb4_unicode_ci NOT NULL COMMENT 'qrtz_triggers表trigger_group的外键',
  `blob_data` blob NULL COMMENT '存放持久化Trigger对象',
  PRIMARY KEY (`sched_name`, `trigger_name`, `trigger_group`) USING BTREE,
  CONSTRAINT `QRTZ_BLOB_TRIGGERS_ibfk_1` FOREIGN KEY (`sched_name`, `trigger_name`, `trigger_group`) REFERENCES `qrtz_triggers` (`sched_name`, `trigger_name`, `trigger_group`) ON DELETE RESTRICT ON UPDATE RESTRICT
) ENGINE = InnoDB CHARACTER SET = utf8mb4 COLLATE = utf8mb4_unicode_ci COMMENT = 'Blob类型的触发器表' ROW_FORMAT = Dynamic;

-- ----------------------------
-- Records of qrtz_blob_triggers
-- ----------------------------

-- ----------------------------
-- Table structure for qrtz_calendars
-- ----------------------------
DROP TABLE IF EXISTS `qrtz_calendars`;
CREATE TABLE `qrtz_calendars`  (
  `sched_name` varchar(120) CHARACTER SET utf8mb4 COLLATE utf8mb4_unicode_ci NOT NULL COMMENT '调度名称',
  `calendar_name` varchar(200) CHARACTER SET utf8mb4 COLLATE utf8mb4_unicode_ci NOT NULL COMMENT '日历名称',
  `calendar` blob NOT NULL COMMENT '存放持久化calendar对象',
  PRIMARY KEY (`sched_name`, `calendar_name`) USING BTREE
) ENGINE = InnoDB CHARACTER SET = utf8mb4 COLLATE = utf8mb4_unicode_ci COMMENT = '日历信息表' ROW_FORMAT = Dynamic;

-- ----------------------------
-- Records of qrtz_calendars
-- ----------------------------

-- ----------------------------
-- Table structure for qrtz_cron_triggers
-- ----------------------------
DROP TABLE IF EXISTS `qrtz_cron_triggers`;
CREATE TABLE `qrtz_cron_triggers`  (
  `sched_name` varchar(120) CHARACTER SET utf8mb4 COLLATE utf8mb4_unicode_ci NOT NULL COMMENT '调度名称',
  `trigger_name` varchar(200) CHARACTER SET utf8mb4 COLLATE utf8mb4_unicode_ci NOT NULL COMMENT 'qrtz_triggers表trigger_name的外键',
  `trigger_group` varchar(200) CHARACTER SET utf8mb4 COLLATE utf8mb4_unicode_ci NOT NULL COMMENT 'qrtz_triggers表trigger_group的外键',
  `cron_expression` varchar(200) CHARACTER SET utf8mb4 COLLATE utf8mb4_unicode_ci NOT NULL COMMENT 'cron表达式',
  `time_zone_id` varchar(80) CHARACTER SET utf8mb4 COLLATE utf8mb4_unicode_ci NULL DEFAULT NULL COMMENT '时区',
  PRIMARY KEY (`sched_name`, `trigger_name`, `trigger_group`) USING BTREE,
  CONSTRAINT `QRTZ_CRON_TRIGGERS_ibfk_1` FOREIGN KEY (`sched_name`, `trigger_name`, `trigger_group`) REFERENCES `qrtz_triggers` (`sched_name`, `trigger_name`, `trigger_group`) ON DELETE RESTRICT ON UPDATE RESTRICT
) ENGINE = InnoDB CHARACTER SET = utf8mb4 COLLATE = utf8mb4_unicode_ci COMMENT = 'Cron类型的触发器表' ROW_FORMAT = Dynamic;

-- ----------------------------
-- Records of qrtz_cron_triggers
-- ----------------------------

-- ----------------------------
-- Table structure for qrtz_fired_triggers
-- ----------------------------
DROP TABLE IF EXISTS `qrtz_fired_triggers`;
CREATE TABLE `qrtz_fired_triggers`  (
  `sched_name` varchar(120) CHARACTER SET utf8mb4 COLLATE utf8mb4_unicode_ci NOT NULL COMMENT '调度名称',
  `entry_id` varchar(95) CHARACTER SET utf8mb4 COLLATE utf8mb4_unicode_ci NOT NULL COMMENT '调度器实例id',
  `trigger_name` varchar(200) CHARACTER SET utf8mb4 COLLATE utf8mb4_unicode_ci NOT NULL COMMENT 'qrtz_triggers表trigger_name的外键',
  `trigger_group` varchar(200) CHARACTER SET utf8mb4 COLLATE utf8mb4_unicode_ci NOT NULL COMMENT 'qrtz_triggers表trigger_group的外键',
  `instance_name` varchar(200) CHARACTER SET utf8mb4 COLLATE utf8mb4_unicode_ci NOT NULL COMMENT '调度器实例名',
  `fired_time` bigint NOT NULL COMMENT '触发的时间',
  `sched_time` bigint NOT NULL COMMENT '定时器制定的时间',
  `priority` int NOT NULL COMMENT '优先级',
  `state` varchar(16) CHARACTER SET utf8mb4 COLLATE utf8mb4_unicode_ci NOT NULL COMMENT '状态',
  `job_name` varchar(200) CHARACTER SET utf8mb4 COLLATE utf8mb4_unicode_ci NULL DEFAULT NULL COMMENT '任务名称',
  `job_group` varchar(200) CHARACTER SET utf8mb4 COLLATE utf8mb4_unicode_ci NULL DEFAULT NULL COMMENT '任务组名',
  `is_nonconcurrent` varchar(1) CHARACTER SET utf8mb4 COLLATE utf8mb4_unicode_ci NULL DEFAULT NULL COMMENT '是否并发',
  `requests_recovery` varchar(1) CHARACTER SET utf8mb4 COLLATE utf8mb4_unicode_ci NULL DEFAULT NULL COMMENT '是否接受恢复执行',
  PRIMARY KEY (`sched_name`, `entry_id`) USING BTREE
) ENGINE = InnoDB CHARACTER SET = utf8mb4 COLLATE = utf8mb4_unicode_ci COMMENT = '已触发的触发器表' ROW_FORMAT = Dynamic;

-- ----------------------------
-- Records of qrtz_fired_triggers
-- ----------------------------

-- ----------------------------
-- Table structure for qrtz_job_details
-- ----------------------------
DROP TABLE IF EXISTS `qrtz_job_details`;
CREATE TABLE `qrtz_job_details`  (
  `sched_name` varchar(120) CHARACTER SET utf8mb4 COLLATE utf8mb4_unicode_ci NOT NULL COMMENT '调度名称',
  `job_name` varchar(200) CHARACTER SET utf8mb4 COLLATE utf8mb4_unicode_ci NOT NULL COMMENT '任务名称',
  `job_group` varchar(200) CHARACTER SET utf8mb4 COLLATE utf8mb4_unicode_ci NOT NULL COMMENT '任务组名',
  `description` varchar(250) CHARACTER SET utf8mb4 COLLATE utf8mb4_unicode_ci NULL DEFAULT NULL COMMENT '相关介绍',
  `job_class_name` varchar(250) CHARACTER SET utf8mb4 COLLATE utf8mb4_unicode_ci NOT NULL COMMENT '执行任务类名称',
  `is_durable` varchar(1) CHARACTER SET utf8mb4 COLLATE utf8mb4_unicode_ci NOT NULL COMMENT '是否持久化',
  `is_nonconcurrent` varchar(1) CHARACTER SET utf8mb4 COLLATE utf8mb4_unicode_ci NOT NULL COMMENT '是否并发',
  `is_update_data` varchar(1) CHARACTER SET utf8mb4 COLLATE utf8mb4_unicode_ci NOT NULL COMMENT '是否更新数据',
  `requests_recovery` varchar(1) CHARACTER SET utf8mb4 COLLATE utf8mb4_unicode_ci NOT NULL COMMENT '是否接受恢复执行',
  `job_data` blob NULL COMMENT '存放持久化job对象',
  PRIMARY KEY (`sched_name`, `job_name`, `job_group`) USING BTREE
) ENGINE = InnoDB CHARACTER SET = utf8mb4 COLLATE = utf8mb4_unicode_ci COMMENT = '任务详细信息表' ROW_FORMAT = Dynamic;

-- ----------------------------
-- Records of qrtz_job_details
-- ----------------------------

-- ----------------------------
-- Table structure for qrtz_locks
-- ----------------------------
DROP TABLE IF EXISTS `qrtz_locks`;
CREATE TABLE `qrtz_locks`  (
  `sched_name` varchar(120) CHARACTER SET utf8mb4 COLLATE utf8mb4_unicode_ci NOT NULL COMMENT '调度名称',
  `lock_name` varchar(40) CHARACTER SET utf8mb4 COLLATE utf8mb4_unicode_ci NOT NULL COMMENT '悲观锁名称',
  PRIMARY KEY (`sched_name`, `lock_name`) USING BTREE
) ENGINE = InnoDB CHARACTER SET = utf8mb4 COLLATE = utf8mb4_unicode_ci COMMENT = '存储的悲观锁信息表' ROW_FORMAT = Dynamic;

-- ----------------------------
-- Records of qrtz_locks
-- ----------------------------

-- ----------------------------
-- Table structure for qrtz_paused_trigger_grps
-- ----------------------------
DROP TABLE IF EXISTS `qrtz_paused_trigger_grps`;
CREATE TABLE `qrtz_paused_trigger_grps`  (
  `sched_name` varchar(120) CHARACTER SET utf8mb4 COLLATE utf8mb4_unicode_ci NOT NULL COMMENT '调度名称',
  `trigger_group` varchar(200) CHARACTER SET utf8mb4 COLLATE utf8mb4_unicode_ci NOT NULL COMMENT 'qrtz_triggers表trigger_group的外键',
  PRIMARY KEY (`sched_name`, `trigger_group`) USING BTREE
) ENGINE = InnoDB CHARACTER SET = utf8mb4 COLLATE = utf8mb4_unicode_ci COMMENT = '暂停的触发器表' ROW_FORMAT = Dynamic;

-- ----------------------------
-- Records of qrtz_paused_trigger_grps
-- ----------------------------

-- ----------------------------
-- Table structure for qrtz_scheduler_state
-- ----------------------------
DROP TABLE IF EXISTS `qrtz_scheduler_state`;
CREATE TABLE `qrtz_scheduler_state`  (
  `sched_name` varchar(120) CHARACTER SET utf8mb4 COLLATE utf8mb4_unicode_ci NOT NULL COMMENT '调度名称',
  `instance_name` varchar(200) CHARACTER SET utf8mb4 COLLATE utf8mb4_unicode_ci NOT NULL COMMENT '实例名称',
  `last_checkin_time` bigint NOT NULL COMMENT '上次检查时间',
  `checkin_interval` bigint NOT NULL COMMENT '检查间隔时间',
  PRIMARY KEY (`sched_name`, `instance_name`) USING BTREE
) ENGINE = InnoDB CHARACTER SET = utf8mb4 COLLATE = utf8mb4_unicode_ci COMMENT = '调度器状态表' ROW_FORMAT = Dynamic;

-- ----------------------------
-- Records of qrtz_scheduler_state
-- ----------------------------

-- ----------------------------
-- Table structure for qrtz_simple_triggers
-- ----------------------------
DROP TABLE IF EXISTS `qrtz_simple_triggers`;
CREATE TABLE `qrtz_simple_triggers`  (
  `sched_name` varchar(120) CHARACTER SET utf8mb4 COLLATE utf8mb4_unicode_ci NOT NULL COMMENT '调度名称',
  `trigger_name` varchar(200) CHARACTER SET utf8mb4 COLLATE utf8mb4_unicode_ci NOT NULL COMMENT 'qrtz_triggers表trigger_name的外键',
  `trigger_group` varchar(200) CHARACTER SET utf8mb4 COLLATE utf8mb4_unicode_ci NOT NULL COMMENT 'qrtz_triggers表trigger_group的外键',
  `repeat_count` bigint NOT NULL COMMENT '重复的次数统计',
  `repeat_interval` bigint NOT NULL COMMENT '重复的间隔时间',
  `times_triggered` bigint NOT NULL COMMENT '已经触发的次数',
  PRIMARY KEY (`sched_name`, `trigger_name`, `trigger_group`) USING BTREE,
  CONSTRAINT `QRTZ_SIMPLE_TRIGGERS_ibfk_1` FOREIGN KEY (`sched_name`, `trigger_name`, `trigger_group`) REFERENCES `qrtz_triggers` (`sched_name`, `trigger_name`, `trigger_group`) ON DELETE RESTRICT ON UPDATE RESTRICT
) ENGINE = InnoDB CHARACTER SET = utf8mb4 COLLATE = utf8mb4_unicode_ci COMMENT = '简单触发器的信息表' ROW_FORMAT = Dynamic;

-- ----------------------------
-- Records of qrtz_simple_triggers
-- ----------------------------

-- ----------------------------
-- Table structure for qrtz_simprop_triggers
-- ----------------------------
DROP TABLE IF EXISTS `qrtz_simprop_triggers`;
CREATE TABLE `qrtz_simprop_triggers`  (
  `sched_name` varchar(120) CHARACTER SET utf8mb4 COLLATE utf8mb4_unicode_ci NOT NULL COMMENT '调度名称',
  `trigger_name` varchar(200) CHARACTER SET utf8mb4 COLLATE utf8mb4_unicode_ci NOT NULL COMMENT 'qrtz_triggers表trigger_name的外键',
  `trigger_group` varchar(200) CHARACTER SET utf8mb4 COLLATE utf8mb4_unicode_ci NOT NULL COMMENT 'qrtz_triggers表trigger_group的外键',
  `str_prop_1` varchar(512) CHARACTER SET utf8mb4 COLLATE utf8mb4_unicode_ci NULL DEFAULT NULL COMMENT 'String类型的trigger的第一个参数',
  `str_prop_2` varchar(512) CHARACTER SET utf8mb4 COLLATE utf8mb4_unicode_ci NULL DEFAULT NULL COMMENT 'String类型的trigger的第二个参数',
  `str_prop_3` varchar(512) CHARACTER SET utf8mb4 COLLATE utf8mb4_unicode_ci NULL DEFAULT NULL COMMENT 'String类型的trigger的第三个参数',
  `int_prop_1` int NULL DEFAULT NULL COMMENT 'int类型的trigger的第一个参数',
  `int_prop_2` int NULL DEFAULT NULL COMMENT 'int类型的trigger的第二个参数',
  `long_prop_1` bigint NULL DEFAULT NULL COMMENT 'long类型的trigger的第一个参数',
  `long_prop_2` bigint NULL DEFAULT NULL COMMENT 'long类型的trigger的第二个参数',
  `dec_prop_1` decimal(13, 4) NULL DEFAULT NULL COMMENT 'decimal类型的trigger的第一个参数',
  `dec_prop_2` decimal(13, 4) NULL DEFAULT NULL COMMENT 'decimal类型的trigger的第二个参数',
  `bool_prop_1` varchar(1) CHARACTER SET utf8mb4 COLLATE utf8mb4_unicode_ci NULL DEFAULT NULL COMMENT 'Boolean类型的trigger的第一个参数',
  `bool_prop_2` varchar(1) CHARACTER SET utf8mb4 COLLATE utf8mb4_unicode_ci NULL DEFAULT NULL COMMENT 'Boolean类型的trigger的第二个参数',
  PRIMARY KEY (`sched_name`, `trigger_name`, `trigger_group`) USING BTREE,
  CONSTRAINT `QRTZ_SIMPROP_TRIGGERS_ibfk_1` FOREIGN KEY (`sched_name`, `trigger_name`, `trigger_group`) REFERENCES `qrtz_triggers` (`sched_name`, `trigger_name`, `trigger_group`) ON DELETE RESTRICT ON UPDATE RESTRICT
) ENGINE = InnoDB CHARACTER SET = utf8mb4 COLLATE = utf8mb4_unicode_ci COMMENT = '同步机制的行锁表' ROW_FORMAT = Dynamic;

-- ----------------------------
-- Records of qrtz_simprop_triggers
-- ----------------------------

-- ----------------------------
-- Table structure for qrtz_triggers
-- ----------------------------
DROP TABLE IF EXISTS `qrtz_triggers`;
CREATE TABLE `qrtz_triggers`  (
  `sched_name` varchar(120) CHARACTER SET utf8mb4 COLLATE utf8mb4_unicode_ci NOT NULL COMMENT '调度名称',
  `trigger_name` varchar(200) CHARACTER SET utf8mb4 COLLATE utf8mb4_unicode_ci NOT NULL COMMENT '触发器的名字',
  `trigger_group` varchar(200) CHARACTER SET utf8mb4 COLLATE utf8mb4_unicode_ci NOT NULL COMMENT '触发器所属组的名字',
  `job_name` varchar(200) CHARACTER SET utf8mb4 COLLATE utf8mb4_unicode_ci NOT NULL COMMENT 'qrtz_job_details表job_name的外键',
  `job_group` varchar(200) CHARACTER SET utf8mb4 COLLATE utf8mb4_unicode_ci NOT NULL COMMENT 'qrtz_job_details表job_group的外键',
  `description` varchar(250) CHARACTER SET utf8mb4 COLLATE utf8mb4_unicode_ci NULL DEFAULT NULL COMMENT '相关介绍',
  `next_fire_time` bigint NULL DEFAULT NULL COMMENT '上一次触发时间（毫秒）',
  `prev_fire_time` bigint NULL DEFAULT NULL COMMENT '下一次触发时间（默认为-1表示不触发）',
  `priority` int NULL DEFAULT NULL COMMENT '优先级',
  `trigger_state` varchar(16) CHARACTER SET utf8mb4 COLLATE utf8mb4_unicode_ci NOT NULL COMMENT '触发器状态',
  `trigger_type` varchar(8) CHARACTER SET utf8mb4 COLLATE utf8mb4_unicode_ci NOT NULL COMMENT '触发器的类型',
  `start_time` bigint NOT NULL COMMENT '开始时间',
  `end_time` bigint NULL DEFAULT NULL COMMENT '结束时间',
  `calendar_name` varchar(200) CHARACTER SET utf8mb4 COLLATE utf8mb4_unicode_ci NULL DEFAULT NULL COMMENT '日程表名称',
  `misfire_instr` smallint NULL DEFAULT NULL COMMENT '补偿执行的策略',
  `job_data` blob NULL COMMENT '存放持久化job对象',
  PRIMARY KEY (`sched_name`, `trigger_name`, `trigger_group`) USING BTREE,
  INDEX `sched_name`(`sched_name` ASC, `job_name` ASC, `job_group` ASC) USING BTREE,
  CONSTRAINT `QRTZ_TRIGGERS_ibfk_1` FOREIGN KEY (`sched_name`, `job_name`, `job_group`) REFERENCES `qrtz_job_details` (`sched_name`, `job_name`, `job_group`) ON DELETE RESTRICT ON UPDATE RESTRICT
) ENGINE = InnoDB CHARACTER SET = utf8mb4 COLLATE = utf8mb4_unicode_ci COMMENT = '触发器详细信息表' ROW_FORMAT = Dynamic;

-- ----------------------------
-- Records of qrtz_triggers
-- ----------------------------

-- ----------------------------
-- Table structure for schedules
-- ----------------------------
DROP TABLE IF EXISTS `schedules`;
CREATE TABLE `schedules`  (
  `schedule_id` int NOT NULL AUTO_INCREMENT COMMENT '课程安排id',
  `course_id` int NOT NULL,
  `start_time` datetime NOT NULL,
  `end_time` datetime NOT NULL,
  `create_time` timestamp NOT NULL DEFAULT CURRENT_TIMESTAMP,
  `emp_id` int NOT NULL,
  `status` int NULL DEFAULT 0,
  PRIMARY KEY (`schedule_id`) USING BTREE
) ENGINE = InnoDB AUTO_INCREMENT = 24 CHARACTER SET = utf8mb4 COLLATE = utf8mb4_unicode_ci ROW_FORMAT = Dynamic;

-- ----------------------------
-- Records of schedules
-- ----------------------------
INSERT INTO `schedules` VALUES (10, 2, '2024-06-03 00:00:00', '2024-06-05 00:00:00', '2024-06-16 12:03:17', 3, 1);
INSERT INTO `schedules` VALUES (11, 1, '2024-06-04 00:00:00', '2024-06-14 00:00:00', '2024-06-16 12:11:41', 15, 1);
INSERT INTO `schedules` VALUES (12, 2, '2024-06-16 00:00:00', '2024-06-18 00:00:00', '2024-06-16 13:56:16', 16, 0);
INSERT INTO `schedules` VALUES (13, 1, '2024-06-15 00:00:00', '2024-06-16 00:00:00', '2024-06-16 15:56:33', 14, 1);
INSERT INTO `schedules` VALUES (14, 3, '2024-06-11 00:00:00', '2024-06-15 00:00:00', '2024-06-16 16:02:28', 14, 1);
INSERT INTO `schedules` VALUES (15, 3, '2024-06-16 00:00:00', '2024-06-17 00:00:00', '2024-06-16 16:02:55', 5, 0);
INSERT INTO `schedules` VALUES (16, 7, '2024-06-06 00:00:00', '2024-06-07 00:00:00', '2024-06-16 16:08:02', 8, 1);
INSERT INTO `schedules` VALUES (17, 3, '2024-06-14 00:00:00', '2024-06-15 00:00:00', '2024-06-16 16:16:19', 3, 1);
INSERT INTO `schedules` VALUES (18, 7, '2024-06-16 00:00:00', '2024-06-17 00:00:00', '2024-06-16 16:22:14', 2, 0);
INSERT INTO `schedules` VALUES (19, 7, '2024-06-06 00:00:00', '2024-06-07 00:00:00', '2024-06-16 16:27:03', 4, 1);
INSERT INTO `schedules` VALUES (20, 11, '2024-05-28 00:00:00', '2024-06-20 00:00:00', '2024-06-16 16:46:48', 3, 0);
INSERT INTO `schedules` VALUES (21, 12, '2024-05-28 00:00:00', '2024-06-12 00:00:00', '2024-06-16 16:47:03', 2, 1);
INSERT INTO `schedules` VALUES (22, 7, '2024-06-14 00:00:00', '2024-06-17 00:00:00', '2024-06-16 18:10:17', 4, 0);
INSERT INTO `schedules` VALUES (23, 12, '2024-06-14 00:00:00', '2024-06-15 00:00:00', '2024-06-16 18:10:44', 2, 1);

-- ----------------------------
-- Table structure for stu
-- ----------------------------
DROP TABLE IF EXISTS `stu`;
CREATE TABLE `stu`  (
  `student_id` int NOT NULL AUTO_INCREMENT,
  `first_name` varchar(50) CHARACTER SET utf8mb4 COLLATE utf8mb4_unicode_ci NOT NULL,
  `last_name` varchar(50) CHARACTER SET utf8mb4 COLLATE utf8mb4_unicode_ci NOT NULL,
  `email` varchar(100) CHARACTER SET utf8mb4 COLLATE utf8mb4_unicode_ci NOT NULL,
  `phone_number` varchar(20) CHARACTER SET utf8mb4 COLLATE utf8mb4_unicode_ci NULL DEFAULT NULL,
  `enrollment_date` date NULL DEFAULT NULL,
  `course_name` varchar(100) CHARACTER SET utf8mb4 COLLATE utf8mb4_unicode_ci NULL DEFAULT NULL,
  PRIMARY KEY (`student_id`) USING BTREE,
  UNIQUE INDEX `email`(`email` ASC) USING BTREE
) ENGINE = InnoDB AUTO_INCREMENT = 3 CHARACTER SET = utf8mb4 COLLATE = utf8mb4_unicode_ci ROW_FORMAT = Dynamic;

-- ----------------------------
-- Records of stu
-- ----------------------------
INSERT INTO `stu` VALUES (1, 'Alice', 'Brown', 'alice.brown@example.com', '5551234567', '2023-02-14', 'Web Development');
INSERT INTO `stu` VALUES (2, 'Bob', 'Johnson', 'bob.johnson@example.com', '5557654321', '2023-03-01', 'Data Analysis');

-- ----------------------------
-- Table structure for students
-- ----------------------------
DROP TABLE IF EXISTS `students`;
CREATE TABLE `students`  (
  `student_id` int NOT NULL AUTO_INCREMENT,
  `student_name` varchar(255) CHARACTER SET utf8mb4 COLLATE utf8mb4_unicode_ci NOT NULL,
  `class_id` varchar(255) CHARACTER SET utf8mb4 COLLATE utf8mb4_unicode_ci NULL DEFAULT NULL,
  `create_time` timestamp NOT NULL DEFAULT CURRENT_TIMESTAMP,
  PRIMARY KEY (`student_id`) USING BTREE
) ENGINE = InnoDB AUTO_INCREMENT = 4 CHARACTER SET = utf8mb4 COLLATE = utf8mb4_unicode_ci ROW_FORMAT = Dynamic;

-- ----------------------------
-- Records of students
-- ----------------------------
INSERT INTO `students` VALUES (1, 'admin_user', '计算机科学101', '2024-05-14 02:06:49');
INSERT INTO `students` VALUES (3, '456', NULL, '2024-06-16 16:34:50');

-- ----------------------------
-- Table structure for students_course
-- ----------------------------
DROP TABLE IF EXISTS `students_course`;
CREATE TABLE `students_course`  (
  `students_course_id` int NOT NULL AUTO_INCREMENT,
  `student_id` int NULL DEFAULT NULL,
  `schedule_id` int NULL DEFAULT NULL,
  `score` int NULL DEFAULT NULL,
  `comment` varchar(255) CHARACTER SET utf8mb4 COLLATE utf8mb4_general_ci NULL DEFAULT NULL,
  `create_time` timestamp NULL DEFAULT (now()),
  `status` int NULL DEFAULT 0,
  PRIMARY KEY (`students_course_id`) USING BTREE
) ENGINE = InnoDB AUTO_INCREMENT = 21 CHARACTER SET = utf8mb4 COLLATE = utf8mb4_general_ci ROW_FORMAT = Dynamic;

-- ----------------------------
-- Records of students_course
-- ----------------------------
INSERT INTO `students_course` VALUES (9, NULL, 10, 5, '2121', '2024-06-16 12:37:56', 2);
INSERT INTO `students_course` VALUES (10, NULL, 11, 3, '2121', '2024-06-16 12:55:39', 2);
INSERT INTO `students_course` VALUES (12, NULL, 12, NULL, NULL, '2024-06-16 13:56:23', 0);
INSERT INTO `students_course` VALUES (14, NULL, 13, 5, '21212', '2024-06-16 15:56:55', 2);
INSERT INTO `students_course` VALUES (15, NULL, 15, NULL, NULL, '2024-06-16 16:03:02', 0);
INSERT INTO `students_course` VALUES (16, NULL, 17, NULL, NULL, '2024-06-16 16:16:33', 1);
INSERT INTO `students_course` VALUES (17, NULL, 18, NULL, NULL, '2024-06-16 16:22:26', 1);
INSERT INTO `students_course` VALUES (18, NULL, 19, 5, NULL, '2024-06-16 16:27:25', 2);
INSERT INTO `students_course` VALUES (20, NULL, 23, 5, '2我完全', '2024-06-16 18:10:50', 2);

-- ----------------------------
-- Table structure for sys_config
-- ----------------------------
DROP TABLE IF EXISTS `sys_config`;
CREATE TABLE `sys_config`  (
  `config_id` int NOT NULL AUTO_INCREMENT COMMENT '参数主键',
  `config_name` varchar(100) CHARACTER SET utf8mb4 COLLATE utf8mb4_unicode_ci NULL DEFAULT '' COMMENT '参数名称',
  `config_key` varchar(100) CHARACTER SET utf8mb4 COLLATE utf8mb4_unicode_ci NULL DEFAULT '' COMMENT '参数键名',
  `config_value` varchar(500) CHARACTER SET utf8mb4 COLLATE utf8mb4_unicode_ci NULL DEFAULT '' COMMENT '参数键值',
  `config_type` char(1) CHARACTER SET utf8mb4 COLLATE utf8mb4_unicode_ci NULL DEFAULT 'N' COMMENT '系统内置（Y是 N否）',
  `create_by` varchar(64) CHARACTER SET utf8mb4 COLLATE utf8mb4_unicode_ci NULL DEFAULT '' COMMENT '创建者',
  `create_time` datetime NULL DEFAULT NULL COMMENT '创建时间',
  `update_by` varchar(64) CHARACTER SET utf8mb4 COLLATE utf8mb4_unicode_ci NULL DEFAULT '' COMMENT '更新者',
  `update_time` datetime NULL DEFAULT NULL COMMENT '更新时间',
  `remark` varchar(500) CHARACTER SET utf8mb4 COLLATE utf8mb4_unicode_ci NULL DEFAULT NULL COMMENT '备注',
  PRIMARY KEY (`config_id`) USING BTREE
) ENGINE = InnoDB AUTO_INCREMENT = 7 CHARACTER SET = utf8mb4 COLLATE = utf8mb4_unicode_ci COMMENT = '参数配置表' ROW_FORMAT = Dynamic;

-- ----------------------------
-- Records of sys_config
-- ----------------------------
INSERT INTO `sys_config` VALUES (1, '主框架页-默认皮肤样式名称', 'sys.index.skinName', 'skin-blue', 'Y', 'admin', '2024-05-14 04:02:27', '', NULL, '蓝色 skin-blue、绿色 skin-green、紫色 skin-purple、红色 skin-red、黄色 skin-yellow');
INSERT INTO `sys_config` VALUES (2, '用户管理-账号初始密码', 'sys.user.initPassword', '123456', 'Y', 'admin', '2024-05-14 04:02:27', '', NULL, '初始化密码 123456');
INSERT INTO `sys_config` VALUES (3, '主框架页-侧边栏主题', 'sys.index.sideTheme', 'theme-dark', 'Y', 'admin', '2024-05-14 04:02:27', '', NULL, '深色主题theme-dark，浅色主题theme-light');
INSERT INTO `sys_config` VALUES (4, '账号自助-验证码开关', 'sys.account.captchaEnabled', 'true', 'Y', 'admin', '2024-05-14 04:02:27', '', NULL, '是否开启验证码功能（true开启，false关闭）');
INSERT INTO `sys_config` VALUES (5, '账号自助-是否开启用户注册功能', 'sys.account.registerUser', 'false', 'Y', 'admin', '2024-05-14 04:02:27', '', NULL, '是否开启注册用户功能（true开启，false关闭）');
INSERT INTO `sys_config` VALUES (6, '用户登录-黑名单列表', 'sys.login.blackIPList', '', 'Y', 'admin', '2024-05-14 04:02:27', '', NULL, '设置登录IP黑名单限制，多个匹配项以;分隔，支持匹配（*通配、网段）');

-- ----------------------------
-- Table structure for sys_dept
-- ----------------------------
DROP TABLE IF EXISTS `sys_dept`;
CREATE TABLE `sys_dept`  (
  `dept_id` bigint NOT NULL AUTO_INCREMENT COMMENT '部门id',
  `parent_id` bigint NULL DEFAULT 0 COMMENT '父部门id',
  `ancestors` varchar(50) CHARACTER SET utf8mb4 COLLATE utf8mb4_unicode_ci NULL DEFAULT '' COMMENT '祖级列表',
  `dept_name` varchar(30) CHARACTER SET utf8mb4 COLLATE utf8mb4_unicode_ci NULL DEFAULT '' COMMENT '部门名称',
  `order_num` int NULL DEFAULT 0 COMMENT '显示顺序',
  `leader` varchar(20) CHARACTER SET utf8mb4 COLLATE utf8mb4_unicode_ci NULL DEFAULT NULL COMMENT '负责人',
  `phone` varchar(11) CHARACTER SET utf8mb4 COLLATE utf8mb4_unicode_ci NULL DEFAULT NULL COMMENT '联系电话',
  `email` varchar(50) CHARACTER SET utf8mb4 COLLATE utf8mb4_unicode_ci NULL DEFAULT NULL COMMENT '邮箱',
  `status` char(1) CHARACTER SET utf8mb4 COLLATE utf8mb4_unicode_ci NULL DEFAULT '0' COMMENT '部门状态（0正常 1停用）',
  `del_flag` char(1) CHARACTER SET utf8mb4 COLLATE utf8mb4_unicode_ci NULL DEFAULT '0' COMMENT '删除标志（0代表存在 2代表删除）',
  `create_by` varchar(64) CHARACTER SET utf8mb4 COLLATE utf8mb4_unicode_ci NULL DEFAULT '' COMMENT '创建者',
  `create_time` datetime NULL DEFAULT NULL COMMENT '创建时间',
  `update_by` varchar(64) CHARACTER SET utf8mb4 COLLATE utf8mb4_unicode_ci NULL DEFAULT '' COMMENT '更新者',
  `update_time` datetime NULL DEFAULT NULL COMMENT '更新时间',
  PRIMARY KEY (`dept_id`) USING BTREE
) ENGINE = InnoDB AUTO_INCREMENT = 110 CHARACTER SET = utf8mb4 COLLATE = utf8mb4_unicode_ci COMMENT = '部门表' ROW_FORMAT = Dynamic;

-- ----------------------------
-- Records of sys_dept
-- ----------------------------
INSERT INTO `sys_dept` VALUES (100, 0, '0', '若依科技', 0, '若依', '15888888888', 'ry@qq.com', '0', '0', 'admin', '2024-05-14 04:02:26', '', NULL);
INSERT INTO `sys_dept` VALUES (101, 100, '0,100', '深圳总公司', 1, '若依', '15888888888', 'ry@qq.com', '0', '0', 'admin', '2024-05-14 04:02:26', '', NULL);
INSERT INTO `sys_dept` VALUES (102, 100, '0,100', '长沙分公司', 2, '若依', '15888888888', 'ry@qq.com', '0', '0', 'admin', '2024-05-14 04:02:26', '', NULL);
INSERT INTO `sys_dept` VALUES (103, 101, '0,100,101', '研发部门', 1, '若依', '15888888888', 'ry@qq.com', '0', '0', 'admin', '2024-05-14 04:02:26', '', NULL);
INSERT INTO `sys_dept` VALUES (104, 101, '0,100,101', '市场部门', 2, '若依', '15888888888', 'ry@qq.com', '0', '0', 'admin', '2024-05-14 04:02:26', '', NULL);
INSERT INTO `sys_dept` VALUES (105, 101, '0,100,101', '测试部门', 3, '若依', '15888888888', 'ry@qq.com', '0', '0', 'admin', '2024-05-14 04:02:26', '', NULL);
INSERT INTO `sys_dept` VALUES (106, 101, '0,100,101', '财务部门', 4, '若依', '15888888888', 'ry@qq.com', '0', '0', 'admin', '2024-05-14 04:02:26', '', NULL);
INSERT INTO `sys_dept` VALUES (107, 101, '0,100,101', '运维部门', 5, '若依', '15888888888', 'ry@qq.com', '0', '0', 'admin', '2024-05-14 04:02:26', '', NULL);
INSERT INTO `sys_dept` VALUES (108, 102, '0,100,102', '市场部门', 1, '若依', '15888888888', 'ry@qq.com', '0', '0', 'admin', '2024-05-14 04:02:26', '', NULL);
INSERT INTO `sys_dept` VALUES (109, 102, '0,100,102', '财务部门', 2, '若依', '15888888888', 'ry@qq.com', '0', '0', 'admin', '2024-05-14 04:02:26', '', NULL);

-- ----------------------------
-- Table structure for sys_dict_data
-- ----------------------------
DROP TABLE IF EXISTS `sys_dict_data`;
CREATE TABLE `sys_dict_data`  (
  `dict_code` bigint NOT NULL AUTO_INCREMENT COMMENT '字典编码',
  `dict_sort` int NULL DEFAULT 0 COMMENT '字典排序',
  `dict_label` varchar(100) CHARACTER SET utf8mb4 COLLATE utf8mb4_unicode_ci NULL DEFAULT '' COMMENT '字典标签',
  `dict_value` varchar(100) CHARACTER SET utf8mb4 COLLATE utf8mb4_unicode_ci NULL DEFAULT '' COMMENT '字典键值',
  `dict_type` varchar(100) CHARACTER SET utf8mb4 COLLATE utf8mb4_unicode_ci NULL DEFAULT '' COMMENT '字典类型',
  `css_class` varchar(100) CHARACTER SET utf8mb4 COLLATE utf8mb4_unicode_ci NULL DEFAULT NULL COMMENT '样式属性（其他样式扩展）',
  `list_class` varchar(100) CHARACTER SET utf8mb4 COLLATE utf8mb4_unicode_ci NULL DEFAULT NULL COMMENT '表格回显样式',
  `is_default` char(1) CHARACTER SET utf8mb4 COLLATE utf8mb4_unicode_ci NULL DEFAULT 'N' COMMENT '是否默认（Y是 N否）',
  `status` char(1) CHARACTER SET utf8mb4 COLLATE utf8mb4_unicode_ci NULL DEFAULT '0' COMMENT '状态（0正常 1停用）',
  `create_by` varchar(64) CHARACTER SET utf8mb4 COLLATE utf8mb4_unicode_ci NULL DEFAULT '' COMMENT '创建者',
  `create_time` datetime NULL DEFAULT NULL COMMENT '创建时间',
  `update_by` varchar(64) CHARACTER SET utf8mb4 COLLATE utf8mb4_unicode_ci NULL DEFAULT '' COMMENT '更新者',
  `update_time` datetime NULL DEFAULT NULL COMMENT '更新时间',
  `remark` varchar(500) CHARACTER SET utf8mb4 COLLATE utf8mb4_unicode_ci NULL DEFAULT NULL COMMENT '备注',
  PRIMARY KEY (`dict_code`) USING BTREE
) ENGINE = InnoDB AUTO_INCREMENT = 30 CHARACTER SET = utf8mb4 COLLATE = utf8mb4_unicode_ci COMMENT = '字典数据表' ROW_FORMAT = Dynamic;

-- ----------------------------
-- Records of sys_dict_data
-- ----------------------------
INSERT INTO `sys_dict_data` VALUES (1, 1, '男', '0', 'sys_user_sex', '', '', 'Y', '0', 'admin', '2024-05-14 04:02:27', '', NULL, '性别男');
INSERT INTO `sys_dict_data` VALUES (2, 2, '女', '1', 'sys_user_sex', '', '', 'N', '0', 'admin', '2024-05-14 04:02:27', '', NULL, '性别女');
INSERT INTO `sys_dict_data` VALUES (3, 3, '未知', '2', 'sys_user_sex', '', '', 'N', '0', 'admin', '2024-05-14 04:02:27', '', NULL, '性别未知');
INSERT INTO `sys_dict_data` VALUES (4, 1, '显示', '0', 'sys_show_hide', '', 'primary', 'Y', '0', 'admin', '2024-05-14 04:02:27', '', NULL, '显示菜单');
INSERT INTO `sys_dict_data` VALUES (5, 2, '隐藏', '1', 'sys_show_hide', '', 'danger', 'N', '0', 'admin', '2024-05-14 04:02:27', '', NULL, '隐藏菜单');
INSERT INTO `sys_dict_data` VALUES (6, 1, '正常', '0', 'sys_normal_disable', '', 'primary', 'Y', '0', 'admin', '2024-05-14 04:02:27', '', NULL, '正常状态');
INSERT INTO `sys_dict_data` VALUES (7, 2, '停用', '1', 'sys_normal_disable', '', 'danger', 'N', '0', 'admin', '2024-05-14 04:02:27', '', NULL, '停用状态');
INSERT INTO `sys_dict_data` VALUES (8, 1, '正常', '0', 'sys_job_status', '', 'primary', 'Y', '0', 'admin', '2024-05-14 04:02:27', '', NULL, '正常状态');
INSERT INTO `sys_dict_data` VALUES (9, 2, '暂停', '1', 'sys_job_status', '', 'danger', 'N', '0', 'admin', '2024-05-14 04:02:27', '', NULL, '停用状态');
INSERT INTO `sys_dict_data` VALUES (10, 1, '默认', 'DEFAULT', 'sys_job_group', '', '', 'Y', '0', 'admin', '2024-05-14 04:02:27', '', NULL, '默认分组');
INSERT INTO `sys_dict_data` VALUES (11, 2, '系统', 'SYSTEM', 'sys_job_group', '', '', 'N', '0', 'admin', '2024-05-14 04:02:27', '', NULL, '系统分组');
INSERT INTO `sys_dict_data` VALUES (12, 1, '是', 'Y', 'sys_yes_no', '', 'primary', 'Y', '0', 'admin', '2024-05-14 04:02:27', '', NULL, '系统默认是');
INSERT INTO `sys_dict_data` VALUES (13, 2, '否', 'N', 'sys_yes_no', '', 'danger', 'N', '0', 'admin', '2024-05-14 04:02:27', '', NULL, '系统默认否');
INSERT INTO `sys_dict_data` VALUES (14, 1, '通知', '1', 'sys_notice_type', '', 'warning', 'Y', '0', 'admin', '2024-05-14 04:02:27', '', NULL, '通知');
INSERT INTO `sys_dict_data` VALUES (15, 2, '公告', '2', 'sys_notice_type', '', 'success', 'N', '0', 'admin', '2024-05-14 04:02:27', '', NULL, '公告');
INSERT INTO `sys_dict_data` VALUES (16, 1, '正常', '0', 'sys_notice_status', '', 'primary', 'Y', '0', 'admin', '2024-05-14 04:02:27', '', NULL, '正常状态');
INSERT INTO `sys_dict_data` VALUES (17, 2, '关闭', '1', 'sys_notice_status', '', 'danger', 'N', '0', 'admin', '2024-05-14 04:02:27', '', NULL, '关闭状态');
INSERT INTO `sys_dict_data` VALUES (18, 99, '其他', '0', 'sys_oper_type', '', 'info', 'N', '0', 'admin', '2024-05-14 04:02:27', '', NULL, '其他操作');
INSERT INTO `sys_dict_data` VALUES (19, 1, '新增', '1', 'sys_oper_type', '', 'info', 'N', '0', 'admin', '2024-05-14 04:02:27', '', NULL, '新增操作');
INSERT INTO `sys_dict_data` VALUES (20, 2, '修改', '2', 'sys_oper_type', '', 'info', 'N', '0', 'admin', '2024-05-14 04:02:27', '', NULL, '修改操作');
INSERT INTO `sys_dict_data` VALUES (21, 3, '删除', '3', 'sys_oper_type', '', 'danger', 'N', '0', 'admin', '2024-05-14 04:02:27', '', NULL, '删除操作');
INSERT INTO `sys_dict_data` VALUES (22, 4, '授权', '4', 'sys_oper_type', '', 'primary', 'N', '0', 'admin', '2024-05-14 04:02:27', '', NULL, '授权操作');
INSERT INTO `sys_dict_data` VALUES (23, 5, '导出', '5', 'sys_oper_type', '', 'warning', 'N', '0', 'admin', '2024-05-14 04:02:27', '', NULL, '导出操作');
INSERT INTO `sys_dict_data` VALUES (24, 6, '导入', '6', 'sys_oper_type', '', 'warning', 'N', '0', 'admin', '2024-05-14 04:02:27', '', NULL, '导入操作');
INSERT INTO `sys_dict_data` VALUES (25, 7, '强退', '7', 'sys_oper_type', '', 'danger', 'N', '0', 'admin', '2024-05-14 04:02:27', '', NULL, '强退操作');
INSERT INTO `sys_dict_data` VALUES (26, 8, '生成代码', '8', 'sys_oper_type', '', 'warning', 'N', '0', 'admin', '2024-05-14 04:02:27', '', NULL, '生成操作');
INSERT INTO `sys_dict_data` VALUES (27, 9, '清空数据', '9', 'sys_oper_type', '', 'danger', 'N', '0', 'admin', '2024-05-14 04:02:27', '', NULL, '清空操作');
INSERT INTO `sys_dict_data` VALUES (28, 1, '成功', '0', 'sys_common_status', '', 'primary', 'N', '0', 'admin', '2024-05-14 04:02:27', '', NULL, '正常状态');
INSERT INTO `sys_dict_data` VALUES (29, 2, '失败', '1', 'sys_common_status', '', 'danger', 'N', '0', 'admin', '2024-05-14 04:02:27', '', NULL, '停用状态');

-- ----------------------------
-- Table structure for sys_dict_type
-- ----------------------------
DROP TABLE IF EXISTS `sys_dict_type`;
CREATE TABLE `sys_dict_type`  (
  `dict_id` bigint NOT NULL AUTO_INCREMENT COMMENT '字典主键',
  `dict_name` varchar(100) CHARACTER SET utf8mb4 COLLATE utf8mb4_unicode_ci NULL DEFAULT '' COMMENT '字典名称',
  `dict_type` varchar(100) CHARACTER SET utf8mb4 COLLATE utf8mb4_unicode_ci NULL DEFAULT '' COMMENT '字典类型',
  `status` char(1) CHARACTER SET utf8mb4 COLLATE utf8mb4_unicode_ci NULL DEFAULT '0' COMMENT '状态（0正常 1停用）',
  `create_by` varchar(64) CHARACTER SET utf8mb4 COLLATE utf8mb4_unicode_ci NULL DEFAULT '' COMMENT '创建者',
  `create_time` datetime NULL DEFAULT NULL COMMENT '创建时间',
  `update_by` varchar(64) CHARACTER SET utf8mb4 COLLATE utf8mb4_unicode_ci NULL DEFAULT '' COMMENT '更新者',
  `update_time` datetime NULL DEFAULT NULL COMMENT '更新时间',
  `remark` varchar(500) CHARACTER SET utf8mb4 COLLATE utf8mb4_unicode_ci NULL DEFAULT NULL COMMENT '备注',
  PRIMARY KEY (`dict_id`) USING BTREE,
  UNIQUE INDEX `dict_type`(`dict_type` ASC) USING BTREE
) ENGINE = InnoDB AUTO_INCREMENT = 11 CHARACTER SET = utf8mb4 COLLATE = utf8mb4_unicode_ci COMMENT = '字典类型表' ROW_FORMAT = Dynamic;

-- ----------------------------
-- Records of sys_dict_type
-- ----------------------------
INSERT INTO `sys_dict_type` VALUES (1, '用户性别', 'sys_user_sex', '0', 'admin', '2024-05-14 04:02:27', '', NULL, '用户性别列表');
INSERT INTO `sys_dict_type` VALUES (2, '菜单状态', 'sys_show_hide', '0', 'admin', '2024-05-14 04:02:27', '', NULL, '菜单状态列表');
INSERT INTO `sys_dict_type` VALUES (3, '系统开关', 'sys_normal_disable', '0', 'admin', '2024-05-14 04:02:27', '', NULL, '系统开关列表');
INSERT INTO `sys_dict_type` VALUES (4, '任务状态', 'sys_job_status', '0', 'admin', '2024-05-14 04:02:27', '', NULL, '任务状态列表');
INSERT INTO `sys_dict_type` VALUES (5, '任务分组', 'sys_job_group', '0', 'admin', '2024-05-14 04:02:27', '', NULL, '任务分组列表');
INSERT INTO `sys_dict_type` VALUES (6, '系统是否', 'sys_yes_no', '0', 'admin', '2024-05-14 04:02:27', '', NULL, '系统是否列表');
INSERT INTO `sys_dict_type` VALUES (7, '通知类型', 'sys_notice_type', '0', 'admin', '2024-05-14 04:02:27', '', NULL, '通知类型列表');
INSERT INTO `sys_dict_type` VALUES (8, '通知状态', 'sys_notice_status', '0', 'admin', '2024-05-14 04:02:27', '', NULL, '通知状态列表');
INSERT INTO `sys_dict_type` VALUES (9, '操作类型', 'sys_oper_type', '0', 'admin', '2024-05-14 04:02:27', '', NULL, '操作类型列表');
INSERT INTO `sys_dict_type` VALUES (10, '系统状态', 'sys_common_status', '0', 'admin', '2024-05-14 04:02:27', '', NULL, '登录状态列表');

-- ----------------------------
-- Table structure for sys_job
-- ----------------------------
DROP TABLE IF EXISTS `sys_job`;
CREATE TABLE `sys_job`  (
  `job_id` bigint NOT NULL AUTO_INCREMENT COMMENT '任务ID',
  `job_name` varchar(64) CHARACTER SET utf8mb4 COLLATE utf8mb4_unicode_ci NOT NULL DEFAULT '' COMMENT '任务名称',
  `job_group` varchar(64) CHARACTER SET utf8mb4 COLLATE utf8mb4_unicode_ci NOT NULL DEFAULT 'DEFAULT' COMMENT '任务组名',
  `invoke_target` varchar(500) CHARACTER SET utf8mb4 COLLATE utf8mb4_unicode_ci NOT NULL COMMENT '调用目标字符串',
  `cron_expression` varchar(255) CHARACTER SET utf8mb4 COLLATE utf8mb4_unicode_ci NULL DEFAULT '' COMMENT 'cron执行表达式',
  `misfire_policy` varchar(20) CHARACTER SET utf8mb4 COLLATE utf8mb4_unicode_ci NULL DEFAULT '3' COMMENT '计划执行错误策略（1立即执行 2执行一次 3放弃执行）',
  `concurrent` char(1) CHARACTER SET utf8mb4 COLLATE utf8mb4_unicode_ci NULL DEFAULT '1' COMMENT '是否并发执行（0允许 1禁止）',
  `status` char(1) CHARACTER SET utf8mb4 COLLATE utf8mb4_unicode_ci NULL DEFAULT '0' COMMENT '状态（0正常 1暂停）',
  `create_by` varchar(64) CHARACTER SET utf8mb4 COLLATE utf8mb4_unicode_ci NULL DEFAULT '' COMMENT '创建者',
  `create_time` datetime NULL DEFAULT NULL COMMENT '创建时间',
  `update_by` varchar(64) CHARACTER SET utf8mb4 COLLATE utf8mb4_unicode_ci NULL DEFAULT '' COMMENT '更新者',
  `update_time` datetime NULL DEFAULT NULL COMMENT '更新时间',
  `remark` varchar(500) CHARACTER SET utf8mb4 COLLATE utf8mb4_unicode_ci NULL DEFAULT '' COMMENT '备注信息',
  PRIMARY KEY (`job_id`, `job_name`, `job_group`) USING BTREE
) ENGINE = InnoDB AUTO_INCREMENT = 4 CHARACTER SET = utf8mb4 COLLATE = utf8mb4_unicode_ci COMMENT = '定时任务调度表' ROW_FORMAT = Dynamic;

-- ----------------------------
-- Records of sys_job
-- ----------------------------
INSERT INTO `sys_job` VALUES (1, '系统默认（无参）', 'DEFAULT', 'ryTask.ryNoParams', '0/10 * * * * ?', '3', '1', '1', 'admin', '2024-05-14 04:02:27', '', NULL, '');
INSERT INTO `sys_job` VALUES (2, '系统默认（有参）', 'DEFAULT', 'ryTask.ryParams(\'ry\')', '0/15 * * * * ?', '3', '1', '1', 'admin', '2024-05-14 04:02:27', '', NULL, '');
INSERT INTO `sys_job` VALUES (3, '系统默认（多参）', 'DEFAULT', 'ryTask.ryMultipleParams(\'ry\', true, 2000L, 316.50D, 100)', '0/20 * * * * ?', '3', '1', '1', 'admin', '2024-05-14 04:02:27', '', NULL, '');

-- ----------------------------
-- Table structure for sys_job_log
-- ----------------------------
DROP TABLE IF EXISTS `sys_job_log`;
CREATE TABLE `sys_job_log`  (
  `job_log_id` bigint NOT NULL AUTO_INCREMENT COMMENT '任务日志ID',
  `job_name` varchar(64) CHARACTER SET utf8mb4 COLLATE utf8mb4_unicode_ci NOT NULL COMMENT '任务名称',
  `job_group` varchar(64) CHARACTER SET utf8mb4 COLLATE utf8mb4_unicode_ci NOT NULL COMMENT '任务组名',
  `invoke_target` varchar(500) CHARACTER SET utf8mb4 COLLATE utf8mb4_unicode_ci NOT NULL COMMENT '调用目标字符串',
  `job_message` varchar(500) CHARACTER SET utf8mb4 COLLATE utf8mb4_unicode_ci NULL DEFAULT NULL COMMENT '日志信息',
  `status` char(1) CHARACTER SET utf8mb4 COLLATE utf8mb4_unicode_ci NULL DEFAULT '0' COMMENT '执行状态（0正常 1失败）',
  `exception_info` varchar(2000) CHARACTER SET utf8mb4 COLLATE utf8mb4_unicode_ci NULL DEFAULT '' COMMENT '异常信息',
  `create_time` datetime NULL DEFAULT NULL COMMENT '创建时间',
  PRIMARY KEY (`job_log_id`) USING BTREE
) ENGINE = InnoDB CHARACTER SET = utf8mb4 COLLATE = utf8mb4_unicode_ci COMMENT = '定时任务调度日志表' ROW_FORMAT = Dynamic;

-- ----------------------------
-- Records of sys_job_log
-- ----------------------------

-- ----------------------------
-- Table structure for sys_logininfor
-- ----------------------------
DROP TABLE IF EXISTS `sys_logininfor`;
CREATE TABLE `sys_logininfor`  (
  `info_id` bigint NOT NULL AUTO_INCREMENT COMMENT '访问ID',
  `user_name` varchar(50) CHARACTER SET utf8mb4 COLLATE utf8mb4_unicode_ci NULL DEFAULT '' COMMENT '用户账号',
  `ipaddr` varchar(128) CHARACTER SET utf8mb4 COLLATE utf8mb4_unicode_ci NULL DEFAULT '' COMMENT '登录IP地址',
  `login_location` varchar(255) CHARACTER SET utf8mb4 COLLATE utf8mb4_unicode_ci NULL DEFAULT '' COMMENT '登录地点',
  `browser` varchar(50) CHARACTER SET utf8mb4 COLLATE utf8mb4_unicode_ci NULL DEFAULT '' COMMENT '浏览器类型',
  `os` varchar(50) CHARACTER SET utf8mb4 COLLATE utf8mb4_unicode_ci NULL DEFAULT '' COMMENT '操作系统',
  `status` char(1) CHARACTER SET utf8mb4 COLLATE utf8mb4_unicode_ci NULL DEFAULT '0' COMMENT '登录状态（0成功 1失败）',
  `msg` varchar(255) CHARACTER SET utf8mb4 COLLATE utf8mb4_unicode_ci NULL DEFAULT '' COMMENT '提示消息',
  `login_time` datetime NULL DEFAULT NULL COMMENT '访问时间',
  PRIMARY KEY (`info_id`) USING BTREE,
  INDEX `idx_sys_logininfor_s`(`status` ASC) USING BTREE,
  INDEX `idx_sys_logininfor_lt`(`login_time` ASC) USING BTREE
) ENGINE = InnoDB AUTO_INCREMENT = 118 CHARACTER SET = utf8mb4 COLLATE = utf8mb4_unicode_ci COMMENT = '系统访问记录' ROW_FORMAT = Dynamic;

-- ----------------------------
-- Records of sys_logininfor
-- ----------------------------
INSERT INTO `sys_logininfor` VALUES (100, 'ruoyi', '127.0.0.1', '内网IP', 'Chrome 12', 'Mac OS X', '1', '用户不存在/密码错误', '2024-05-14 04:03:11');
INSERT INTO `sys_logininfor` VALUES (101, 'admin', '127.0.0.1', '内网IP', 'Chrome 12', 'Mac OS X', '0', '登录成功', '2024-05-14 04:03:20');
INSERT INTO `sys_logininfor` VALUES (102, 'admin', '127.0.0.1', '内网IP', 'Chrome 12', 'Mac OS X', '0', '登录成功', '2024-05-14 04:56:44');
INSERT INTO `sys_logininfor` VALUES (103, 'admin', '127.0.0.1', '内网IP', 'Chrome 12', 'Mac OS X', '0', '登录成功', '2024-05-14 06:29:26');
INSERT INTO `sys_logininfor` VALUES (104, 'admin', '127.0.0.1', '内网IP', 'Chrome 12', 'Mac OS X', '0', '退出成功', '2024-05-14 07:04:39');
INSERT INTO `sys_logininfor` VALUES (105, 'admin', '127.0.0.1', '内网IP', 'Chrome 12', 'Mac OS X', '0', '登录成功', '2024-05-14 07:04:55');
INSERT INTO `sys_logininfor` VALUES (106, 'admin', '127.0.0.1', '内网IP', 'Chrome 12', 'Mac OS X', '0', '登录成功', '2024-05-22 01:53:15');
INSERT INTO `sys_logininfor` VALUES (107, 'admin', '127.0.0.1', '内网IP', 'Chrome 12', 'Mac OS X', '0', '登录成功', '2024-05-22 02:35:36');
INSERT INTO `sys_logininfor` VALUES (108, 'admin', '127.0.0.1', '内网IP', 'Chrome 12', 'Mac OS X', '0', '登录成功', '2024-05-22 03:03:13');
INSERT INTO `sys_logininfor` VALUES (109, 'admin', '127.0.0.1', '内网IP', 'Chrome 12', 'Windows 10', '0', '登录成功', '2024-06-15 19:57:57');
INSERT INTO `sys_logininfor` VALUES (110, 'admin', '127.0.0.1', '内网IP', 'Chrome 12', 'Windows 10', '0', '登录成功', '2024-06-15 23:11:32');
INSERT INTO `sys_logininfor` VALUES (111, 'admin', '127.0.0.1', '内网IP', 'Chrome 12', 'Windows 10', '0', '退出成功', '2024-06-16 00:48:21');
INSERT INTO `sys_logininfor` VALUES (112, 'admin', '127.0.0.1', '内网IP', 'Chrome 12', 'Windows 10', '1', '验证码错误', '2024-06-16 00:48:25');
INSERT INTO `sys_logininfor` VALUES (113, 'admin', '127.0.0.1', '内网IP', 'Chrome 12', 'Windows 10', '1', '验证码错误', '2024-06-16 00:48:26');
INSERT INTO `sys_logininfor` VALUES (114, 'admin', '127.0.0.1', '内网IP', 'Chrome 12', 'Windows 10', '0', '登录成功', '2024-06-16 00:48:31');
INSERT INTO `sys_logininfor` VALUES (115, 'admin', '127.0.0.1', '内网IP', 'Chrome 12', 'Windows 10', '0', '登录成功', '2024-06-16 11:14:51');
INSERT INTO `sys_logininfor` VALUES (116, 'admin', '127.0.0.1', '内网IP', 'Chrome 12', 'Windows 10', '0', '登录成功', '2024-06-16 15:52:54');
INSERT INTO `sys_logininfor` VALUES (117, 'admin', '127.0.0.1', '内网IP', 'Chrome 12', 'Windows 10', '0', '登录成功', '2024-06-16 18:04:09');

-- ----------------------------
-- Table structure for sys_menu
-- ----------------------------
DROP TABLE IF EXISTS `sys_menu`;
CREATE TABLE `sys_menu`  (
  `menu_id` bigint NOT NULL AUTO_INCREMENT COMMENT '菜单ID',
  `menu_name` varchar(50) CHARACTER SET utf8mb4 COLLATE utf8mb4_unicode_ci NOT NULL COMMENT '菜单名称',
  `parent_id` bigint NULL DEFAULT 0 COMMENT '父菜单ID',
  `order_num` int NULL DEFAULT 0 COMMENT '显示顺序',
  `path` varchar(200) CHARACTER SET utf8mb4 COLLATE utf8mb4_unicode_ci NULL DEFAULT '' COMMENT '路由地址',
  `component` varchar(255) CHARACTER SET utf8mb4 COLLATE utf8mb4_unicode_ci NULL DEFAULT NULL COMMENT '组件路径',
  `query` varchar(255) CHARACTER SET utf8mb4 COLLATE utf8mb4_unicode_ci NULL DEFAULT NULL COMMENT '路由参数',
  `is_frame` int NULL DEFAULT 1 COMMENT '是否为外链（0是 1否）',
  `is_cache` int NULL DEFAULT 0 COMMENT '是否缓存（0缓存 1不缓存）',
  `menu_type` char(1) CHARACTER SET utf8mb4 COLLATE utf8mb4_unicode_ci NULL DEFAULT '' COMMENT '菜单类型（M目录 C菜单 F按钮）',
  `visible` char(1) CHARACTER SET utf8mb4 COLLATE utf8mb4_unicode_ci NULL DEFAULT '0' COMMENT '菜单状态（0显示 1隐藏）',
  `status` char(1) CHARACTER SET utf8mb4 COLLATE utf8mb4_unicode_ci NULL DEFAULT '0' COMMENT '菜单状态（0正常 1停用）',
  `perms` varchar(100) CHARACTER SET utf8mb4 COLLATE utf8mb4_unicode_ci NULL DEFAULT NULL COMMENT '权限标识',
  `icon` varchar(100) CHARACTER SET utf8mb4 COLLATE utf8mb4_unicode_ci NULL DEFAULT '#' COMMENT '菜单图标',
  `create_by` varchar(64) CHARACTER SET utf8mb4 COLLATE utf8mb4_unicode_ci NULL DEFAULT '' COMMENT '创建者',
  `create_time` datetime NULL DEFAULT NULL COMMENT '创建时间',
  `update_by` varchar(64) CHARACTER SET utf8mb4 COLLATE utf8mb4_unicode_ci NULL DEFAULT '' COMMENT '更新者',
  `update_time` datetime NULL DEFAULT NULL COMMENT '更新时间',
  `remark` varchar(500) CHARACTER SET utf8mb4 COLLATE utf8mb4_unicode_ci NULL DEFAULT '' COMMENT '备注',
  PRIMARY KEY (`menu_id`) USING BTREE
) ENGINE = InnoDB AUTO_INCREMENT = 2024 CHARACTER SET = utf8mb4 COLLATE = utf8mb4_unicode_ci COMMENT = '菜单权限表' ROW_FORMAT = Dynamic;

-- ----------------------------
-- Records of sys_menu
-- ----------------------------
INSERT INTO `sys_menu` VALUES (1, '系统管理', 0, 4, 'system', NULL, '', 1, 0, 'M', '1', '0', '', 'system', 'admin', '2024-05-14 04:02:26', 'admin', '2024-05-22 05:43:48', '系统管理目录');
INSERT INTO `sys_menu` VALUES (2, '系统监控', 0, 6, 'monitor', NULL, '', 1, 0, 'M', '1', '0', '', 'monitor', 'admin', '2024-05-14 04:02:26', 'admin', '2024-05-22 05:43:30', '系统监控目录');
INSERT INTO `sys_menu` VALUES (3, '系统工具', 0, 5, 'tool', NULL, '', 1, 0, 'M', '1', '0', '', 'tool', 'admin', '2024-05-14 04:02:26', 'admin', '2024-05-22 05:43:35', '系统工具目录');
INSERT INTO `sys_menu` VALUES (4, '若依官网', 0, 7, 'http://ruoyi.vip', NULL, '', 0, 0, 'M', '1', '0', '', 'guide', 'admin', '2024-05-14 04:02:26', 'admin', '2024-05-22 05:43:14', '若依官网地址');
INSERT INTO `sys_menu` VALUES (100, '用户管理', 1, 1, 'user', 'system/user/index', '', 1, 0, 'C', '0', '0', 'system:user:list', 'user', 'admin', '2024-05-14 04:02:26', '', NULL, '用户管理菜单');
INSERT INTO `sys_menu` VALUES (101, '角色管理', 1, 2, 'role', 'system/role/index', '', 1, 0, 'C', '0', '0', 'system:role:list', 'peoples', 'admin', '2024-05-14 04:02:26', '', NULL, '角色管理菜单');
INSERT INTO `sys_menu` VALUES (102, '菜单管理', 1, 3, 'menu', 'system/menu/index', '', 1, 0, 'C', '0', '0', 'system:menu:list', 'tree-table', 'admin', '2024-05-14 04:02:26', '', NULL, '菜单管理菜单');
INSERT INTO `sys_menu` VALUES (103, '部门管理', 1, 4, 'dept', 'system/dept/index', '', 1, 0, 'C', '0', '0', 'system:dept:list', 'tree', 'admin', '2024-05-14 04:02:26', '', NULL, '部门管理菜单');
INSERT INTO `sys_menu` VALUES (104, '岗位管理', 1, 5, 'post', 'system/post/index', '', 1, 0, 'C', '0', '0', 'system:post:list', 'post', 'admin', '2024-05-14 04:02:26', '', NULL, '岗位管理菜单');
INSERT INTO `sys_menu` VALUES (105, '字典管理', 1, 6, 'dict', 'system/dict/index', '', 1, 0, 'C', '0', '0', 'system:dict:list', 'dict', 'admin', '2024-05-14 04:02:26', '', NULL, '字典管理菜单');
INSERT INTO `sys_menu` VALUES (106, '参数设置', 1, 7, 'config', 'system/config/index', '', 1, 0, 'C', '0', '0', 'system:config:list', 'edit', 'admin', '2024-05-14 04:02:26', '', NULL, '参数设置菜单');
INSERT INTO `sys_menu` VALUES (107, '通知公告', 1, 8, 'notice', 'system/notice/index', '', 1, 0, 'C', '0', '0', 'system:notice:list', 'message', 'admin', '2024-05-14 04:02:26', '', NULL, '通知公告菜单');
INSERT INTO `sys_menu` VALUES (108, '日志管理', 1, 9, 'log', '', '', 1, 0, 'M', '0', '0', '', 'log', 'admin', '2024-05-14 04:02:26', '', NULL, '日志管理菜单');
INSERT INTO `sys_menu` VALUES (109, '在线用户', 2, 1, 'online', 'monitor/online/index', '', 1, 0, 'C', '0', '0', 'monitor:online:list', 'online', 'admin', '2024-05-14 04:02:26', '', NULL, '在线用户菜单');
INSERT INTO `sys_menu` VALUES (110, '定时任务', 2, 2, 'job', 'monitor/job/index', '', 1, 0, 'C', '0', '0', 'monitor:job:list', 'job', 'admin', '2024-05-14 04:02:26', '', NULL, '定时任务菜单');
INSERT INTO `sys_menu` VALUES (111, '数据监控', 2, 3, 'druid', 'monitor/druid/index', '', 1, 0, 'C', '0', '0', 'monitor:druid:list', 'druid', 'admin', '2024-05-14 04:02:26', '', NULL, '数据监控菜单');
INSERT INTO `sys_menu` VALUES (112, '服务监控', 2, 4, 'server', 'monitor/server/index', '', 1, 0, 'C', '0', '0', 'monitor:server:list', 'server', 'admin', '2024-05-14 04:02:26', '', NULL, '服务监控菜单');
INSERT INTO `sys_menu` VALUES (113, '缓存监控', 2, 5, 'cache', 'monitor/cache/index', '', 1, 0, 'C', '0', '0', 'monitor:cache:list', 'redis', 'admin', '2024-05-14 04:02:26', '', NULL, '缓存监控菜单');
INSERT INTO `sys_menu` VALUES (114, '缓存列表', 2, 6, 'cacheList', 'monitor/cache/list', '', 1, 0, 'C', '0', '0', 'monitor:cache:list', 'redis-list', 'admin', '2024-05-14 04:02:26', '', NULL, '缓存列表菜单');
INSERT INTO `sys_menu` VALUES (115, '表单构建', 3, 1, 'build', 'tool/build/index', '', 1, 0, 'C', '0', '0', 'tool:build:list', 'build', 'admin', '2024-05-14 04:02:26', '', NULL, '表单构建菜单');
INSERT INTO `sys_menu` VALUES (116, '代码生成', 3, 2, 'gen', 'tool/gen/index', '', 1, 0, 'C', '0', '0', 'tool:gen:list', 'code', 'admin', '2024-05-14 04:02:26', '', NULL, '代码生成菜单');
INSERT INTO `sys_menu` VALUES (117, '系统接口', 3, 3, 'swagger', 'tool/swagger/index', '', 1, 0, 'C', '0', '0', 'tool:swagger:list', 'swagger', 'admin', '2024-05-14 04:02:26', '', NULL, '系统接口菜单');
INSERT INTO `sys_menu` VALUES (500, '操作日志', 108, 1, 'operlog', 'monitor/operlog/index', '', 1, 0, 'C', '0', '0', 'monitor:operlog:list', 'form', 'admin', '2024-05-14 04:02:26', '', NULL, '操作日志菜单');
INSERT INTO `sys_menu` VALUES (501, '登录日志', 108, 2, 'logininfor', 'monitor/logininfor/index', '', 1, 0, 'C', '0', '0', 'monitor:logininfor:list', 'logininfor', 'admin', '2024-05-14 04:02:26', '', NULL, '登录日志菜单');
INSERT INTO `sys_menu` VALUES (1000, '用户查询', 100, 1, '', '', '', 1, 0, 'F', '0', '0', 'system:user:query', '#', 'admin', '2024-05-14 04:02:26', '', NULL, '');
INSERT INTO `sys_menu` VALUES (1001, '用户新增', 100, 2, '', '', '', 1, 0, 'F', '0', '0', 'system:user:add', '#', 'admin', '2024-05-14 04:02:26', '', NULL, '');
INSERT INTO `sys_menu` VALUES (1002, '用户修改', 100, 3, '', '', '', 1, 0, 'F', '0', '0', 'system:user:edit', '#', 'admin', '2024-05-14 04:02:26', '', NULL, '');
INSERT INTO `sys_menu` VALUES (1003, '用户删除', 100, 4, '', '', '', 1, 0, 'F', '0', '0', 'system:user:remove', '#', 'admin', '2024-05-14 04:02:26', '', NULL, '');
INSERT INTO `sys_menu` VALUES (1004, '用户导出', 100, 5, '', '', '', 1, 0, 'F', '0', '0', 'system:user:export', '#', 'admin', '2024-05-14 04:02:26', '', NULL, '');
INSERT INTO `sys_menu` VALUES (1005, '用户导入', 100, 6, '', '', '', 1, 0, 'F', '0', '0', 'system:user:import', '#', 'admin', '2024-05-14 04:02:26', '', NULL, '');
INSERT INTO `sys_menu` VALUES (1006, '重置密码', 100, 7, '', '', '', 1, 0, 'F', '0', '0', 'system:user:resetPwd', '#', 'admin', '2024-05-14 04:02:26', '', NULL, '');
INSERT INTO `sys_menu` VALUES (1007, '角色查询', 101, 1, '', '', '', 1, 0, 'F', '0', '0', 'system:role:query', '#', 'admin', '2024-05-14 04:02:26', '', NULL, '');
INSERT INTO `sys_menu` VALUES (1008, '角色新增', 101, 2, '', '', '', 1, 0, 'F', '0', '0', 'system:role:add', '#', 'admin', '2024-05-14 04:02:26', '', NULL, '');
INSERT INTO `sys_menu` VALUES (1009, '角色修改', 101, 3, '', '', '', 1, 0, 'F', '0', '0', 'system:role:edit', '#', 'admin', '2024-05-14 04:02:26', '', NULL, '');
INSERT INTO `sys_menu` VALUES (1010, '角色删除', 101, 4, '', '', '', 1, 0, 'F', '0', '0', 'system:role:remove', '#', 'admin', '2024-05-14 04:02:26', '', NULL, '');
INSERT INTO `sys_menu` VALUES (1011, '角色导出', 101, 5, '', '', '', 1, 0, 'F', '0', '0', 'system:role:export', '#', 'admin', '2024-05-14 04:02:26', '', NULL, '');
INSERT INTO `sys_menu` VALUES (1012, '菜单查询', 102, 1, '', '', '', 1, 0, 'F', '0', '0', 'system:menu:query', '#', 'admin', '2024-05-14 04:02:26', '', NULL, '');
INSERT INTO `sys_menu` VALUES (1013, '菜单新增', 102, 2, '', '', '', 1, 0, 'F', '0', '0', 'system:menu:add', '#', 'admin', '2024-05-14 04:02:26', '', NULL, '');
INSERT INTO `sys_menu` VALUES (1014, '菜单修改', 102, 3, '', '', '', 1, 0, 'F', '0', '0', 'system:menu:edit', '#', 'admin', '2024-05-14 04:02:26', '', NULL, '');
INSERT INTO `sys_menu` VALUES (1015, '菜单删除', 102, 4, '', '', '', 1, 0, 'F', '0', '0', 'system:menu:remove', '#', 'admin', '2024-05-14 04:02:26', '', NULL, '');
INSERT INTO `sys_menu` VALUES (1016, '部门查询', 103, 1, '', '', '', 1, 0, 'F', '0', '0', 'system:dept:query', '#', 'admin', '2024-05-14 04:02:26', '', NULL, '');
INSERT INTO `sys_menu` VALUES (1017, '部门新增', 103, 2, '', '', '', 1, 0, 'F', '0', '0', 'system:dept:add', '#', 'admin', '2024-05-14 04:02:26', '', NULL, '');
INSERT INTO `sys_menu` VALUES (1018, '部门修改', 103, 3, '', '', '', 1, 0, 'F', '0', '0', 'system:dept:edit', '#', 'admin', '2024-05-14 04:02:26', '', NULL, '');
INSERT INTO `sys_menu` VALUES (1019, '部门删除', 103, 4, '', '', '', 1, 0, 'F', '0', '0', 'system:dept:remove', '#', 'admin', '2024-05-14 04:02:26', '', NULL, '');
INSERT INTO `sys_menu` VALUES (1020, '岗位查询', 104, 1, '', '', '', 1, 0, 'F', '0', '0', 'system:post:query', '#', 'admin', '2024-05-14 04:02:26', '', NULL, '');
INSERT INTO `sys_menu` VALUES (1021, '岗位新增', 104, 2, '', '', '', 1, 0, 'F', '0', '0', 'system:post:add', '#', 'admin', '2024-05-14 04:02:26', '', NULL, '');
INSERT INTO `sys_menu` VALUES (1022, '岗位修改', 104, 3, '', '', '', 1, 0, 'F', '0', '0', 'system:post:edit', '#', 'admin', '2024-05-14 04:02:26', '', NULL, '');
INSERT INTO `sys_menu` VALUES (1023, '岗位删除', 104, 4, '', '', '', 1, 0, 'F', '0', '0', 'system:post:remove', '#', 'admin', '2024-05-14 04:02:26', '', NULL, '');
INSERT INTO `sys_menu` VALUES (1024, '岗位导出', 104, 5, '', '', '', 1, 0, 'F', '0', '0', 'system:post:export', '#', 'admin', '2024-05-14 04:02:26', '', NULL, '');
INSERT INTO `sys_menu` VALUES (1025, '字典查询', 105, 1, '#', '', '', 1, 0, 'F', '0', '0', 'system:dict:query', '#', 'admin', '2024-05-14 04:02:26', '', NULL, '');
INSERT INTO `sys_menu` VALUES (1026, '字典新增', 105, 2, '#', '', '', 1, 0, 'F', '0', '0', 'system:dict:add', '#', 'admin', '2024-05-14 04:02:26', '', NULL, '');
INSERT INTO `sys_menu` VALUES (1027, '字典修改', 105, 3, '#', '', '', 1, 0, 'F', '0', '0', 'system:dict:edit', '#', 'admin', '2024-05-14 04:02:26', '', NULL, '');
INSERT INTO `sys_menu` VALUES (1028, '字典删除', 105, 4, '#', '', '', 1, 0, 'F', '0', '0', 'system:dict:remove', '#', 'admin', '2024-05-14 04:02:26', '', NULL, '');
INSERT INTO `sys_menu` VALUES (1029, '字典导出', 105, 5, '#', '', '', 1, 0, 'F', '0', '0', 'system:dict:export', '#', 'admin', '2024-05-14 04:02:26', '', NULL, '');
INSERT INTO `sys_menu` VALUES (1030, '参数查询', 106, 1, '#', '', '', 1, 0, 'F', '0', '0', 'system:config:query', '#', 'admin', '2024-05-14 04:02:26', '', NULL, '');
INSERT INTO `sys_menu` VALUES (1031, '参数新增', 106, 2, '#', '', '', 1, 0, 'F', '0', '0', 'system:config:add', '#', 'admin', '2024-05-14 04:02:26', '', NULL, '');
INSERT INTO `sys_menu` VALUES (1032, '参数修改', 106, 3, '#', '', '', 1, 0, 'F', '0', '0', 'system:config:edit', '#', 'admin', '2024-05-14 04:02:26', '', NULL, '');
INSERT INTO `sys_menu` VALUES (1033, '参数删除', 106, 4, '#', '', '', 1, 0, 'F', '0', '0', 'system:config:remove', '#', 'admin', '2024-05-14 04:02:26', '', NULL, '');
INSERT INTO `sys_menu` VALUES (1034, '参数导出', 106, 5, '#', '', '', 1, 0, 'F', '0', '0', 'system:config:export', '#', 'admin', '2024-05-14 04:02:26', '', NULL, '');
INSERT INTO `sys_menu` VALUES (1035, '公告查询', 107, 1, '#', '', '', 1, 0, 'F', '0', '0', 'system:notice:query', '#', 'admin', '2024-05-14 04:02:26', '', NULL, '');
INSERT INTO `sys_menu` VALUES (1036, '公告新增', 107, 2, '#', '', '', 1, 0, 'F', '0', '0', 'system:notice:add', '#', 'admin', '2024-05-14 04:02:26', '', NULL, '');
INSERT INTO `sys_menu` VALUES (1037, '公告修改', 107, 3, '#', '', '', 1, 0, 'F', '0', '0', 'system:notice:edit', '#', 'admin', '2024-05-14 04:02:26', '', NULL, '');
INSERT INTO `sys_menu` VALUES (1038, '公告删除', 107, 4, '#', '', '', 1, 0, 'F', '0', '0', 'system:notice:remove', '#', 'admin', '2024-05-14 04:02:26', '', NULL, '');
INSERT INTO `sys_menu` VALUES (1039, '操作查询', 500, 1, '#', '', '', 1, 0, 'F', '0', '0', 'monitor:operlog:query', '#', 'admin', '2024-05-14 04:02:26', '', NULL, '');
INSERT INTO `sys_menu` VALUES (1040, '操作删除', 500, 2, '#', '', '', 1, 0, 'F', '0', '0', 'monitor:operlog:remove', '#', 'admin', '2024-05-14 04:02:26', '', NULL, '');
INSERT INTO `sys_menu` VALUES (1041, '日志导出', 500, 3, '#', '', '', 1, 0, 'F', '0', '0', 'monitor:operlog:export', '#', 'admin', '2024-05-14 04:02:26', '', NULL, '');
INSERT INTO `sys_menu` VALUES (1042, '登录查询', 501, 1, '#', '', '', 1, 0, 'F', '0', '0', 'monitor:logininfor:query', '#', 'admin', '2024-05-14 04:02:26', '', NULL, '');
INSERT INTO `sys_menu` VALUES (1043, '登录删除', 501, 2, '#', '', '', 1, 0, 'F', '0', '0', 'monitor:logininfor:remove', '#', 'admin', '2024-05-14 04:02:26', '', NULL, '');
INSERT INTO `sys_menu` VALUES (1044, '日志导出', 501, 3, '#', '', '', 1, 0, 'F', '0', '0', 'monitor:logininfor:export', '#', 'admin', '2024-05-14 04:02:26', '', NULL, '');
INSERT INTO `sys_menu` VALUES (1045, '账户解锁', 501, 4, '#', '', '', 1, 0, 'F', '0', '0', 'monitor:logininfor:unlock', '#', 'admin', '2024-05-14 04:02:26', '', NULL, '');
INSERT INTO `sys_menu` VALUES (1046, '在线查询', 109, 1, '#', '', '', 1, 0, 'F', '0', '0', 'monitor:online:query', '#', 'admin', '2024-05-14 04:02:26', '', NULL, '');
INSERT INTO `sys_menu` VALUES (1047, '批量强退', 109, 2, '#', '', '', 1, 0, 'F', '0', '0', 'monitor:online:batchLogout', '#', 'admin', '2024-05-14 04:02:26', '', NULL, '');
INSERT INTO `sys_menu` VALUES (1048, '单条强退', 109, 3, '#', '', '', 1, 0, 'F', '0', '0', 'monitor:online:forceLogout', '#', 'admin', '2024-05-14 04:02:26', '', NULL, '');
INSERT INTO `sys_menu` VALUES (1049, '任务查询', 110, 1, '#', '', '', 1, 0, 'F', '0', '0', 'monitor:job:query', '#', 'admin', '2024-05-14 04:02:26', '', NULL, '');
INSERT INTO `sys_menu` VALUES (1050, '任务新增', 110, 2, '#', '', '', 1, 0, 'F', '0', '0', 'monitor:job:add', '#', 'admin', '2024-05-14 04:02:26', '', NULL, '');
INSERT INTO `sys_menu` VALUES (1051, '任务修改', 110, 3, '#', '', '', 1, 0, 'F', '0', '0', 'monitor:job:edit', '#', 'admin', '2024-05-14 04:02:26', '', NULL, '');
INSERT INTO `sys_menu` VALUES (1052, '任务删除', 110, 4, '#', '', '', 1, 0, 'F', '0', '0', 'monitor:job:remove', '#', 'admin', '2024-05-14 04:02:26', '', NULL, '');
INSERT INTO `sys_menu` VALUES (1053, '状态修改', 110, 5, '#', '', '', 1, 0, 'F', '0', '0', 'monitor:job:changeStatus', '#', 'admin', '2024-05-14 04:02:26', '', NULL, '');
INSERT INTO `sys_menu` VALUES (1054, '任务导出', 110, 6, '#', '', '', 1, 0, 'F', '0', '0', 'monitor:job:export', '#', 'admin', '2024-05-14 04:02:26', '', NULL, '');
INSERT INTO `sys_menu` VALUES (1055, '生成查询', 116, 1, '#', '', '', 1, 0, 'F', '0', '0', 'tool:gen:query', '#', 'admin', '2024-05-14 04:02:26', '', NULL, '');
INSERT INTO `sys_menu` VALUES (1056, '生成修改', 116, 2, '#', '', '', 1, 0, 'F', '0', '0', 'tool:gen:edit', '#', 'admin', '2024-05-14 04:02:26', '', NULL, '');
INSERT INTO `sys_menu` VALUES (1057, '生成删除', 116, 3, '#', '', '', 1, 0, 'F', '0', '0', 'tool:gen:remove', '#', 'admin', '2024-05-14 04:02:26', '', NULL, '');
INSERT INTO `sys_menu` VALUES (1058, '导入代码', 116, 4, '#', '', '', 1, 0, 'F', '0', '0', 'tool:gen:import', '#', 'admin', '2024-05-14 04:02:26', '', NULL, '');
INSERT INTO `sys_menu` VALUES (1059, '预览代码', 116, 5, '#', '', '', 1, 0, 'F', '0', '0', 'tool:gen:preview', '#', 'admin', '2024-05-14 04:02:26', '', NULL, '');
INSERT INTO `sys_menu` VALUES (1060, '生成代码', 116, 6, '#', '', '', 1, 0, 'F', '0', '0', 'tool:gen:code', '#', 'admin', '2024-05-14 04:02:26', '', NULL, '');
INSERT INTO `sys_menu` VALUES (2008, '班级学员管理', 0, 2, 'DepSysClassses', NULL, NULL, 1, 0, 'M', '0', '0', '', 'drag', 'admin', '2024-05-22 02:37:07', 'admin', '2024-05-22 05:41:41', '');
INSERT INTO `sys_menu` VALUES (2010, '班级管理', 2008, 0, 'DepSysClasses', 'DepSysClasses/classes/index', NULL, 1, 0, 'C', '0', '0', 'DepSysClasses:classes:index', 'cascader', 'admin', '2024-05-22 02:39:42', 'admin', '2024-05-22 03:43:02', '');
INSERT INTO `sys_menu` VALUES (2011, '学员管理', 2008, 1, 'DepSysStudents', 'DepSysStudents/DepSysStudents/index', NULL, 1, 0, 'C', '0', '0', 'DepSysStudents:DepSysStudents:list', 'checkbox', 'admin', '2024-05-22 02:41:04', 'admin', '2024-05-22 05:19:09', '');
INSERT INTO `sys_menu` VALUES (2012, '系统管理', 0, 0, 'DepSysEmp', NULL, NULL, 1, 0, 'M', '0', '0', '', 'component', 'admin', '2024-05-22 02:41:58', 'admin', '2024-05-22 04:25:36', '');
INSERT INTO `sys_menu` VALUES (2013, '部门管理', 2012, 1, 'DepSysDepartments', 'DepSysDepartments/departments/index', NULL, 1, 0, 'C', '0', '0', 'DepSysDepartments:departments:list', 'dict', 'admin', '2024-05-22 02:42:53', 'admin', '2024-05-22 05:42:04', '');
INSERT INTO `sys_menu` VALUES (2014, '员工管理', 2012, 2, 'DepSysEmp', 'DepSysEmp/emp/index', NULL, 1, 0, 'C', '0', '0', 'DepSysEmp:emp:index', 'date-range', 'admin', '2024-05-22 03:04:19', 'admin', '2024-05-22 03:45:34', '');
INSERT INTO `sys_menu` VALUES (2015, '课程管理', 0, 1, 'DepSysCourese', NULL, NULL, 1, 0, 'M', '0', '0', '', 'documentation', 'admin', '2024-05-22 03:05:55', 'admin', '2024-05-22 04:24:26', '');
INSERT INTO `sys_menu` VALUES (2016, '课程管理', 2015, 0, 'DepSysCourses', 'DepSysCourses/courses/index', NULL, 1, 0, 'C', '0', '0', 'DepSysCourses:courses:list', 'component', 'admin', '2024-05-22 03:07:09', 'admin', '2024-05-22 03:41:00', '');
INSERT INTO `sys_menu` VALUES (2017, '课程安排', 2015, 1, 'DepSysSchedules', 'DepSysSchedules/DepSysSchedules/index', NULL, 1, 0, 'C', '0', '0', 'DepSysSchedules:DepSysSchedules:list', 'date', 'admin', '2024-05-22 03:08:24', 'admin', '2024-05-22 05:18:42', '');
INSERT INTO `sys_menu` VALUES (2020, '数据统计管理', 0, 3, 'DepSysManager', NULL, NULL, 1, 0, 'M', '1', '1', '', 'clipboard', 'admin', '2024-05-22 05:26:34', 'admin', '2024-05-22 05:38:03', '');
INSERT INTO `sys_menu` VALUES (2021, '员工信息统计', 2020, 0, 'DepSysEmployees', 'DepSysEmployees/employees/index', NULL, 1, 0, 'C', '1', '1', 'DepSysEmployees:employees:list', 'system', 'admin', '2024-05-22 05:39:26', '', NULL, '');
INSERT INTO `sys_menu` VALUES (2022, '学员信息统计', 2020, 1, 'DepSysStu', 'DepSysStu/stu/index', NULL, 1, 0, 'C', '1', '1', 'DepSysStu:stu:list', 'edit', 'admin', '2024-05-22 05:40:48', '', NULL, '');
INSERT INTO `sys_menu` VALUES (2023, '我的课程', 0, 8, 'DepSysStudentCourse', 'DepSysStudents/DepSysStudentCourse/index', NULL, 1, 0, 'C', '0', '0', '', 'clipboard', 'admin', '2024-05-22 05:26:34', 'admin', '2024-05-22 05:38:03', '');

-- ----------------------------
-- Table structure for sys_notice
-- ----------------------------
DROP TABLE IF EXISTS `sys_notice`;
CREATE TABLE `sys_notice`  (
  `notice_id` int NOT NULL AUTO_INCREMENT COMMENT '公告ID',
  `notice_title` varchar(50) CHARACTER SET utf8mb4 COLLATE utf8mb4_unicode_ci NOT NULL COMMENT '公告标题',
  `notice_type` char(1) CHARACTER SET utf8mb4 COLLATE utf8mb4_unicode_ci NOT NULL COMMENT '公告类型（1通知 2公告）',
  `notice_content` longblob NULL COMMENT '公告内容',
  `status` char(1) CHARACTER SET utf8mb4 COLLATE utf8mb4_unicode_ci NULL DEFAULT '0' COMMENT '公告状态（0正常 1关闭）',
  `create_by` varchar(64) CHARACTER SET utf8mb4 COLLATE utf8mb4_unicode_ci NULL DEFAULT '' COMMENT '创建者',
  `create_time` datetime NULL DEFAULT NULL COMMENT '创建时间',
  `update_by` varchar(64) CHARACTER SET utf8mb4 COLLATE utf8mb4_unicode_ci NULL DEFAULT '' COMMENT '更新者',
  `update_time` datetime NULL DEFAULT NULL COMMENT '更新时间',
  `remark` varchar(255) CHARACTER SET utf8mb4 COLLATE utf8mb4_unicode_ci NULL DEFAULT NULL COMMENT '备注',
  PRIMARY KEY (`notice_id`) USING BTREE
) ENGINE = InnoDB AUTO_INCREMENT = 3 CHARACTER SET = utf8mb4 COLLATE = utf8mb4_unicode_ci COMMENT = '通知公告表' ROW_FORMAT = Dynamic;

-- ----------------------------
-- Records of sys_notice
-- ----------------------------
INSERT INTO `sys_notice` VALUES (1, '温馨提醒：2018-07-01 若依新版本发布啦', '2', 0xE696B0E78988E69CACE58685E5AEB9, '0', 'admin', '2024-05-14 04:02:27', '', NULL, '管理员');
INSERT INTO `sys_notice` VALUES (2, '维护通知：2018-07-01 若依系统凌晨维护', '1', 0xE7BBB4E68AA4E58685E5AEB9, '0', 'admin', '2024-05-14 04:02:27', '', NULL, '管理员');

-- ----------------------------
-- Table structure for sys_oper_log
-- ----------------------------
DROP TABLE IF EXISTS `sys_oper_log`;
CREATE TABLE `sys_oper_log`  (
  `oper_id` bigint NOT NULL AUTO_INCREMENT COMMENT '日志主键',
  `title` varchar(50) CHARACTER SET utf8mb4 COLLATE utf8mb4_unicode_ci NULL DEFAULT '' COMMENT '模块标题',
  `business_type` int NULL DEFAULT 0 COMMENT '业务类型（0其它 1新增 2修改 3删除）',
  `method` varchar(100) CHARACTER SET utf8mb4 COLLATE utf8mb4_unicode_ci NULL DEFAULT '' COMMENT '方法名称',
  `request_method` varchar(10) CHARACTER SET utf8mb4 COLLATE utf8mb4_unicode_ci NULL DEFAULT '' COMMENT '请求方式',
  `operator_type` int NULL DEFAULT 0 COMMENT '操作类别（0其它 1后台用户 2手机端用户）',
  `oper_name` varchar(50) CHARACTER SET utf8mb4 COLLATE utf8mb4_unicode_ci NULL DEFAULT '' COMMENT '操作人员',
  `dept_name` varchar(50) CHARACTER SET utf8mb4 COLLATE utf8mb4_unicode_ci NULL DEFAULT '' COMMENT '部门名称',
  `oper_url` varchar(255) CHARACTER SET utf8mb4 COLLATE utf8mb4_unicode_ci NULL DEFAULT '' COMMENT '请求URL',
  `oper_ip` varchar(128) CHARACTER SET utf8mb4 COLLATE utf8mb4_unicode_ci NULL DEFAULT '' COMMENT '主机地址',
  `oper_location` varchar(255) CHARACTER SET utf8mb4 COLLATE utf8mb4_unicode_ci NULL DEFAULT '' COMMENT '操作地点',
  `oper_param` varchar(2000) CHARACTER SET utf8mb4 COLLATE utf8mb4_unicode_ci NULL DEFAULT '' COMMENT '请求参数',
  `json_result` varchar(2000) CHARACTER SET utf8mb4 COLLATE utf8mb4_unicode_ci NULL DEFAULT '' COMMENT '返回参数',
  `status` int NULL DEFAULT 0 COMMENT '操作状态（0正常 1异常）',
  `error_msg` varchar(2000) CHARACTER SET utf8mb4 COLLATE utf8mb4_unicode_ci NULL DEFAULT '' COMMENT '错误消息',
  `oper_time` datetime NULL DEFAULT NULL COMMENT '操作时间',
  `cost_time` bigint NULL DEFAULT 0 COMMENT '消耗时间',
  PRIMARY KEY (`oper_id`) USING BTREE,
  INDEX `idx_sys_oper_log_bt`(`business_type` ASC) USING BTREE,
  INDEX `idx_sys_oper_log_s`(`status` ASC) USING BTREE,
  INDEX `idx_sys_oper_log_ot`(`oper_time` ASC) USING BTREE
) ENGINE = InnoDB AUTO_INCREMENT = 407 CHARACTER SET = utf8mb4 COLLATE = utf8mb4_unicode_ci COMMENT = '操作日志记录' ROW_FORMAT = Dynamic;

-- ----------------------------
-- Records of sys_oper_log
-- ----------------------------
INSERT INTO `sys_oper_log` VALUES (100, '菜单管理', 1, 'com.ruoyi.web.controller.system.SysMenuController.add()', 'POST', 1, 'admin', '研发部门', '/system/menu', '127.0.0.1', '内网IP', '{\"children\":[],\"createBy\":\"admin\",\"icon\":\"dict\",\"isCache\":\"0\",\"isFrame\":\"1\",\"menuName\":\"管理系统\",\"menuType\":\"M\",\"orderNum\":0,\"params\":{},\"parentId\":0,\"path\":\"Dept\",\"status\":\"0\",\"visible\":\"0\"}', '{\"msg\":\"操作成功\",\"code\":200}', 0, NULL, '2024-05-14 04:08:28', 47);
INSERT INTO `sys_oper_log` VALUES (101, '代码生成', 6, 'com.ruoyi.generator.controller.GenController.importTableSave()', 'POST', 1, 'admin', '研发部门', '/tool/gen/importTable', '127.0.0.1', '内网IP', '{\"tables\":\"sys_role\"}', '{\"msg\":\"操作成功\",\"code\":200}', 0, NULL, '2024-05-14 04:24:09', 134);
INSERT INTO `sys_oper_log` VALUES (102, '代码生成', 8, 'com.ruoyi.generator.controller.GenController.batchGenCode()', 'GET', 1, 'admin', '研发部门', '/tool/gen/batchGenCode', '127.0.0.1', '内网IP', '{\"tables\":\"sys_role\"}', NULL, 0, NULL, '2024-05-14 04:24:17', 275);
INSERT INTO `sys_oper_log` VALUES (103, '代码生成', 6, 'com.ruoyi.generator.controller.GenController.importTableSave()', 'POST', 1, 'admin', '研发部门', '/tool/gen/importTable', '127.0.0.1', '内网IP', '{\"tables\":\"students,users,employees,departments,courses,course_schedules,classes\"}', '{\"msg\":\"操作成功\",\"code\":200}', 0, NULL, '2024-05-14 04:26:50', 171);
INSERT INTO `sys_oper_log` VALUES (104, '代码生成', 3, 'com.ruoyi.generator.controller.GenController.remove()', 'DELETE', 1, 'admin', '研发部门', '/tool/gen/1', '127.0.0.1', '内网IP', '{}', '{\"msg\":\"操作成功\",\"code\":200}', 0, NULL, '2024-05-14 04:27:07', 14);
INSERT INTO `sys_oper_log` VALUES (105, '代码生成', 8, 'com.ruoyi.generator.controller.GenController.batchGenCode()', 'GET', 1, 'admin', '研发部门', '/tool/gen/batchGenCode', '127.0.0.1', '内网IP', '{\"tables\":\"classes,course_schedules,courses,departments,employees,students,users\"}', NULL, 0, NULL, '2024-05-14 04:27:12', 329);
INSERT INTO `sys_oper_log` VALUES (106, '菜单管理', 2, 'com.ruoyi.web.controller.system.SysMenuController.edit()', 'PUT', 1, 'admin', '研发部门', '/system/menu', '127.0.0.1', '内网IP', '{\"children\":[],\"createTime\":\"2024-05-14 04:08:28\",\"icon\":\"dict\",\"isCache\":\"0\",\"isFrame\":\"1\",\"menuId\":2000,\"menuName\":\"管理系统\",\"menuType\":\"M\",\"orderNum\":0,\"params\":{},\"parentId\":0,\"path\":\"system\",\"perms\":\"\",\"status\":\"0\",\"updateBy\":\"admin\",\"visible\":\"0\"}', '{\"msg\":\"操作成功\",\"code\":200}', 0, NULL, '2024-05-14 05:21:19', 28);
INSERT INTO `sys_oper_log` VALUES (107, '代码生成', 2, 'com.ruoyi.generator.controller.GenController.editSave()', 'PUT', 1, 'admin', '研发部门', '/tool/gen', '127.0.0.1', '内网IP', '{\"businessName\":\"classes\",\"className\":\"Classes\",\"columns\":[{\"capJavaField\":\"Id\",\"columnId\":15,\"columnName\":\"id\",\"columnType\":\"int(11)\",\"createBy\":\"admin\",\"createTime\":\"2024-05-14 04:26:50\",\"dictType\":\"\",\"edit\":false,\"htmlType\":\"input\",\"increment\":true,\"insert\":true,\"isIncrement\":\"1\",\"isInsert\":\"1\",\"isPk\":\"1\",\"isRequired\":\"0\",\"javaField\":\"id\",\"javaType\":\"Long\",\"list\":false,\"params\":{},\"pk\":true,\"query\":false,\"queryType\":\"EQ\",\"required\":false,\"sort\":1,\"superColumn\":false,\"tableId\":2,\"updateBy\":\"\",\"usableColumn\":false},{\"capJavaField\":\"Name\",\"columnId\":16,\"columnName\":\"name\",\"columnType\":\"varchar(100)\",\"createBy\":\"admin\",\"createTime\":\"2024-05-14 04:26:50\",\"dictType\":\"\",\"edit\":true,\"htmlType\":\"input\",\"increment\":false,\"insert\":true,\"isEdit\":\"1\",\"isIncrement\":\"0\",\"isInsert\":\"1\",\"isList\":\"1\",\"isPk\":\"0\",\"isQuery\":\"1\",\"isRequired\":\"1\",\"javaField\":\"name\",\"javaType\":\"String\",\"list\":true,\"params\":{},\"pk\":false,\"query\":true,\"queryType\":\"LIKE\",\"required\":true,\"sort\":2,\"superColumn\":false,\"tableId\":2,\"updateBy\":\"\",\"usableColumn\":false},{\"capJavaField\":\"TeacherId\",\"columnId\":17,\"columnName\":\"teacher_id\",\"columnType\":\"int(11)\",\"createBy\":\"admin\",\"createTime\":\"2024-05-14 04:26:50\",\"dictType\":\"\",\"edit\":true,\"htmlType\":\"input\",\"increment\":false,\"insert\":true,\"isEdit\":\"1\",\"isIncrement\":\"0\",\"isInsert\":\"1\",\"isList\":\"1\",\"isPk\":\"0\",\"isQuery\":\"1\",\"isRequired\":\"1\",\"javaField\":\"teacherId\",\"javaType\":\"Long\",\"list\":true,\"params\":{},\"pk\":false,\"query\":true,\"queryType\":\"EQ\",\"required\":true,\"sort\":3,\"superColumn\":false,\"tableId\":2,\"updateBy\":\"\",\"usableColumn\":false},{\"capJavaField\":\"Description\",\"columnId\":18,\"columnName\":\"description\",\"columnType\":\"text\",\"createBy\":\"admin\",\"createTime\":\"2024-05-14 04:26:50\",\"dictType\":\"\",\"edit\":true,\"htmlType\":\"textarea\",\"increment\":false,\"insert\":true,\"isEdit\":\"1\",\"isIncrement\":\"0\",\"isInsert\":\"1\",\"isList\":\"1\",\"isPk\":\"0\",\"isQuery\":\"1\",\"isRequired\":\"0\",\"javaField\":\"description\",\"javaType\":\"String\",\"list\":true,\"params\":{},\"pk\":false,\"query\":true,\"queryType\":\"EQ\",\"r', '{\"msg\":\"操作成功\",\"code\":200}', 0, NULL, '2024-05-14 05:31:17', 81);
INSERT INTO `sys_oper_log` VALUES (108, '代码生成', 2, 'com.ruoyi.generator.controller.GenController.editSave()', 'PUT', 1, 'admin', '研发部门', '/tool/gen', '127.0.0.1', '内网IP', '{\"businessName\":\"schedules\",\"className\":\"CourseSchedules\",\"columns\":[{\"capJavaField\":\"Id\",\"columnId\":20,\"columnName\":\"id\",\"columnType\":\"int(11)\",\"createBy\":\"admin\",\"createTime\":\"2024-05-14 04:26:50\",\"dictType\":\"\",\"edit\":false,\"htmlType\":\"input\",\"increment\":true,\"insert\":true,\"isIncrement\":\"1\",\"isInsert\":\"1\",\"isPk\":\"1\",\"isRequired\":\"0\",\"javaField\":\"id\",\"javaType\":\"Long\",\"list\":false,\"params\":{},\"pk\":true,\"query\":false,\"queryType\":\"EQ\",\"required\":false,\"sort\":1,\"superColumn\":false,\"tableId\":3,\"updateBy\":\"\",\"usableColumn\":false},{\"capJavaField\":\"CourseId\",\"columnId\":21,\"columnName\":\"course_id\",\"columnType\":\"int(11)\",\"createBy\":\"admin\",\"createTime\":\"2024-05-14 04:26:50\",\"dictType\":\"\",\"edit\":true,\"htmlType\":\"input\",\"increment\":false,\"insert\":true,\"isEdit\":\"1\",\"isIncrement\":\"0\",\"isInsert\":\"1\",\"isList\":\"1\",\"isPk\":\"0\",\"isQuery\":\"1\",\"isRequired\":\"1\",\"javaField\":\"courseId\",\"javaType\":\"Long\",\"list\":true,\"params\":{},\"pk\":false,\"query\":true,\"queryType\":\"EQ\",\"required\":true,\"sort\":2,\"superColumn\":false,\"tableId\":3,\"updateBy\":\"\",\"usableColumn\":false},{\"capJavaField\":\"ClassId\",\"columnId\":22,\"columnName\":\"class_id\",\"columnType\":\"int(11)\",\"createBy\":\"admin\",\"createTime\":\"2024-05-14 04:26:50\",\"dictType\":\"\",\"edit\":true,\"htmlType\":\"input\",\"increment\":false,\"insert\":true,\"isEdit\":\"1\",\"isIncrement\":\"0\",\"isInsert\":\"1\",\"isList\":\"1\",\"isPk\":\"0\",\"isQuery\":\"1\",\"isRequired\":\"1\",\"javaField\":\"classId\",\"javaType\":\"Long\",\"list\":true,\"params\":{},\"pk\":false,\"query\":true,\"queryType\":\"EQ\",\"required\":true,\"sort\":3,\"superColumn\":false,\"tableId\":3,\"updateBy\":\"\",\"usableColumn\":false},{\"capJavaField\":\"StartTime\",\"columnId\":23,\"columnName\":\"start_time\",\"columnType\":\"datetime\",\"createBy\":\"admin\",\"createTime\":\"2024-05-14 04:26:50\",\"dictType\":\"\",\"edit\":true,\"htmlType\":\"datetime\",\"increment\":false,\"insert\":true,\"isEdit\":\"1\",\"isIncrement\":\"0\",\"isInsert\":\"1\",\"isList\":\"1\",\"isPk\":\"0\",\"isQuery\":\"1\",\"isRequired\":\"1\",\"javaField\":\"startTime\",\"javaType\":\"Date\",\"list\":true,\"params\":{},\"pk\":false,\"query\":true,\"queryType\":\"E', '{\"msg\":\"操作成功\",\"code\":200}', 0, NULL, '2024-05-14 05:34:22', 36);
INSERT INTO `sys_oper_log` VALUES (109, '代码生成', 2, 'com.ruoyi.generator.controller.GenController.editSave()', 'PUT', 1, 'admin', '研发部门', '/tool/gen', '127.0.0.1', '内网IP', '{\"businessName\":\"courses\",\"className\":\"Courses\",\"columns\":[{\"capJavaField\":\"Id\",\"columnId\":26,\"columnName\":\"id\",\"columnType\":\"int(11)\",\"createBy\":\"admin\",\"createTime\":\"2024-05-14 04:26:50\",\"dictType\":\"\",\"edit\":false,\"htmlType\":\"input\",\"increment\":true,\"insert\":true,\"isIncrement\":\"1\",\"isInsert\":\"1\",\"isPk\":\"1\",\"isRequired\":\"0\",\"javaField\":\"id\",\"javaType\":\"Long\",\"list\":false,\"params\":{},\"pk\":true,\"query\":false,\"queryType\":\"EQ\",\"required\":false,\"sort\":1,\"superColumn\":false,\"tableId\":4,\"updateBy\":\"\",\"usableColumn\":false},{\"capJavaField\":\"Name\",\"columnId\":27,\"columnName\":\"name\",\"columnType\":\"varchar(100)\",\"createBy\":\"admin\",\"createTime\":\"2024-05-14 04:26:50\",\"dictType\":\"\",\"edit\":true,\"htmlType\":\"input\",\"increment\":false,\"insert\":true,\"isEdit\":\"1\",\"isIncrement\":\"0\",\"isInsert\":\"1\",\"isList\":\"1\",\"isPk\":\"0\",\"isQuery\":\"1\",\"isRequired\":\"1\",\"javaField\":\"name\",\"javaType\":\"String\",\"list\":true,\"params\":{},\"pk\":false,\"query\":true,\"queryType\":\"LIKE\",\"required\":true,\"sort\":2,\"superColumn\":false,\"tableId\":4,\"updateBy\":\"\",\"usableColumn\":false},{\"capJavaField\":\"Description\",\"columnId\":28,\"columnName\":\"description\",\"columnType\":\"text\",\"createBy\":\"admin\",\"createTime\":\"2024-05-14 04:26:50\",\"dictType\":\"\",\"edit\":true,\"htmlType\":\"textarea\",\"increment\":false,\"insert\":true,\"isEdit\":\"1\",\"isIncrement\":\"0\",\"isInsert\":\"1\",\"isList\":\"1\",\"isPk\":\"0\",\"isQuery\":\"1\",\"isRequired\":\"0\",\"javaField\":\"description\",\"javaType\":\"String\",\"list\":true,\"params\":{},\"pk\":false,\"query\":true,\"queryType\":\"EQ\",\"required\":false,\"sort\":3,\"superColumn\":false,\"tableId\":4,\"updateBy\":\"\",\"usableColumn\":false},{\"capJavaField\":\"Duration\",\"columnId\":29,\"columnName\":\"duration\",\"columnType\":\"int(11)\",\"createBy\":\"admin\",\"createTime\":\"2024-05-14 04:26:50\",\"dictType\":\"\",\"edit\":true,\"htmlType\":\"input\",\"increment\":false,\"insert\":true,\"isEdit\":\"1\",\"isIncrement\":\"0\",\"isInsert\":\"1\",\"isList\":\"1\",\"isPk\":\"0\",\"isQuery\":\"1\",\"isRequired\":\"0\",\"javaField\":\"duration\",\"javaType\":\"Long\",\"list\":true,\"params\":{},\"pk\":false,\"query\":true,\"queryType\":\"EQ\",\"requ', '{\"msg\":\"操作成功\",\"code\":200}', 0, NULL, '2024-05-14 05:35:16', 58);
INSERT INTO `sys_oper_log` VALUES (110, '代码生成', 2, 'com.ruoyi.generator.controller.GenController.editSave()', 'PUT', 1, 'admin', '研发部门', '/tool/gen', '127.0.0.1', '内网IP', '{\"businessName\":\"departments\",\"className\":\"Departments\",\"columns\":[{\"capJavaField\":\"Id\",\"columnId\":31,\"columnName\":\"id\",\"columnType\":\"int(11)\",\"createBy\":\"admin\",\"createTime\":\"2024-05-14 04:26:50\",\"dictType\":\"\",\"edit\":false,\"htmlType\":\"input\",\"increment\":true,\"insert\":true,\"isIncrement\":\"1\",\"isInsert\":\"1\",\"isPk\":\"1\",\"isRequired\":\"0\",\"javaField\":\"id\",\"javaType\":\"Long\",\"list\":false,\"params\":{},\"pk\":true,\"query\":false,\"queryType\":\"EQ\",\"required\":false,\"sort\":1,\"superColumn\":false,\"tableId\":5,\"updateBy\":\"\",\"usableColumn\":false},{\"capJavaField\":\"Name\",\"columnId\":32,\"columnName\":\"name\",\"columnType\":\"varchar(100)\",\"createBy\":\"admin\",\"createTime\":\"2024-05-14 04:26:50\",\"dictType\":\"\",\"edit\":true,\"htmlType\":\"input\",\"increment\":false,\"insert\":true,\"isEdit\":\"1\",\"isIncrement\":\"0\",\"isInsert\":\"1\",\"isList\":\"1\",\"isPk\":\"0\",\"isQuery\":\"1\",\"isRequired\":\"1\",\"javaField\":\"name\",\"javaType\":\"String\",\"list\":true,\"params\":{},\"pk\":false,\"query\":true,\"queryType\":\"LIKE\",\"required\":true,\"sort\":2,\"superColumn\":false,\"tableId\":5,\"updateBy\":\"\",\"usableColumn\":false},{\"capJavaField\":\"Description\",\"columnId\":33,\"columnName\":\"description\",\"columnType\":\"text\",\"createBy\":\"admin\",\"createTime\":\"2024-05-14 04:26:50\",\"dictType\":\"\",\"edit\":true,\"htmlType\":\"textarea\",\"increment\":false,\"insert\":true,\"isEdit\":\"1\",\"isIncrement\":\"0\",\"isInsert\":\"1\",\"isList\":\"1\",\"isPk\":\"0\",\"isQuery\":\"1\",\"isRequired\":\"0\",\"javaField\":\"description\",\"javaType\":\"String\",\"list\":true,\"params\":{},\"pk\":false,\"query\":true,\"queryType\":\"EQ\",\"required\":false,\"sort\":3,\"superColumn\":false,\"tableId\":5,\"updateBy\":\"\",\"usableColumn\":false},{\"capJavaField\":\"CreatedAt\",\"columnId\":34,\"columnName\":\"created_at\",\"columnType\":\"timestamp\",\"createBy\":\"admin\",\"createTime\":\"2024-05-14 04:26:50\",\"dictType\":\"\",\"edit\":true,\"htmlType\":\"datetime\",\"increment\":false,\"insert\":true,\"isEdit\":\"1\",\"isIncrement\":\"0\",\"isInsert\":\"1\",\"isList\":\"1\",\"isPk\":\"0\",\"isQuery\":\"1\",\"isRequired\":\"1\",\"javaField\":\"createdAt\",\"javaType\":\"Date\",\"list\":true,\"params\":{},\"pk\":false,\"query\":true,\"quer', '{\"msg\":\"操作成功\",\"code\":200}', 0, NULL, '2024-05-14 05:35:45', 19);
INSERT INTO `sys_oper_log` VALUES (111, '代码生成', 2, 'com.ruoyi.generator.controller.GenController.editSave()', 'PUT', 1, 'admin', '研发部门', '/tool/gen', '127.0.0.1', '内网IP', '{\"businessName\":\"employees\",\"className\":\"Employees\",\"columns\":[{\"capJavaField\":\"Id\",\"columnId\":35,\"columnName\":\"id\",\"columnType\":\"int(11)\",\"createBy\":\"admin\",\"createTime\":\"2024-05-14 04:26:50\",\"dictType\":\"\",\"edit\":false,\"htmlType\":\"input\",\"increment\":true,\"insert\":true,\"isIncrement\":\"1\",\"isInsert\":\"1\",\"isPk\":\"1\",\"isRequired\":\"0\",\"javaField\":\"id\",\"javaType\":\"Long\",\"list\":false,\"params\":{},\"pk\":true,\"query\":false,\"queryType\":\"EQ\",\"required\":false,\"sort\":1,\"superColumn\":false,\"tableId\":6,\"updateBy\":\"\",\"usableColumn\":false},{\"capJavaField\":\"UserId\",\"columnId\":36,\"columnName\":\"user_id\",\"columnType\":\"int(11)\",\"createBy\":\"admin\",\"createTime\":\"2024-05-14 04:26:50\",\"dictType\":\"\",\"edit\":true,\"htmlType\":\"input\",\"increment\":false,\"insert\":true,\"isEdit\":\"1\",\"isIncrement\":\"0\",\"isInsert\":\"1\",\"isList\":\"1\",\"isPk\":\"0\",\"isQuery\":\"1\",\"isRequired\":\"1\",\"javaField\":\"userId\",\"javaType\":\"Long\",\"list\":true,\"params\":{},\"pk\":false,\"query\":true,\"queryType\":\"EQ\",\"required\":true,\"sort\":2,\"superColumn\":false,\"tableId\":6,\"updateBy\":\"\",\"usableColumn\":false},{\"capJavaField\":\"DepartmentId\",\"columnId\":37,\"columnName\":\"department_id\",\"columnType\":\"int(11)\",\"createBy\":\"admin\",\"createTime\":\"2024-05-14 04:26:50\",\"dictType\":\"\",\"edit\":true,\"htmlType\":\"input\",\"increment\":false,\"insert\":true,\"isEdit\":\"1\",\"isIncrement\":\"0\",\"isInsert\":\"1\",\"isList\":\"1\",\"isPk\":\"0\",\"isQuery\":\"1\",\"isRequired\":\"1\",\"javaField\":\"departmentId\",\"javaType\":\"Long\",\"list\":true,\"params\":{},\"pk\":false,\"query\":true,\"queryType\":\"EQ\",\"required\":true,\"sort\":3,\"superColumn\":false,\"tableId\":6,\"updateBy\":\"\",\"usableColumn\":false},{\"capJavaField\":\"FirstName\",\"columnId\":38,\"columnName\":\"first_name\",\"columnType\":\"varchar(50)\",\"createBy\":\"admin\",\"createTime\":\"2024-05-14 04:26:50\",\"dictType\":\"\",\"edit\":true,\"htmlType\":\"input\",\"increment\":false,\"insert\":true,\"isEdit\":\"1\",\"isIncrement\":\"0\",\"isInsert\":\"1\",\"isList\":\"1\",\"isPk\":\"0\",\"isQuery\":\"1\",\"isRequired\":\"1\",\"javaField\":\"firstName\",\"javaType\":\"String\",\"list\":true,\"params\":{},\"pk\":false,\"query\":true,\"queryTyp', '{\"msg\":\"操作成功\",\"code\":200}', 0, NULL, '2024-05-14 05:36:14', 30);
INSERT INTO `sys_oper_log` VALUES (112, '代码生成', 2, 'com.ruoyi.generator.controller.GenController.editSave()', 'PUT', 1, 'admin', '研发部门', '/tool/gen', '127.0.0.1', '内网IP', '{\"businessName\":\"students\",\"className\":\"Students\",\"columns\":[{\"capJavaField\":\"Id\",\"columnId\":43,\"columnName\":\"id\",\"columnType\":\"int(11)\",\"createBy\":\"admin\",\"createTime\":\"2024-05-14 04:26:50\",\"dictType\":\"\",\"edit\":false,\"htmlType\":\"input\",\"increment\":true,\"insert\":true,\"isIncrement\":\"1\",\"isInsert\":\"1\",\"isPk\":\"1\",\"isRequired\":\"0\",\"javaField\":\"id\",\"javaType\":\"Long\",\"list\":false,\"params\":{},\"pk\":true,\"query\":false,\"queryType\":\"EQ\",\"required\":false,\"sort\":1,\"superColumn\":false,\"tableId\":7,\"updateBy\":\"\",\"usableColumn\":false},{\"capJavaField\":\"UserId\",\"columnId\":44,\"columnName\":\"user_id\",\"columnType\":\"int(11)\",\"createBy\":\"admin\",\"createTime\":\"2024-05-14 04:26:50\",\"dictType\":\"\",\"edit\":true,\"htmlType\":\"input\",\"increment\":false,\"insert\":true,\"isEdit\":\"1\",\"isIncrement\":\"0\",\"isInsert\":\"1\",\"isList\":\"1\",\"isPk\":\"0\",\"isQuery\":\"1\",\"isRequired\":\"1\",\"javaField\":\"userId\",\"javaType\":\"Long\",\"list\":true,\"params\":{},\"pk\":false,\"query\":true,\"queryType\":\"EQ\",\"required\":true,\"sort\":2,\"superColumn\":false,\"tableId\":7,\"updateBy\":\"\",\"usableColumn\":false},{\"capJavaField\":\"ClassId\",\"columnId\":45,\"columnName\":\"class_id\",\"columnType\":\"int(11)\",\"createBy\":\"admin\",\"createTime\":\"2024-05-14 04:26:50\",\"dictType\":\"\",\"edit\":true,\"htmlType\":\"input\",\"increment\":false,\"insert\":true,\"isEdit\":\"1\",\"isIncrement\":\"0\",\"isInsert\":\"1\",\"isList\":\"1\",\"isPk\":\"0\",\"isQuery\":\"1\",\"isRequired\":\"0\",\"javaField\":\"classId\",\"javaType\":\"Long\",\"list\":true,\"params\":{},\"pk\":false,\"query\":true,\"queryType\":\"EQ\",\"required\":false,\"sort\":3,\"superColumn\":false,\"tableId\":7,\"updateBy\":\"\",\"usableColumn\":false},{\"capJavaField\":\"CreatedAt\",\"columnId\":46,\"columnName\":\"created_at\",\"columnType\":\"timestamp\",\"createBy\":\"admin\",\"createTime\":\"2024-05-14 04:26:50\",\"dictType\":\"\",\"edit\":true,\"htmlType\":\"datetime\",\"increment\":false,\"insert\":true,\"isEdit\":\"1\",\"isIncrement\":\"0\",\"isInsert\":\"1\",\"isList\":\"1\",\"isPk\":\"0\",\"isQuery\":\"1\",\"isRequired\":\"1\",\"javaField\":\"createdAt\",\"javaType\":\"Date\",\"list\":true,\"params\":{},\"pk\":false,\"query\":true,\"queryType\":\"EQ\",\"required', '{\"msg\":\"操作成功\",\"code\":200}', 0, NULL, '2024-05-14 05:36:35', 22);
INSERT INTO `sys_oper_log` VALUES (113, '代码生成', 2, 'com.ruoyi.generator.controller.GenController.editSave()', 'PUT', 1, 'admin', '研发部门', '/tool/gen', '127.0.0.1', '内网IP', '{\"businessName\":\"users\",\"className\":\"Users\",\"columns\":[{\"capJavaField\":\"Id\",\"columnId\":47,\"columnName\":\"id\",\"columnType\":\"int(11)\",\"createBy\":\"admin\",\"createTime\":\"2024-05-14 04:26:50\",\"dictType\":\"\",\"edit\":false,\"htmlType\":\"input\",\"increment\":true,\"insert\":true,\"isIncrement\":\"1\",\"isInsert\":\"1\",\"isPk\":\"1\",\"isRequired\":\"0\",\"javaField\":\"id\",\"javaType\":\"Long\",\"list\":false,\"params\":{},\"pk\":true,\"query\":false,\"queryType\":\"EQ\",\"required\":false,\"sort\":1,\"superColumn\":false,\"tableId\":8,\"updateBy\":\"\",\"usableColumn\":false},{\"capJavaField\":\"Username\",\"columnId\":48,\"columnName\":\"username\",\"columnType\":\"varchar(50)\",\"createBy\":\"admin\",\"createTime\":\"2024-05-14 04:26:50\",\"dictType\":\"\",\"edit\":true,\"htmlType\":\"input\",\"increment\":false,\"insert\":true,\"isEdit\":\"1\",\"isIncrement\":\"0\",\"isInsert\":\"1\",\"isList\":\"1\",\"isPk\":\"0\",\"isQuery\":\"1\",\"isRequired\":\"1\",\"javaField\":\"username\",\"javaType\":\"String\",\"list\":true,\"params\":{},\"pk\":false,\"query\":true,\"queryType\":\"LIKE\",\"required\":true,\"sort\":2,\"superColumn\":false,\"tableId\":8,\"updateBy\":\"\",\"usableColumn\":false},{\"capJavaField\":\"Password\",\"columnId\":49,\"columnName\":\"password\",\"columnType\":\"varchar(255)\",\"createBy\":\"admin\",\"createTime\":\"2024-05-14 04:26:50\",\"dictType\":\"\",\"edit\":true,\"htmlType\":\"input\",\"increment\":false,\"insert\":true,\"isEdit\":\"1\",\"isIncrement\":\"0\",\"isInsert\":\"1\",\"isList\":\"1\",\"isPk\":\"0\",\"isQuery\":\"1\",\"isRequired\":\"1\",\"javaField\":\"password\",\"javaType\":\"String\",\"list\":true,\"params\":{},\"pk\":false,\"query\":true,\"queryType\":\"EQ\",\"required\":true,\"sort\":3,\"superColumn\":false,\"tableId\":8,\"updateBy\":\"\",\"usableColumn\":false},{\"capJavaField\":\"Role\",\"columnId\":50,\"columnName\":\"role\",\"columnType\":\"enum(\'admin\',\'teacher\',\'student\')\",\"createBy\":\"admin\",\"createTime\":\"2024-05-14 04:26:50\",\"dictType\":\"\",\"edit\":true,\"increment\":false,\"insert\":true,\"isEdit\":\"1\",\"isIncrement\":\"0\",\"isInsert\":\"1\",\"isList\":\"1\",\"isPk\":\"0\",\"isQuery\":\"1\",\"isRequired\":\"1\",\"javaField\":\"role\",\"javaType\":\"String\",\"list\":true,\"params\":{},\"pk\":false,\"query\":true,\"queryType\":\"EQ\",\"requi', '{\"msg\":\"操作成功\",\"code\":200}', 0, NULL, '2024-05-14 05:36:59', 21);
INSERT INTO `sys_oper_log` VALUES (114, '代码生成', 2, 'com.ruoyi.generator.controller.GenController.editSave()', 'PUT', 1, 'admin', '研发部门', '/tool/gen', '127.0.0.1', '内网IP', '{\"businessName\":\"classes\",\"className\":\"Classes\",\"columns\":[{\"capJavaField\":\"Id\",\"columnId\":15,\"columnName\":\"id\",\"columnType\":\"int(11)\",\"createBy\":\"admin\",\"createTime\":\"2024-05-14 04:26:50\",\"dictType\":\"\",\"edit\":false,\"htmlType\":\"input\",\"increment\":true,\"insert\":true,\"isIncrement\":\"1\",\"isInsert\":\"1\",\"isPk\":\"1\",\"isRequired\":\"0\",\"javaField\":\"id\",\"javaType\":\"Long\",\"list\":false,\"params\":{},\"pk\":true,\"query\":false,\"queryType\":\"EQ\",\"required\":false,\"sort\":1,\"superColumn\":false,\"tableId\":2,\"updateBy\":\"\",\"updateTime\":\"2024-05-14 05:31:17\",\"usableColumn\":false},{\"capJavaField\":\"Name\",\"columnId\":16,\"columnName\":\"name\",\"columnType\":\"varchar(100)\",\"createBy\":\"admin\",\"createTime\":\"2024-05-14 04:26:50\",\"dictType\":\"\",\"edit\":true,\"htmlType\":\"input\",\"increment\":false,\"insert\":true,\"isEdit\":\"1\",\"isIncrement\":\"0\",\"isInsert\":\"1\",\"isList\":\"1\",\"isPk\":\"0\",\"isQuery\":\"1\",\"isRequired\":\"1\",\"javaField\":\"name\",\"javaType\":\"String\",\"list\":true,\"params\":{},\"pk\":false,\"query\":true,\"queryType\":\"LIKE\",\"required\":true,\"sort\":2,\"superColumn\":false,\"tableId\":2,\"updateBy\":\"\",\"updateTime\":\"2024-05-14 05:31:17\",\"usableColumn\":false},{\"capJavaField\":\"TeacherId\",\"columnId\":17,\"columnName\":\"teacher_id\",\"columnType\":\"int(11)\",\"createBy\":\"admin\",\"createTime\":\"2024-05-14 04:26:50\",\"dictType\":\"\",\"edit\":true,\"htmlType\":\"input\",\"increment\":false,\"insert\":true,\"isEdit\":\"1\",\"isIncrement\":\"0\",\"isInsert\":\"1\",\"isList\":\"1\",\"isPk\":\"0\",\"isQuery\":\"1\",\"isRequired\":\"1\",\"javaField\":\"teacherId\",\"javaType\":\"Long\",\"list\":true,\"params\":{},\"pk\":false,\"query\":true,\"queryType\":\"EQ\",\"required\":true,\"sort\":3,\"superColumn\":false,\"tableId\":2,\"updateBy\":\"\",\"updateTime\":\"2024-05-14 05:31:17\",\"usableColumn\":false},{\"capJavaField\":\"Description\",\"columnId\":18,\"columnName\":\"description\",\"columnType\":\"text\",\"createBy\":\"admin\",\"createTime\":\"2024-05-14 04:26:50\",\"dictType\":\"\",\"edit\":true,\"htmlType\":\"textarea\",\"increment\":false,\"insert\":true,\"isEdit\":\"1\",\"isIncrement\":\"0\",\"isInsert\":\"1\",\"isList\":\"1\",\"isPk\":\"0\",\"isQuery\":\"1\",\"isRequired\":\"0\",\"javaFie', '{\"msg\":\"操作成功\",\"code\":200}', 0, NULL, '2024-05-14 05:37:15', 45);
INSERT INTO `sys_oper_log` VALUES (115, '代码生成', 8, 'com.ruoyi.generator.controller.GenController.batchGenCode()', 'GET', 1, 'admin', '研发部门', '/tool/gen/batchGenCode', '127.0.0.1', '内网IP', '{\"tables\":\"classes,course_schedules,courses,departments,employees,students,users\"}', NULL, 0, NULL, '2024-05-14 05:37:22', 407);
INSERT INTO `sys_oper_log` VALUES (116, '代码生成', 2, 'com.ruoyi.generator.controller.GenController.editSave()', 'PUT', 1, 'admin', '研发部门', '/tool/gen', '127.0.0.1', '内网IP', '{\"businessName\":\"classes\",\"className\":\"Classes\",\"columns\":[{\"capJavaField\":\"Id\",\"columnId\":15,\"columnName\":\"id\",\"columnType\":\"int(11)\",\"createBy\":\"admin\",\"createTime\":\"2024-05-14 04:26:50\",\"dictType\":\"\",\"edit\":false,\"htmlType\":\"input\",\"increment\":true,\"insert\":true,\"isIncrement\":\"1\",\"isInsert\":\"1\",\"isPk\":\"1\",\"isRequired\":\"0\",\"javaField\":\"id\",\"javaType\":\"Long\",\"list\":false,\"params\":{},\"pk\":true,\"query\":false,\"queryType\":\"EQ\",\"required\":false,\"sort\":1,\"superColumn\":false,\"tableId\":2,\"updateBy\":\"\",\"updateTime\":\"2024-05-14 05:37:15\",\"usableColumn\":false},{\"capJavaField\":\"Name\",\"columnId\":16,\"columnName\":\"name\",\"columnType\":\"varchar(100)\",\"createBy\":\"admin\",\"createTime\":\"2024-05-14 04:26:50\",\"dictType\":\"\",\"edit\":true,\"htmlType\":\"input\",\"increment\":false,\"insert\":true,\"isEdit\":\"1\",\"isIncrement\":\"0\",\"isInsert\":\"1\",\"isList\":\"1\",\"isPk\":\"0\",\"isQuery\":\"1\",\"isRequired\":\"1\",\"javaField\":\"name\",\"javaType\":\"String\",\"list\":true,\"params\":{},\"pk\":false,\"query\":true,\"queryType\":\"LIKE\",\"required\":true,\"sort\":2,\"superColumn\":false,\"tableId\":2,\"updateBy\":\"\",\"updateTime\":\"2024-05-14 05:37:15\",\"usableColumn\":false},{\"capJavaField\":\"TeacherId\",\"columnId\":17,\"columnName\":\"teacher_id\",\"columnType\":\"int(11)\",\"createBy\":\"admin\",\"createTime\":\"2024-05-14 04:26:50\",\"dictType\":\"\",\"edit\":true,\"htmlType\":\"input\",\"increment\":false,\"insert\":true,\"isEdit\":\"1\",\"isIncrement\":\"0\",\"isInsert\":\"1\",\"isList\":\"1\",\"isPk\":\"0\",\"isQuery\":\"1\",\"isRequired\":\"1\",\"javaField\":\"teacherId\",\"javaType\":\"Long\",\"list\":true,\"params\":{},\"pk\":false,\"query\":true,\"queryType\":\"EQ\",\"required\":true,\"sort\":3,\"superColumn\":false,\"tableId\":2,\"updateBy\":\"\",\"updateTime\":\"2024-05-14 05:37:15\",\"usableColumn\":false},{\"capJavaField\":\"Description\",\"columnId\":18,\"columnName\":\"description\",\"columnType\":\"text\",\"createBy\":\"admin\",\"createTime\":\"2024-05-14 04:26:50\",\"dictType\":\"\",\"edit\":true,\"htmlType\":\"textarea\",\"increment\":false,\"insert\":true,\"isEdit\":\"1\",\"isIncrement\":\"0\",\"isInsert\":\"1\",\"isList\":\"1\",\"isPk\":\"0\",\"isQuery\":\"1\",\"isRequired\":\"0\",\"javaFie', '{\"msg\":\"操作成功\",\"code\":200}', 0, NULL, '2024-05-14 05:38:04', 18);
INSERT INTO `sys_oper_log` VALUES (117, '代码生成', 8, 'com.ruoyi.generator.controller.GenController.batchGenCode()', 'GET', 1, 'admin', '研发部门', '/tool/gen/batchGenCode', '127.0.0.1', '内网IP', '{\"tables\":\"classes,course_schedules,courses,departments,employees,students,users\"}', NULL, 0, NULL, '2024-05-14 05:38:16', 251);
INSERT INTO `sys_oper_log` VALUES (118, '菜单管理', 2, 'com.ruoyi.web.controller.system.SysMenuController.edit()', 'PUT', 1, 'admin', '研发部门', '/system/menu', '127.0.0.1', '内网IP', '{\"children\":[],\"createTime\":\"2024-05-14 04:08:28\",\"icon\":\"dict\",\"isCache\":\"0\",\"isFrame\":\"1\",\"menuId\":2000,\"menuName\":\"管理系统\",\"menuType\":\"M\",\"orderNum\":0,\"params\":{},\"parentId\":0,\"path\":\"DepSys\",\"perms\":\"\",\"status\":\"0\",\"updateBy\":\"admin\",\"visible\":\"0\"}', '{\"msg\":\"操作成功\",\"code\":200}', 0, NULL, '2024-05-14 05:46:46', 28);
INSERT INTO `sys_oper_log` VALUES (119, '代码生成', 2, 'com.ruoyi.generator.controller.GenController.editSave()', 'PUT', 1, 'admin', '研发部门', '/tool/gen', '127.0.0.1', '内网IP', '{\"businessName\":\"classes\",\"className\":\"Classes\",\"columns\":[{\"capJavaField\":\"Id\",\"columnComment\":\"班级id\",\"columnId\":15,\"columnName\":\"id\",\"columnType\":\"int(11)\",\"createBy\":\"admin\",\"createTime\":\"2024-05-14 04:26:50\",\"dictType\":\"\",\"edit\":false,\"htmlType\":\"input\",\"increment\":true,\"insert\":true,\"isIncrement\":\"1\",\"isInsert\":\"1\",\"isPk\":\"1\",\"isRequired\":\"0\",\"javaField\":\"id\",\"javaType\":\"Long\",\"list\":false,\"params\":{},\"pk\":true,\"query\":false,\"queryType\":\"EQ\",\"required\":false,\"sort\":1,\"superColumn\":false,\"tableId\":2,\"updateBy\":\"\",\"updateTime\":\"2024-05-14 05:38:04\",\"usableColumn\":false},{\"capJavaField\":\"Name\",\"columnComment\":\"名称\",\"columnId\":16,\"columnName\":\"name\",\"columnType\":\"varchar(100)\",\"createBy\":\"admin\",\"createTime\":\"2024-05-14 04:26:50\",\"dictType\":\"\",\"edit\":true,\"htmlType\":\"input\",\"increment\":false,\"insert\":true,\"isEdit\":\"1\",\"isIncrement\":\"0\",\"isInsert\":\"1\",\"isList\":\"1\",\"isPk\":\"0\",\"isQuery\":\"1\",\"isRequired\":\"1\",\"javaField\":\"name\",\"javaType\":\"String\",\"list\":true,\"params\":{},\"pk\":false,\"query\":true,\"queryType\":\"LIKE\",\"required\":true,\"sort\":2,\"superColumn\":false,\"tableId\":2,\"updateBy\":\"\",\"updateTime\":\"2024-05-14 05:38:04\",\"usableColumn\":false},{\"capJavaField\":\"TeacherId\",\"columnComment\":\"老师id\",\"columnId\":17,\"columnName\":\"teacher_id\",\"columnType\":\"int(11)\",\"createBy\":\"admin\",\"createTime\":\"2024-05-14 04:26:50\",\"dictType\":\"\",\"edit\":true,\"htmlType\":\"input\",\"increment\":false,\"insert\":true,\"isEdit\":\"1\",\"isIncrement\":\"0\",\"isInsert\":\"1\",\"isList\":\"1\",\"isPk\":\"0\",\"isQuery\":\"1\",\"isRequired\":\"1\",\"javaField\":\"teacherId\",\"javaType\":\"Long\",\"list\":true,\"params\":{},\"pk\":false,\"query\":true,\"queryType\":\"EQ\",\"required\":true,\"sort\":3,\"superColumn\":false,\"tableId\":2,\"updateBy\":\"\",\"updateTime\":\"2024-05-14 05:38:04\",\"usableColumn\":false},{\"capJavaField\":\"Description\",\"columnId\":18,\"columnName\":\"description\",\"columnType\":\"text\",\"createBy\":\"admin\",\"createTime\":\"2024-05-14 04:26:50\",\"dictType\":\"\",\"edit\":true,\"htmlType\":\"textarea\",\"increment\":false,\"insert\":true,\"isEdit\":\"1\",\"isIncrement\":\"0\",\"isInsert\":', '{\"msg\":\"操作成功\",\"code\":200}', 0, NULL, '2024-05-14 05:57:28', 61);
INSERT INTO `sys_oper_log` VALUES (120, '代码生成', 2, 'com.ruoyi.generator.controller.GenController.editSave()', 'PUT', 1, 'admin', '研发部门', '/tool/gen', '127.0.0.1', '内网IP', '{\"businessName\":\"schedules\",\"className\":\"CourseSchedules\",\"columns\":[{\"capJavaField\":\"Id\",\"columnComment\":\"\",\"columnId\":20,\"columnName\":\"id\",\"columnType\":\"int(11)\",\"createBy\":\"admin\",\"createTime\":\"2024-05-14 04:26:50\",\"dictType\":\"\",\"edit\":false,\"htmlType\":\"input\",\"increment\":true,\"insert\":true,\"isIncrement\":\"1\",\"isInsert\":\"1\",\"isPk\":\"1\",\"isRequired\":\"0\",\"javaField\":\"id\",\"javaType\":\"Long\",\"list\":false,\"params\":{},\"pk\":true,\"query\":false,\"queryType\":\"EQ\",\"required\":false,\"sort\":1,\"superColumn\":false,\"tableId\":3,\"updateBy\":\"\",\"updateTime\":\"2024-05-14 05:34:22\",\"usableColumn\":false},{\"capJavaField\":\"CourseId\",\"columnComment\":\"课程id\",\"columnId\":21,\"columnName\":\"course_id\",\"columnType\":\"int(11)\",\"createBy\":\"admin\",\"createTime\":\"2024-05-14 04:26:50\",\"dictType\":\"\",\"edit\":true,\"htmlType\":\"input\",\"increment\":false,\"insert\":true,\"isEdit\":\"1\",\"isIncrement\":\"0\",\"isInsert\":\"1\",\"isList\":\"1\",\"isPk\":\"0\",\"isQuery\":\"1\",\"isRequired\":\"1\",\"javaField\":\"courseId\",\"javaType\":\"Long\",\"list\":true,\"params\":{},\"pk\":false,\"query\":true,\"queryType\":\"EQ\",\"required\":true,\"sort\":2,\"superColumn\":false,\"tableId\":3,\"updateBy\":\"\",\"updateTime\":\"2024-05-14 05:34:22\",\"usableColumn\":false},{\"capJavaField\":\"ClassId\",\"columnComment\":\"班级id\",\"columnId\":22,\"columnName\":\"class_id\",\"columnType\":\"int(11)\",\"createBy\":\"admin\",\"createTime\":\"2024-05-14 04:26:50\",\"dictType\":\"\",\"edit\":true,\"htmlType\":\"input\",\"increment\":false,\"insert\":true,\"isEdit\":\"1\",\"isIncrement\":\"0\",\"isInsert\":\"1\",\"isList\":\"1\",\"isPk\":\"0\",\"isQuery\":\"1\",\"isRequired\":\"1\",\"javaField\":\"classId\",\"javaType\":\"Long\",\"list\":true,\"params\":{},\"pk\":false,\"query\":true,\"queryType\":\"EQ\",\"required\":true,\"sort\":3,\"superColumn\":false,\"tableId\":3,\"updateBy\":\"\",\"updateTime\":\"2024-05-14 05:34:22\",\"usableColumn\":false},{\"capJavaField\":\"StartTime\",\"columnComment\":\"开始试卷\",\"columnId\":23,\"columnName\":\"start_time\",\"columnType\":\"datetime\",\"createBy\":\"admin\",\"createTime\":\"2024-05-14 04:26:50\",\"dictType\":\"\",\"edit\":true,\"htmlType\":\"datetime\",\"increment\":false,\"insert\":true,\"isEdit\":\"1\"', '{\"msg\":\"操作成功\",\"code\":200}', 0, NULL, '2024-05-14 05:58:18', 35);
INSERT INTO `sys_oper_log` VALUES (121, '代码生成', 2, 'com.ruoyi.generator.controller.GenController.editSave()', 'PUT', 1, 'admin', '研发部门', '/tool/gen', '127.0.0.1', '内网IP', '{\"businessName\":\"courses\",\"className\":\"Courses\",\"columns\":[{\"capJavaField\":\"Id\",\"columnId\":26,\"columnName\":\"id\",\"columnType\":\"int(11)\",\"createBy\":\"admin\",\"createTime\":\"2024-05-14 04:26:50\",\"dictType\":\"\",\"edit\":false,\"htmlType\":\"input\",\"increment\":true,\"insert\":true,\"isIncrement\":\"1\",\"isInsert\":\"1\",\"isPk\":\"1\",\"isRequired\":\"0\",\"javaField\":\"id\",\"javaType\":\"Long\",\"list\":false,\"params\":{},\"pk\":true,\"query\":false,\"queryType\":\"EQ\",\"required\":false,\"sort\":1,\"superColumn\":false,\"tableId\":4,\"updateBy\":\"\",\"updateTime\":\"2024-05-14 05:35:16\",\"usableColumn\":false},{\"capJavaField\":\"Name\",\"columnComment\":\"课程名称\",\"columnId\":27,\"columnName\":\"name\",\"columnType\":\"varchar(100)\",\"createBy\":\"admin\",\"createTime\":\"2024-05-14 04:26:50\",\"dictType\":\"\",\"edit\":true,\"htmlType\":\"input\",\"increment\":false,\"insert\":true,\"isEdit\":\"1\",\"isIncrement\":\"0\",\"isInsert\":\"1\",\"isList\":\"1\",\"isPk\":\"0\",\"isQuery\":\"1\",\"isRequired\":\"1\",\"javaField\":\"name\",\"javaType\":\"String\",\"list\":true,\"params\":{},\"pk\":false,\"query\":true,\"queryType\":\"LIKE\",\"required\":true,\"sort\":2,\"superColumn\":false,\"tableId\":4,\"updateBy\":\"\",\"updateTime\":\"2024-05-14 05:35:16\",\"usableColumn\":false},{\"capJavaField\":\"Description\",\"columnId\":28,\"columnName\":\"description\",\"columnType\":\"text\",\"createBy\":\"admin\",\"createTime\":\"2024-05-14 04:26:50\",\"dictType\":\"\",\"edit\":true,\"htmlType\":\"textarea\",\"increment\":false,\"insert\":true,\"isEdit\":\"1\",\"isIncrement\":\"0\",\"isInsert\":\"1\",\"isList\":\"1\",\"isPk\":\"0\",\"isQuery\":\"1\",\"isRequired\":\"0\",\"javaField\":\"description\",\"javaType\":\"String\",\"list\":true,\"params\":{},\"pk\":false,\"query\":true,\"queryType\":\"EQ\",\"required\":false,\"sort\":3,\"superColumn\":false,\"tableId\":4,\"updateBy\":\"\",\"updateTime\":\"2024-05-14 05:35:16\",\"usableColumn\":false},{\"capJavaField\":\"Duration\",\"columnId\":29,\"columnName\":\"duration\",\"columnType\":\"int(11)\",\"createBy\":\"admin\",\"createTime\":\"2024-05-14 04:26:50\",\"dictType\":\"\",\"edit\":true,\"htmlType\":\"input\",\"increment\":false,\"insert\":true,\"isEdit\":\"1\",\"isIncrement\":\"0\",\"isInsert\":\"1\",\"isList\":\"1\",\"isPk\":\"0\",\"isQuery\":\"1\",', '{\"msg\":\"操作成功\",\"code\":200}', 0, NULL, '2024-05-14 05:58:39', 25);
INSERT INTO `sys_oper_log` VALUES (122, '代码生成', 2, 'com.ruoyi.generator.controller.GenController.editSave()', 'PUT', 1, 'admin', '研发部门', '/tool/gen', '127.0.0.1', '内网IP', '{\"businessName\":\"departments\",\"className\":\"Departments\",\"columns\":[{\"capJavaField\":\"Id\",\"columnComment\":\"部门id\",\"columnId\":31,\"columnName\":\"id\",\"columnType\":\"int(11)\",\"createBy\":\"admin\",\"createTime\":\"2024-05-14 04:26:50\",\"dictType\":\"\",\"edit\":false,\"htmlType\":\"input\",\"increment\":true,\"insert\":true,\"isIncrement\":\"1\",\"isInsert\":\"1\",\"isPk\":\"1\",\"isRequired\":\"0\",\"javaField\":\"id\",\"javaType\":\"Long\",\"list\":false,\"params\":{},\"pk\":true,\"query\":false,\"queryType\":\"EQ\",\"required\":false,\"sort\":1,\"superColumn\":false,\"tableId\":5,\"updateBy\":\"\",\"updateTime\":\"2024-05-14 05:35:45\",\"usableColumn\":false},{\"capJavaField\":\"Name\",\"columnComment\":\"部门名称\",\"columnId\":32,\"columnName\":\"name\",\"columnType\":\"varchar(100)\",\"createBy\":\"admin\",\"createTime\":\"2024-05-14 04:26:50\",\"dictType\":\"\",\"edit\":true,\"htmlType\":\"input\",\"increment\":false,\"insert\":true,\"isEdit\":\"1\",\"isIncrement\":\"0\",\"isInsert\":\"1\",\"isList\":\"1\",\"isPk\":\"0\",\"isQuery\":\"1\",\"isRequired\":\"1\",\"javaField\":\"name\",\"javaType\":\"String\",\"list\":true,\"params\":{},\"pk\":false,\"query\":true,\"queryType\":\"LIKE\",\"required\":true,\"sort\":2,\"superColumn\":false,\"tableId\":5,\"updateBy\":\"\",\"updateTime\":\"2024-05-14 05:35:45\",\"usableColumn\":false},{\"capJavaField\":\"Description\",\"columnId\":33,\"columnName\":\"description\",\"columnType\":\"text\",\"createBy\":\"admin\",\"createTime\":\"2024-05-14 04:26:50\",\"dictType\":\"\",\"edit\":true,\"htmlType\":\"textarea\",\"increment\":false,\"insert\":true,\"isEdit\":\"1\",\"isIncrement\":\"0\",\"isInsert\":\"1\",\"isList\":\"1\",\"isPk\":\"0\",\"isQuery\":\"1\",\"isRequired\":\"0\",\"javaField\":\"description\",\"javaType\":\"String\",\"list\":true,\"params\":{},\"pk\":false,\"query\":true,\"queryType\":\"EQ\",\"required\":false,\"sort\":3,\"superColumn\":false,\"tableId\":5,\"updateBy\":\"\",\"updateTime\":\"2024-05-14 05:35:45\",\"usableColumn\":false},{\"capJavaField\":\"CreatedAt\",\"columnId\":34,\"columnName\":\"created_at\",\"columnType\":\"timestamp\",\"createBy\":\"admin\",\"createTime\":\"2024-05-14 04:26:50\",\"dictType\":\"\",\"edit\":true,\"htmlType\":\"datetime\",\"increment\":false,\"insert\":true,\"isEdit\":\"1\",\"isIncrement\":\"0\",\"isInsert\":\"1\"', '{\"msg\":\"操作成功\",\"code\":200}', 0, NULL, '2024-05-14 05:59:03', 22);
INSERT INTO `sys_oper_log` VALUES (123, '代码生成', 8, 'com.ruoyi.generator.controller.GenController.batchGenCode()', 'GET', 1, 'admin', '研发部门', '/tool/gen/batchGenCode', '127.0.0.1', '内网IP', '{\"tables\":\"classes,course_schedules,courses,departments,employees,students,users\"}', NULL, 0, NULL, '2024-05-14 05:59:19', 426);
INSERT INTO `sys_oper_log` VALUES (124, '菜单管理', 2, 'com.ruoyi.web.controller.system.SysMenuController.edit()', 'PUT', 1, 'admin', '研发部门', '/system/menu', '127.0.0.1', '内网IP', '{\"children\":[],\"createTime\":\"2024-05-14 04:08:28\",\"icon\":\"dict\",\"isCache\":\"0\",\"isFrame\":\"1\",\"menuId\":2000,\"menuName\":\"管理系统\",\"menuType\":\"M\",\"orderNum\":0,\"params\":{},\"parentId\":0,\"path\":\"DepSys\",\"perms\":\"\",\"status\":\"0\",\"updateBy\":\"admin\",\"visible\":\"0\"}', '{\"msg\":\"操作成功\",\"code\":200}', 0, NULL, '2024-05-14 06:03:30', 54);
INSERT INTO `sys_oper_log` VALUES (125, '菜单管理', 1, 'com.ruoyi.web.controller.system.SysMenuController.add()', 'POST', 1, 'admin', '研发部门', '/system/menu', '127.0.0.1', '内网IP', '{\"children\":[],\"component\":\"DepSys/users/index\",\"createBy\":\"admin\",\"icon\":\"peoples\",\"isCache\":\"0\",\"isFrame\":\"1\",\"menuName\":\"用户管理\",\"menuType\":\"C\",\"orderNum\":2,\"params\":{},\"parentId\":2000,\"path\":\"users\",\"perms\":\"DepSys:users:list\",\"status\":\"0\",\"visible\":\"0\"}', '{\"msg\":\"操作成功\",\"code\":200}', 0, NULL, '2024-05-14 06:38:48', 187);
INSERT INTO `sys_oper_log` VALUES (126, '代码生成', 2, 'com.ruoyi.generator.controller.GenController.editSave()', 'PUT', 1, 'admin', '研发部门', '/tool/gen', '127.0.0.1', '内网IP', '{\"businessName\":\"classes\",\"className\":\"Classes\",\"columns\":[{\"capJavaField\":\"Id\",\"columnComment\":\"班级id\",\"columnId\":15,\"columnName\":\"id\",\"columnType\":\"int(11)\",\"createBy\":\"admin\",\"createTime\":\"2024-05-14 04:26:50\",\"dictType\":\"\",\"edit\":false,\"htmlType\":\"input\",\"increment\":true,\"insert\":true,\"isIncrement\":\"1\",\"isInsert\":\"1\",\"isPk\":\"1\",\"isRequired\":\"0\",\"javaField\":\"id\",\"javaType\":\"Long\",\"list\":false,\"params\":{},\"pk\":true,\"query\":false,\"queryType\":\"EQ\",\"required\":false,\"sort\":1,\"superColumn\":false,\"tableId\":2,\"updateBy\":\"\",\"updateTime\":\"2024-05-14 05:57:28\",\"usableColumn\":false},{\"capJavaField\":\"Name\",\"columnComment\":\"名称\",\"columnId\":16,\"columnName\":\"name\",\"columnType\":\"varchar(100)\",\"createBy\":\"admin\",\"createTime\":\"2024-05-14 04:26:50\",\"dictType\":\"\",\"edit\":true,\"htmlType\":\"input\",\"increment\":false,\"insert\":true,\"isEdit\":\"1\",\"isIncrement\":\"0\",\"isInsert\":\"1\",\"isList\":\"1\",\"isPk\":\"0\",\"isQuery\":\"1\",\"isRequired\":\"1\",\"javaField\":\"name\",\"javaType\":\"String\",\"list\":true,\"params\":{},\"pk\":false,\"query\":true,\"queryType\":\"LIKE\",\"required\":true,\"sort\":2,\"superColumn\":false,\"tableId\":2,\"updateBy\":\"\",\"updateTime\":\"2024-05-14 05:57:28\",\"usableColumn\":false},{\"capJavaField\":\"TeacherId\",\"columnComment\":\"老师id\",\"columnId\":17,\"columnName\":\"teacher_id\",\"columnType\":\"int(11)\",\"createBy\":\"admin\",\"createTime\":\"2024-05-14 04:26:50\",\"dictType\":\"\",\"edit\":true,\"htmlType\":\"input\",\"increment\":false,\"insert\":true,\"isEdit\":\"1\",\"isIncrement\":\"0\",\"isInsert\":\"1\",\"isList\":\"1\",\"isPk\":\"0\",\"isQuery\":\"1\",\"isRequired\":\"1\",\"javaField\":\"teacherId\",\"javaType\":\"Long\",\"list\":true,\"params\":{},\"pk\":false,\"query\":true,\"queryType\":\"EQ\",\"required\":true,\"sort\":3,\"superColumn\":false,\"tableId\":2,\"updateBy\":\"\",\"updateTime\":\"2024-05-14 05:57:28\",\"usableColumn\":false},{\"capJavaField\":\"Description\",\"columnComment\":\"描述\",\"columnId\":18,\"columnName\":\"description\",\"columnType\":\"text\",\"createBy\":\"admin\",\"createTime\":\"2024-05-14 04:26:50\",\"dictType\":\"\",\"edit\":true,\"htmlType\":\"textarea\",\"increment\":false,\"insert\":true,\"isEdit\":\"1\",\"isIncre', '{\"msg\":\"操作成功\",\"code\":200}', 0, NULL, '2024-05-14 06:45:55', 134);
INSERT INTO `sys_oper_log` VALUES (127, '代码生成', 2, 'com.ruoyi.generator.controller.GenController.editSave()', 'PUT', 1, 'admin', '研发部门', '/tool/gen', '127.0.0.1', '内网IP', '{\"businessName\":\"users\",\"className\":\"Users\",\"columns\":[{\"capJavaField\":\"Id\",\"columnComment\":\"用户id\",\"columnId\":47,\"columnName\":\"id\",\"columnType\":\"int(11)\",\"createBy\":\"admin\",\"createTime\":\"2024-05-14 04:26:50\",\"dictType\":\"\",\"edit\":false,\"htmlType\":\"input\",\"increment\":true,\"insert\":true,\"isIncrement\":\"1\",\"isInsert\":\"1\",\"isPk\":\"1\",\"isRequired\":\"0\",\"javaField\":\"id\",\"javaType\":\"Long\",\"list\":false,\"params\":{},\"pk\":true,\"query\":false,\"queryType\":\"EQ\",\"required\":false,\"sort\":1,\"superColumn\":false,\"tableId\":8,\"updateBy\":\"\",\"updateTime\":\"2024-05-14 05:36:59\",\"usableColumn\":false},{\"capJavaField\":\"Username\",\"columnComment\":\"用户名\",\"columnId\":48,\"columnName\":\"username\",\"columnType\":\"varchar(50)\",\"createBy\":\"admin\",\"createTime\":\"2024-05-14 04:26:50\",\"dictType\":\"\",\"edit\":true,\"htmlType\":\"input\",\"increment\":false,\"insert\":true,\"isEdit\":\"1\",\"isIncrement\":\"0\",\"isInsert\":\"1\",\"isList\":\"1\",\"isPk\":\"0\",\"isQuery\":\"1\",\"isRequired\":\"1\",\"javaField\":\"username\",\"javaType\":\"String\",\"list\":true,\"params\":{},\"pk\":false,\"query\":true,\"queryType\":\"LIKE\",\"required\":true,\"sort\":2,\"superColumn\":false,\"tableId\":8,\"updateBy\":\"\",\"updateTime\":\"2024-05-14 05:36:59\",\"usableColumn\":false},{\"capJavaField\":\"Password\",\"columnComment\":\"密码\",\"columnId\":49,\"columnName\":\"password\",\"columnType\":\"varchar(255)\",\"createBy\":\"admin\",\"createTime\":\"2024-05-14 04:26:50\",\"dictType\":\"\",\"edit\":true,\"htmlType\":\"input\",\"increment\":false,\"insert\":true,\"isEdit\":\"1\",\"isIncrement\":\"0\",\"isInsert\":\"1\",\"isList\":\"1\",\"isPk\":\"0\",\"isQuery\":\"1\",\"isRequired\":\"1\",\"javaField\":\"password\",\"javaType\":\"String\",\"list\":true,\"params\":{},\"pk\":false,\"query\":true,\"queryType\":\"EQ\",\"required\":true,\"sort\":3,\"superColumn\":false,\"tableId\":8,\"updateBy\":\"\",\"updateTime\":\"2024-05-14 05:36:59\",\"usableColumn\":false},{\"capJavaField\":\"Role\",\"columnComment\":\"角色\",\"columnId\":50,\"columnName\":\"role\",\"columnType\":\"enum(\'admin\',\'teacher\',\'student\')\",\"createBy\":\"admin\",\"createTime\":\"2024-05-14 04:26:50\",\"dictType\":\"\",\"edit\":true,\"increment\":false,\"insert\":true,\"isEdit\":\"1\",\"isInc', '{\"msg\":\"操作成功\",\"code\":200}', 0, NULL, '2024-05-14 06:46:29', 45);
INSERT INTO `sys_oper_log` VALUES (128, '代码生成', 2, 'com.ruoyi.generator.controller.GenController.editSave()', 'PUT', 1, 'admin', '研发部门', '/tool/gen', '127.0.0.1', '内网IP', '{\"businessName\":\"students\",\"className\":\"Students\",\"columns\":[{\"capJavaField\":\"Id\",\"columnComment\":\"学生id\",\"columnId\":43,\"columnName\":\"id\",\"columnType\":\"int(11)\",\"createBy\":\"admin\",\"createTime\":\"2024-05-14 04:26:50\",\"dictType\":\"\",\"edit\":false,\"htmlType\":\"input\",\"increment\":true,\"insert\":true,\"isIncrement\":\"1\",\"isInsert\":\"1\",\"isPk\":\"1\",\"isRequired\":\"0\",\"javaField\":\"id\",\"javaType\":\"Long\",\"list\":false,\"params\":{},\"pk\":true,\"query\":false,\"queryType\":\"EQ\",\"required\":false,\"sort\":1,\"superColumn\":false,\"tableId\":7,\"updateBy\":\"\",\"updateTime\":\"2024-05-14 05:36:35\",\"usableColumn\":false},{\"capJavaField\":\"UserId\",\"columnComment\":\"用户id\",\"columnId\":44,\"columnName\":\"user_id\",\"columnType\":\"int(11)\",\"createBy\":\"admin\",\"createTime\":\"2024-05-14 04:26:50\",\"dictType\":\"\",\"edit\":true,\"htmlType\":\"input\",\"increment\":false,\"insert\":true,\"isEdit\":\"1\",\"isIncrement\":\"0\",\"isInsert\":\"1\",\"isList\":\"1\",\"isPk\":\"0\",\"isQuery\":\"1\",\"isRequired\":\"1\",\"javaField\":\"userId\",\"javaType\":\"Long\",\"list\":true,\"params\":{},\"pk\":false,\"query\":true,\"queryType\":\"EQ\",\"required\":true,\"sort\":2,\"superColumn\":false,\"tableId\":7,\"updateBy\":\"\",\"updateTime\":\"2024-05-14 05:36:35\",\"usableColumn\":false},{\"capJavaField\":\"ClassId\",\"columnComment\":\"班级id\",\"columnId\":45,\"columnName\":\"class_id\",\"columnType\":\"int(11)\",\"createBy\":\"admin\",\"createTime\":\"2024-05-14 04:26:50\",\"dictType\":\"\",\"edit\":true,\"htmlType\":\"input\",\"increment\":false,\"insert\":true,\"isEdit\":\"1\",\"isIncrement\":\"0\",\"isInsert\":\"1\",\"isList\":\"1\",\"isPk\":\"0\",\"isQuery\":\"1\",\"isRequired\":\"0\",\"javaField\":\"classId\",\"javaType\":\"Long\",\"list\":true,\"params\":{},\"pk\":false,\"query\":true,\"queryType\":\"EQ\",\"required\":false,\"sort\":3,\"superColumn\":false,\"tableId\":7,\"updateBy\":\"\",\"updateTime\":\"2024-05-14 05:36:35\",\"usableColumn\":false},{\"capJavaField\":\"CreatedAt\",\"columnComment\":\"创建时间\",\"columnId\":46,\"columnName\":\"created_at\",\"columnType\":\"timestamp\",\"createBy\":\"admin\",\"createTime\":\"2024-05-14 04:26:50\",\"dictType\":\"\",\"edit\":true,\"htmlType\":\"datetime\",\"increment\":false,\"insert\":true,\"isEdit\":\"1\",\"isIncr', '{\"msg\":\"操作成功\",\"code\":200}', 0, NULL, '2024-05-14 06:46:59', 27);
INSERT INTO `sys_oper_log` VALUES (129, '代码生成', 2, 'com.ruoyi.generator.controller.GenController.editSave()', 'PUT', 1, 'admin', '研发部门', '/tool/gen', '127.0.0.1', '内网IP', '{\"businessName\":\"departments\",\"className\":\"Departments\",\"columns\":[{\"capJavaField\":\"Id\",\"columnComment\":\"部门id\",\"columnId\":31,\"columnName\":\"id\",\"columnType\":\"int(11)\",\"createBy\":\"admin\",\"createTime\":\"2024-05-14 04:26:50\",\"dictType\":\"\",\"edit\":false,\"htmlType\":\"input\",\"increment\":true,\"insert\":true,\"isIncrement\":\"1\",\"isInsert\":\"1\",\"isPk\":\"1\",\"isRequired\":\"0\",\"javaField\":\"id\",\"javaType\":\"Long\",\"list\":false,\"params\":{},\"pk\":true,\"query\":false,\"queryType\":\"EQ\",\"required\":false,\"sort\":1,\"superColumn\":false,\"tableId\":5,\"updateBy\":\"\",\"updateTime\":\"2024-05-14 05:59:03\",\"usableColumn\":false},{\"capJavaField\":\"Name\",\"columnComment\":\"部门名称\",\"columnId\":32,\"columnName\":\"name\",\"columnType\":\"varchar(100)\",\"createBy\":\"admin\",\"createTime\":\"2024-05-14 04:26:50\",\"dictType\":\"\",\"edit\":true,\"htmlType\":\"input\",\"increment\":false,\"insert\":true,\"isEdit\":\"1\",\"isIncrement\":\"0\",\"isInsert\":\"1\",\"isList\":\"1\",\"isPk\":\"0\",\"isQuery\":\"1\",\"isRequired\":\"1\",\"javaField\":\"name\",\"javaType\":\"String\",\"list\":true,\"params\":{},\"pk\":false,\"query\":true,\"queryType\":\"LIKE\",\"required\":true,\"sort\":2,\"superColumn\":false,\"tableId\":5,\"updateBy\":\"\",\"updateTime\":\"2024-05-14 05:59:03\",\"usableColumn\":false},{\"capJavaField\":\"Description\",\"columnComment\":\"描述\",\"columnId\":33,\"columnName\":\"description\",\"columnType\":\"text\",\"createBy\":\"admin\",\"createTime\":\"2024-05-14 04:26:50\",\"dictType\":\"\",\"edit\":true,\"htmlType\":\"textarea\",\"increment\":false,\"insert\":true,\"isEdit\":\"1\",\"isIncrement\":\"0\",\"isInsert\":\"1\",\"isList\":\"1\",\"isPk\":\"0\",\"isQuery\":\"1\",\"isRequired\":\"0\",\"javaField\":\"description\",\"javaType\":\"String\",\"list\":true,\"params\":{},\"pk\":false,\"query\":true,\"queryType\":\"EQ\",\"required\":false,\"sort\":3,\"superColumn\":false,\"tableId\":5,\"updateBy\":\"\",\"updateTime\":\"2024-05-14 05:59:03\",\"usableColumn\":false},{\"capJavaField\":\"CreatedAt\",\"columnComment\":\"创建时间\",\"columnId\":34,\"columnName\":\"created_at\",\"columnType\":\"timestamp\",\"createBy\":\"admin\",\"createTime\":\"2024-05-14 04:26:50\",\"dictType\":\"\",\"edit\":true,\"htmlType\":\"datetime\",\"increment\":false,\"insert\":true,\"', '{\"msg\":\"操作成功\",\"code\":200}', 0, NULL, '2024-05-14 06:47:23', 50);
INSERT INTO `sys_oper_log` VALUES (130, '代码生成', 2, 'com.ruoyi.generator.controller.GenController.editSave()', 'PUT', 1, 'admin', '研发部门', '/tool/gen', '127.0.0.1', '内网IP', '{\"businessName\":\"courses\",\"className\":\"Courses\",\"columns\":[{\"capJavaField\":\"Id\",\"columnComment\":\"课程id\",\"columnId\":26,\"columnName\":\"id\",\"columnType\":\"int(11)\",\"createBy\":\"admin\",\"createTime\":\"2024-05-14 04:26:50\",\"dictType\":\"\",\"edit\":false,\"htmlType\":\"input\",\"increment\":true,\"insert\":true,\"isIncrement\":\"1\",\"isInsert\":\"1\",\"isPk\":\"1\",\"isRequired\":\"0\",\"javaField\":\"id\",\"javaType\":\"Long\",\"list\":false,\"params\":{},\"pk\":true,\"query\":false,\"queryType\":\"EQ\",\"required\":false,\"sort\":1,\"superColumn\":false,\"tableId\":4,\"updateBy\":\"\",\"updateTime\":\"2024-05-14 05:58:39\",\"usableColumn\":false},{\"capJavaField\":\"Name\",\"columnComment\":\"课程名称\",\"columnId\":27,\"columnName\":\"name\",\"columnType\":\"varchar(100)\",\"createBy\":\"admin\",\"createTime\":\"2024-05-14 04:26:50\",\"dictType\":\"\",\"edit\":true,\"htmlType\":\"input\",\"increment\":false,\"insert\":true,\"isEdit\":\"1\",\"isIncrement\":\"0\",\"isInsert\":\"1\",\"isList\":\"1\",\"isPk\":\"0\",\"isQuery\":\"1\",\"isRequired\":\"1\",\"javaField\":\"name\",\"javaType\":\"String\",\"list\":true,\"params\":{},\"pk\":false,\"query\":true,\"queryType\":\"LIKE\",\"required\":true,\"sort\":2,\"superColumn\":false,\"tableId\":4,\"updateBy\":\"\",\"updateTime\":\"2024-05-14 05:58:39\",\"usableColumn\":false},{\"capJavaField\":\"Description\",\"columnComment\":\"描述\",\"columnId\":28,\"columnName\":\"description\",\"columnType\":\"text\",\"createBy\":\"admin\",\"createTime\":\"2024-05-14 04:26:50\",\"dictType\":\"\",\"edit\":true,\"htmlType\":\"textarea\",\"increment\":false,\"insert\":true,\"isEdit\":\"1\",\"isIncrement\":\"0\",\"isInsert\":\"1\",\"isList\":\"1\",\"isPk\":\"0\",\"isQuery\":\"1\",\"isRequired\":\"0\",\"javaField\":\"description\",\"javaType\":\"String\",\"list\":true,\"params\":{},\"pk\":false,\"query\":true,\"queryType\":\"EQ\",\"required\":false,\"sort\":3,\"superColumn\":false,\"tableId\":4,\"updateBy\":\"\",\"updateTime\":\"2024-05-14 05:58:39\",\"usableColumn\":false},{\"capJavaField\":\"Duration\",\"columnComment\":\"时间\",\"columnId\":29,\"columnName\":\"duration\",\"columnType\":\"int(11)\",\"createBy\":\"admin\",\"createTime\":\"2024-05-14 04:26:50\",\"dictType\":\"\",\"edit\":true,\"htmlType\":\"input\",\"increment\":false,\"insert\":true,\"isEdit\":\"1\",\"isInc', '{\"msg\":\"操作成功\",\"code\":200}', 0, NULL, '2024-05-14 06:48:17', 55);
INSERT INTO `sys_oper_log` VALUES (131, '代码生成', 2, 'com.ruoyi.generator.controller.GenController.editSave()', 'PUT', 1, 'admin', '研发部门', '/tool/gen', '127.0.0.1', '内网IP', '{\"businessName\":\"classes\",\"className\":\"Classes\",\"columns\":[{\"capJavaField\":\"Id\",\"columnComment\":\"班级id\",\"columnId\":15,\"columnName\":\"id\",\"columnType\":\"int(11)\",\"createBy\":\"admin\",\"createTime\":\"2024-05-14 04:26:50\",\"dictType\":\"\",\"edit\":false,\"htmlType\":\"input\",\"increment\":true,\"insert\":true,\"isIncrement\":\"1\",\"isInsert\":\"1\",\"isPk\":\"1\",\"isRequired\":\"0\",\"javaField\":\"id\",\"javaType\":\"Long\",\"list\":false,\"params\":{},\"pk\":true,\"query\":false,\"queryType\":\"EQ\",\"required\":false,\"sort\":1,\"superColumn\":false,\"tableId\":2,\"updateBy\":\"\",\"updateTime\":\"2024-05-14 06:45:55\",\"usableColumn\":false},{\"capJavaField\":\"Name\",\"columnComment\":\"名称\",\"columnId\":16,\"columnName\":\"name\",\"columnType\":\"varchar(100)\",\"createBy\":\"admin\",\"createTime\":\"2024-05-14 04:26:50\",\"dictType\":\"\",\"edit\":true,\"htmlType\":\"input\",\"increment\":false,\"insert\":true,\"isEdit\":\"1\",\"isIncrement\":\"0\",\"isInsert\":\"1\",\"isList\":\"1\",\"isPk\":\"0\",\"isQuery\":\"1\",\"isRequired\":\"1\",\"javaField\":\"name\",\"javaType\":\"String\",\"list\":true,\"params\":{},\"pk\":false,\"query\":true,\"queryType\":\"LIKE\",\"required\":true,\"sort\":2,\"superColumn\":false,\"tableId\":2,\"updateBy\":\"\",\"updateTime\":\"2024-05-14 06:45:55\",\"usableColumn\":false},{\"capJavaField\":\"TeacherId\",\"columnComment\":\"老师id\",\"columnId\":17,\"columnName\":\"teacher_id\",\"columnType\":\"int(11)\",\"createBy\":\"admin\",\"createTime\":\"2024-05-14 04:26:50\",\"dictType\":\"\",\"edit\":true,\"htmlType\":\"input\",\"increment\":false,\"insert\":true,\"isEdit\":\"1\",\"isIncrement\":\"0\",\"isInsert\":\"1\",\"isList\":\"1\",\"isPk\":\"0\",\"isQuery\":\"1\",\"isRequired\":\"1\",\"javaField\":\"teacherId\",\"javaType\":\"Long\",\"list\":true,\"params\":{},\"pk\":false,\"query\":true,\"queryType\":\"EQ\",\"required\":true,\"sort\":3,\"superColumn\":false,\"tableId\":2,\"updateBy\":\"\",\"updateTime\":\"2024-05-14 06:45:55\",\"usableColumn\":false},{\"capJavaField\":\"Description\",\"columnComment\":\"描述\",\"columnId\":18,\"columnName\":\"description\",\"columnType\":\"text\",\"createBy\":\"admin\",\"createTime\":\"2024-05-14 04:26:50\",\"dictType\":\"\",\"edit\":true,\"htmlType\":\"textarea\",\"increment\":false,\"insert\":true,\"isEdit\":\"1\",\"isIncre', '{\"msg\":\"操作成功\",\"code\":200}', 0, NULL, '2024-05-14 06:48:27', 33);
INSERT INTO `sys_oper_log` VALUES (132, '菜单管理', 1, 'com.ruoyi.web.controller.system.SysMenuController.add()', 'POST', 1, 'admin', '研发部门', '/system/menu', '127.0.0.1', '内网IP', '{\"children\":[],\"component\":\"/DepSys/departments/list\",\"createBy\":\"admin\",\"icon\":\"dict\",\"isCache\":\"0\",\"isFrame\":\"1\",\"menuName\":\"部门管理\",\"menuType\":\"C\",\"orderNum\":3,\"params\":{},\"parentId\":2000,\"path\":\"DepSys\",\"perms\":\"DepSys:departments:list\",\"status\":\"0\",\"visible\":\"0\"}', '{\"msg\":\"操作成功\",\"code\":200}', 0, NULL, '2024-05-14 06:50:51', 79);
INSERT INTO `sys_oper_log` VALUES (133, '菜单管理', 2, 'com.ruoyi.web.controller.system.SysMenuController.edit()', 'PUT', 1, 'admin', '研发部门', '/system/menu', '127.0.0.1', '内网IP', '{\"children\":[],\"component\":\"DepSys/departments/list\",\"createTime\":\"2024-05-14 06:50:51\",\"icon\":\"dict\",\"isCache\":\"0\",\"isFrame\":\"1\",\"menuId\":2002,\"menuName\":\"部门管理\",\"menuType\":\"C\",\"orderNum\":3,\"params\":{},\"parentId\":2000,\"path\":\"DepSys\",\"perms\":\"DepSys:departments:list\",\"status\":\"0\",\"updateBy\":\"admin\",\"visible\":\"0\"}', '{\"msg\":\"操作成功\",\"code\":200}', 0, NULL, '2024-05-14 06:51:29', 29);
INSERT INTO `sys_oper_log` VALUES (134, '代码生成', 2, 'com.ruoyi.generator.controller.GenController.editSave()', 'PUT', 1, 'admin', '研发部门', '/tool/gen', '127.0.0.1', '内网IP', '{\"businessName\":\"employees\",\"className\":\"Employees\",\"columns\":[{\"capJavaField\":\"Id\",\"columnComment\":\"员工id\",\"columnId\":35,\"columnName\":\"id\",\"columnType\":\"int(11)\",\"createBy\":\"admin\",\"createTime\":\"2024-05-14 04:26:50\",\"dictType\":\"\",\"edit\":false,\"htmlType\":\"input\",\"increment\":true,\"insert\":true,\"isIncrement\":\"1\",\"isInsert\":\"1\",\"isPk\":\"1\",\"isRequired\":\"0\",\"javaField\":\"id\",\"javaType\":\"Long\",\"list\":false,\"params\":{},\"pk\":true,\"query\":false,\"queryType\":\"EQ\",\"required\":false,\"sort\":1,\"superColumn\":false,\"tableId\":6,\"updateBy\":\"\",\"updateTime\":\"2024-05-14 05:36:14\",\"usableColumn\":false},{\"capJavaField\":\"UserId\",\"columnComment\":\"用户id\",\"columnId\":36,\"columnName\":\"user_id\",\"columnType\":\"int(11)\",\"createBy\":\"admin\",\"createTime\":\"2024-05-14 04:26:50\",\"dictType\":\"\",\"edit\":true,\"htmlType\":\"input\",\"increment\":false,\"insert\":true,\"isEdit\":\"1\",\"isIncrement\":\"0\",\"isInsert\":\"1\",\"isList\":\"1\",\"isPk\":\"0\",\"isQuery\":\"1\",\"isRequired\":\"1\",\"javaField\":\"userId\",\"javaType\":\"Long\",\"list\":true,\"params\":{},\"pk\":false,\"query\":true,\"queryType\":\"EQ\",\"required\":true,\"sort\":2,\"superColumn\":false,\"tableId\":6,\"updateBy\":\"\",\"updateTime\":\"2024-05-14 05:36:14\",\"usableColumn\":false},{\"capJavaField\":\"DepartmentId\",\"columnComment\":\"部门\",\"columnId\":37,\"columnName\":\"department_id\",\"columnType\":\"int(11)\",\"createBy\":\"admin\",\"createTime\":\"2024-05-14 04:26:50\",\"dictType\":\"\",\"edit\":true,\"htmlType\":\"input\",\"increment\":false,\"insert\":true,\"isEdit\":\"1\",\"isIncrement\":\"0\",\"isInsert\":\"1\",\"isList\":\"1\",\"isPk\":\"0\",\"isQuery\":\"1\",\"isRequired\":\"1\",\"javaField\":\"departmentId\",\"javaType\":\"Long\",\"list\":true,\"params\":{},\"pk\":false,\"query\":true,\"queryType\":\"EQ\",\"required\":true,\"sort\":3,\"superColumn\":false,\"tableId\":6,\"updateBy\":\"\",\"updateTime\":\"2024-05-14 05:36:14\",\"usableColumn\":false},{\"capJavaField\":\"FirstName\",\"columnComment\":\"姓\",\"columnId\":38,\"columnName\":\"first_name\",\"columnType\":\"varchar(50)\",\"createBy\":\"admin\",\"createTime\":\"2024-05-14 04:26:50\",\"dictType\":\"\",\"edit\":true,\"htmlType\":\"input\",\"increment\":false,\"insert\":true,\"isEdit\":\"', '{\"msg\":\"操作成功\",\"code\":200}', 0, NULL, '2024-05-14 06:58:46', 264);
INSERT INTO `sys_oper_log` VALUES (135, '代码生成', 8, 'com.ruoyi.generator.controller.GenController.batchGenCode()', 'GET', 1, 'admin', '研发部门', '/tool/gen/batchGenCode', '127.0.0.1', '内网IP', '{\"tables\":\"classes,course_schedules,courses,departments,employees,students,users\"}', NULL, 0, NULL, '2024-05-14 06:59:01', 808);
INSERT INTO `sys_oper_log` VALUES (136, '菜单管理', 2, 'com.ruoyi.web.controller.system.SysMenuController.edit()', 'PUT', 1, 'admin', '研发部门', '/system/menu', '127.0.0.1', '内网IP', '{\"children\":[],\"component\":\"DepSys/departments/list\",\"createTime\":\"2024-05-14 06:50:51\",\"icon\":\"dict\",\"isCache\":\"0\",\"isFrame\":\"1\",\"menuId\":2002,\"menuName\":\"部门管理\",\"menuType\":\"C\",\"orderNum\":3,\"params\":{},\"parentId\":2000,\"path\":\"DepSys\",\"perms\":\"DepSys:departments:index\",\"status\":\"0\",\"updateBy\":\"admin\",\"visible\":\"0\"}', '{\"msg\":\"操作成功\",\"code\":200}', 0, NULL, '2024-05-14 07:06:19', 51);
INSERT INTO `sys_oper_log` VALUES (137, '菜单管理', 2, 'com.ruoyi.web.controller.system.SysMenuController.edit()', 'PUT', 1, 'admin', '研发部门', '/system/menu', '127.0.0.1', '内网IP', '{\"children\":[],\"component\":\"DepSys/departments/index\",\"createTime\":\"2024-05-14 06:50:51\",\"icon\":\"dict\",\"isCache\":\"0\",\"isFrame\":\"1\",\"menuId\":2002,\"menuName\":\"部门管理\",\"menuType\":\"C\",\"orderNum\":3,\"params\":{},\"parentId\":2000,\"path\":\"DepSys\",\"perms\":\"DepSys:departments:list\",\"status\":\"0\",\"updateBy\":\"admin\",\"visible\":\"0\"}', '{\"msg\":\"操作成功\",\"code\":200}', 0, NULL, '2024-05-14 07:07:02', 22);
INSERT INTO `sys_oper_log` VALUES (138, '菜单管理', 1, 'com.ruoyi.web.controller.system.SysMenuController.add()', 'POST', 1, 'admin', '研发部门', '/system/menu', '127.0.0.1', '内网IP', '{\"children\":[],\"component\":\"DepSys/classes/index\",\"createBy\":\"admin\",\"icon\":\"people\",\"isCache\":\"0\",\"isFrame\":\"1\",\"menuName\":\"班级信息\",\"menuType\":\"C\",\"orderNum\":0,\"params\":{},\"parentId\":2000,\"path\":\"classes\",\"perms\":\"DepSys:classes:list\",\"status\":\"0\",\"visible\":\"0\"}', '{\"msg\":\"操作成功\",\"code\":200}', 0, NULL, '2024-05-14 07:22:33', 144);
INSERT INTO `sys_oper_log` VALUES (139, '菜单管理', 1, 'com.ruoyi.web.controller.system.SysMenuController.add()', 'POST', 1, 'admin', '研发部门', '/system/menu', '127.0.0.1', '内网IP', '{\"children\":[],\"component\":\"DepSys/schedules/index\",\"createBy\":\"admin\",\"icon\":\"drag\",\"isCache\":\"0\",\"isFrame\":\"1\",\"menuName\":\"课程安排\",\"menuType\":\"C\",\"orderNum\":2,\"params\":{},\"parentId\":2000,\"path\":\"schedules\",\"perms\":\"DepSys:schedules:list\",\"status\":\"0\",\"visible\":\"0\"}', '{\"msg\":\"操作成功\",\"code\":200}', 0, NULL, '2024-05-14 07:29:00', 11);
INSERT INTO `sys_oper_log` VALUES (140, '菜单管理', 2, 'com.ruoyi.web.controller.system.SysMenuController.edit()', 'PUT', 1, 'admin', '研发部门', '/system/menu', '127.0.0.1', '内网IP', '{\"children\":[],\"component\":\"DepSys/classes/index\",\"createTime\":\"2024-05-14 07:22:33\",\"icon\":\"people\",\"isCache\":\"0\",\"isFrame\":\"1\",\"menuId\":2003,\"menuName\":\"班级信息\",\"menuType\":\"C\",\"orderNum\":1,\"params\":{},\"parentId\":2000,\"path\":\"classes\",\"perms\":\"DepSys:classes:list\",\"status\":\"0\",\"updateBy\":\"admin\",\"visible\":\"0\"}', '{\"msg\":\"操作成功\",\"code\":200}', 0, NULL, '2024-05-14 07:29:18', 13);
INSERT INTO `sys_oper_log` VALUES (141, '菜单管理', 2, 'com.ruoyi.web.controller.system.SysMenuController.edit()', 'PUT', 1, 'admin', '研发部门', '/system/menu', '127.0.0.1', '内网IP', '{\"children\":[],\"component\":\"DepSys/schedules/index\",\"createTime\":\"2024-05-14 07:29:00\",\"icon\":\"drag\",\"isCache\":\"0\",\"isFrame\":\"1\",\"menuId\":2004,\"menuName\":\"课程安排\",\"menuType\":\"C\",\"orderNum\":4,\"params\":{},\"parentId\":2000,\"path\":\"schedules\",\"perms\":\"DepSys:schedules:list\",\"status\":\"0\",\"updateBy\":\"admin\",\"visible\":\"0\"}', '{\"msg\":\"操作成功\",\"code\":200}', 0, NULL, '2024-05-14 07:29:27', 10);
INSERT INTO `sys_oper_log` VALUES (142, '菜单管理', 1, 'com.ruoyi.web.controller.system.SysMenuController.add()', 'POST', 1, 'admin', '研发部门', '/system/menu', '127.0.0.1', '内网IP', '{\"children\":[],\"component\":\"DepSys/courses\",\"createBy\":\"admin\",\"icon\":\"cascader\",\"isCache\":\"0\",\"isFrame\":\"1\",\"menuName\":\"课程信息\",\"menuType\":\"C\",\"orderNum\":5,\"params\":{},\"parentId\":2000,\"path\":\"courses\",\"perms\":\"DepSys:courses:list\",\"status\":\"0\",\"visible\":\"0\"}', '{\"msg\":\"操作成功\",\"code\":200}', 0, NULL, '2024-05-14 07:30:46', 10);
INSERT INTO `sys_oper_log` VALUES (143, '菜单管理', 1, 'com.ruoyi.web.controller.system.SysMenuController.add()', 'POST', 1, 'admin', '研发部门', '/system/menu', '127.0.0.1', '内网IP', '{\"children\":[],\"component\":\"DepSys/employees/index\",\"createBy\":\"admin\",\"icon\":\"component\",\"isCache\":\"0\",\"isFrame\":\"1\",\"menuName\":\"员工信息\",\"menuType\":\"C\",\"orderNum\":6,\"params\":{},\"parentId\":2000,\"path\":\"emplioees\",\"perms\":\"DepSys:employees:list\",\"status\":\"0\",\"visible\":\"0\"}', '{\"msg\":\"操作成功\",\"code\":200}', 0, NULL, '2024-05-14 07:31:44', 11);
INSERT INTO `sys_oper_log` VALUES (144, '菜单管理', 1, 'com.ruoyi.web.controller.system.SysMenuController.add()', 'POST', 1, 'admin', '研发部门', '/system/menu', '127.0.0.1', '内网IP', '{\"children\":[],\"component\":\"DepSys/students/index\",\"createBy\":\"admin\",\"icon\":\"redis-list\",\"isCache\":\"0\",\"isFrame\":\"1\",\"menuName\":\"学生信息\",\"menuType\":\"C\",\"orderNum\":7,\"params\":{},\"parentId\":2000,\"path\":\"students\",\"perms\":\"DepSys:students:list\",\"status\":\"0\",\"visible\":\"0\"}', '{\"msg\":\"操作成功\",\"code\":200}', 0, NULL, '2024-05-14 07:33:09', 13);
INSERT INTO `sys_oper_log` VALUES (145, '菜单管理', 1, 'com.ruoyi.web.controller.system.SysMenuController.add()', 'POST', 1, 'admin', '研发部门', '/system/menu', '127.0.0.1', '内网IP', '{\"children\":[],\"createBy\":\"admin\",\"isCache\":\"0\",\"isFrame\":\"1\",\"menuName\":\"班级学员管理\",\"menuType\":\"M\",\"orderNum\":0,\"params\":{},\"parentId\":0,\"path\":\"DepSys\",\"status\":\"0\",\"visible\":\"0\"}', '{\"msg\":\"操作成功\",\"code\":200}', 0, NULL, '2024-05-22 02:37:08', 93);
INSERT INTO `sys_oper_log` VALUES (146, '菜单管理', 1, 'com.ruoyi.web.controller.system.SysMenuController.add()', 'POST', 1, 'admin', '研发部门', '/system/menu', '127.0.0.1', '内网IP', '{\"children\":[],\"component\":\"DepSys/classes/index\",\"createBy\":\"admin\",\"icon\":\"date\",\"isCache\":\"0\",\"isFrame\":\"1\",\"menuName\":\"班级学员管理\",\"menuType\":\"C\",\"orderNum\":0,\"params\":{},\"parentId\":2008,\"path\":\"classes\",\"perms\":\"DepSys:classes:list\",\"status\":\"0\",\"visible\":\"0\"}', '{\"msg\":\"操作成功\",\"code\":200}', 0, NULL, '2024-05-22 02:38:25', 12);
INSERT INTO `sys_oper_log` VALUES (147, '菜单管理', 1, 'com.ruoyi.web.controller.system.SysMenuController.add()', 'POST', 1, 'admin', '研发部门', '/system/menu', '127.0.0.1', '内网IP', '{\"children\":[],\"component\":\"DepSys/classes/index\",\"createBy\":\"admin\",\"icon\":\"cascader\",\"isCache\":\"0\",\"isFrame\":\"1\",\"menuName\":\"班级管理\",\"menuType\":\"C\",\"orderNum\":0,\"params\":{},\"parentId\":2008,\"path\":\"DepSys\",\"perms\":\"DepSys:classes:list\",\"status\":\"0\",\"visible\":\"0\"}', '{\"msg\":\"操作成功\",\"code\":200}', 0, NULL, '2024-05-22 02:39:42', 14);
INSERT INTO `sys_oper_log` VALUES (148, '菜单管理', 3, 'com.ruoyi.web.controller.system.SysMenuController.remove()', 'DELETE', 1, 'admin', '研发部门', '/system/menu/2009', '127.0.0.1', '内网IP', '{}', '{\"msg\":\"操作成功\",\"code\":200}', 0, NULL, '2024-05-22 02:40:09', 92);
INSERT INTO `sys_oper_log` VALUES (149, '菜单管理', 1, 'com.ruoyi.web.controller.system.SysMenuController.add()', 'POST', 1, 'admin', '研发部门', '/system/menu', '127.0.0.1', '内网IP', '{\"children\":[],\"component\":\"DepSys/students/index\",\"createBy\":\"admin\",\"icon\":\"checkbox\",\"isCache\":\"0\",\"isFrame\":\"1\",\"menuName\":\"学员管理\",\"menuType\":\"C\",\"orderNum\":1,\"params\":{},\"parentId\":2008,\"path\":\"DepSys\",\"perms\":\"DepSys:students:list\",\"status\":\"0\",\"visible\":\"0\"}', '{\"msg\":\"操作成功\",\"code\":200}', 0, NULL, '2024-05-22 02:41:04', 12);
INSERT INTO `sys_oper_log` VALUES (150, '菜单管理', 1, 'com.ruoyi.web.controller.system.SysMenuController.add()', 'POST', 1, 'admin', '研发部门', '/system/menu', '127.0.0.1', '内网IP', '{\"children\":[],\"createBy\":\"admin\",\"icon\":\"component\",\"isCache\":\"0\",\"isFrame\":\"1\",\"menuName\":\"系统信息管理\",\"menuType\":\"M\",\"orderNum\":1,\"params\":{},\"parentId\":0,\"path\":\"DepSys\",\"status\":\"0\",\"visible\":\"0\"}', '{\"msg\":\"操作成功\",\"code\":200}', 0, NULL, '2024-05-22 02:41:58', 13);
INSERT INTO `sys_oper_log` VALUES (151, '菜单管理', 1, 'com.ruoyi.web.controller.system.SysMenuController.add()', 'POST', 1, 'admin', '研发部门', '/system/menu', '127.0.0.1', '内网IP', '{\"children\":[],\"component\":\"DepSys/departments/index\",\"createBy\":\"admin\",\"icon\":\"download\",\"isCache\":\"0\",\"isFrame\":\"1\",\"menuName\":\"部门信息管理\",\"menuType\":\"C\",\"orderNum\":0,\"params\":{},\"parentId\":2012,\"path\":\"DepSys\",\"perms\":\"DepSys:departments:list\",\"status\":\"0\",\"visible\":\"0\"}', '{\"msg\":\"操作成功\",\"code\":200}', 0, NULL, '2024-05-22 02:42:53', 12);
INSERT INTO `sys_oper_log` VALUES (152, '菜单管理', 1, 'com.ruoyi.web.controller.system.SysMenuController.add()', 'POST', 1, 'admin', '研发部门', '/system/menu', '127.0.0.1', '内网IP', '{\"children\":[],\"component\":\"DepSys/employees/list\",\"createBy\":\"admin\",\"icon\":\"date-range\",\"isCache\":\"0\",\"isFrame\":\"1\",\"menuName\":\"员工管理\",\"menuType\":\"C\",\"orderNum\":2,\"params\":{},\"parentId\":2012,\"path\":\"DepSys\",\"perms\":\"DepSys:employees:list\",\"status\":\"0\",\"visible\":\"0\"}', '{\"msg\":\"操作成功\",\"code\":200}', 0, NULL, '2024-05-22 03:04:19', 53);
INSERT INTO `sys_oper_log` VALUES (153, '菜单管理', 1, 'com.ruoyi.web.controller.system.SysMenuController.add()', 'POST', 1, 'admin', '研发部门', '/system/menu', '127.0.0.1', '内网IP', '{\"children\":[],\"createBy\":\"admin\",\"icon\":\"documentation\",\"isCache\":\"0\",\"isFrame\":\"1\",\"menuName\":\"课程管理\",\"menuType\":\"M\",\"orderNum\":0,\"params\":{},\"parentId\":0,\"path\":\"DepSys\",\"status\":\"0\",\"visible\":\"0\"}', '{\"msg\":\"操作成功\",\"code\":200}', 0, NULL, '2024-05-22 03:05:55', 15);
INSERT INTO `sys_oper_log` VALUES (154, '菜单管理', 1, 'com.ruoyi.web.controller.system.SysMenuController.add()', 'POST', 1, 'admin', '研发部门', '/system/menu', '127.0.0.1', '内网IP', '{\"children\":[],\"component\":\"DepSys/schedules/index\",\"createBy\":\"admin\",\"isCache\":\"0\",\"isFrame\":\"1\",\"menuName\":\"课程信息管理\",\"menuType\":\"C\",\"orderNum\":0,\"params\":{},\"parentId\":2015,\"path\":\"DepSys\",\"perms\":\"DepSys:schedules:list\",\"status\":\"0\",\"visible\":\"0\"}', '{\"msg\":\"操作成功\",\"code\":200}', 0, NULL, '2024-05-22 03:07:09', 13);
INSERT INTO `sys_oper_log` VALUES (155, '菜单管理', 1, 'com.ruoyi.web.controller.system.SysMenuController.add()', 'POST', 1, 'admin', '研发部门', '/system/menu', '127.0.0.1', '内网IP', '{\"children\":[],\"component\":\"DepSys/schedules/index\",\"createBy\":\"admin\",\"icon\":\"date\",\"isCache\":\"0\",\"isFrame\":\"1\",\"menuName\":\"课程安排\",\"menuType\":\"C\",\"orderNum\":1,\"params\":{},\"parentId\":2015,\"path\":\"DepSys\",\"perms\":\"DepSys:schedules:list\",\"status\":\"0\",\"visible\":\"0\"}', '{\"msg\":\"操作成功\",\"code\":200}', 0, NULL, '2024-05-22 03:08:24', 328);
INSERT INTO `sys_oper_log` VALUES (156, '菜单管理', 2, 'com.ruoyi.web.controller.system.SysMenuController.edit()', 'PUT', 1, 'admin', '研发部门', '/system/menu', '127.0.0.1', '内网IP', '{\"children\":[],\"component\":\"DepSys/courses/index\",\"createTime\":\"2024-05-22 03:07:09\",\"icon\":\"component\",\"isCache\":\"0\",\"isFrame\":\"1\",\"menuId\":2016,\"menuName\":\"课程信息管理\",\"menuType\":\"C\",\"orderNum\":0,\"params\":{},\"parentId\":2015,\"path\":\"DepSys\",\"perms\":\"DepSys:courses:list\",\"status\":\"0\",\"updateBy\":\"admin\",\"visible\":\"0\"}', '{\"msg\":\"操作成功\",\"code\":200}', 0, NULL, '2024-05-22 03:09:16', 486);
INSERT INTO `sys_oper_log` VALUES (157, '代码生成', 3, 'com.ruoyi.generator.controller.GenController.remove()', 'DELETE', 1, 'admin', '研发部门', '/tool/gen/6', '127.0.0.1', '内网IP', '{}', '{\"msg\":\"操作成功\",\"code\":200}', 0, NULL, '2024-05-22 03:12:07', 58);
INSERT INTO `sys_oper_log` VALUES (158, '代码生成', 6, 'com.ruoyi.generator.controller.GenController.importTableSave()', 'POST', 1, 'admin', '研发部门', '/tool/gen/importTable', '127.0.0.1', '内网IP', '{\"tables\":\"emp\"}', '{\"msg\":\"操作成功\",\"code\":200}', 0, NULL, '2024-05-22 03:12:14', 78);
INSERT INTO `sys_oper_log` VALUES (159, '代码生成', 2, 'com.ruoyi.generator.controller.GenController.editSave()', 'PUT', 1, 'admin', '研发部门', '/tool/gen', '127.0.0.1', '内网IP', '{\"businessName\":\"emp\",\"className\":\"Emp\",\"columns\":[{\"capJavaField\":\"Id\",\"columnComment\":\"ID\",\"columnId\":53,\"columnName\":\"id\",\"columnType\":\"int(10) unsigned\",\"createBy\":\"admin\",\"createTime\":\"2024-05-22 03:12:13\",\"dictType\":\"\",\"edit\":false,\"htmlType\":\"input\",\"increment\":true,\"insert\":true,\"isIncrement\":\"1\",\"isInsert\":\"1\",\"isPk\":\"1\",\"isRequired\":\"0\",\"javaField\":\"id\",\"javaType\":\"Integer\",\"list\":false,\"params\":{},\"pk\":true,\"query\":false,\"queryType\":\"EQ\",\"required\":false,\"sort\":1,\"superColumn\":false,\"tableId\":9,\"updateBy\":\"\",\"usableColumn\":false},{\"capJavaField\":\"Username\",\"columnComment\":\"用户名\",\"columnId\":54,\"columnName\":\"username\",\"columnType\":\"varchar(20)\",\"createBy\":\"admin\",\"createTime\":\"2024-05-22 03:12:13\",\"dictType\":\"\",\"edit\":true,\"htmlType\":\"input\",\"increment\":false,\"insert\":true,\"isEdit\":\"1\",\"isIncrement\":\"0\",\"isInsert\":\"1\",\"isList\":\"1\",\"isPk\":\"0\",\"isQuery\":\"1\",\"isRequired\":\"1\",\"javaField\":\"username\",\"javaType\":\"String\",\"list\":true,\"params\":{},\"pk\":false,\"query\":true,\"queryType\":\"LIKE\",\"required\":true,\"sort\":2,\"superColumn\":false,\"tableId\":9,\"updateBy\":\"\",\"usableColumn\":false},{\"capJavaField\":\"Password\",\"columnComment\":\"密码\",\"columnId\":55,\"columnName\":\"password\",\"columnType\":\"varchar(32)\",\"createBy\":\"admin\",\"createTime\":\"2024-05-22 03:12:13\",\"dictType\":\"\",\"edit\":true,\"htmlType\":\"input\",\"increment\":false,\"insert\":true,\"isEdit\":\"1\",\"isIncrement\":\"0\",\"isInsert\":\"1\",\"isList\":\"1\",\"isPk\":\"0\",\"isQuery\":\"1\",\"isRequired\":\"0\",\"javaField\":\"password\",\"javaType\":\"String\",\"list\":true,\"params\":{},\"pk\":false,\"query\":true,\"queryType\":\"EQ\",\"required\":false,\"sort\":3,\"superColumn\":false,\"tableId\":9,\"updateBy\":\"\",\"usableColumn\":false},{\"capJavaField\":\"Name\",\"columnComment\":\"姓名\",\"columnId\":56,\"columnName\":\"name\",\"columnType\":\"varchar(10)\",\"createBy\":\"admin\",\"createTime\":\"2024-05-22 03:12:13\",\"dictType\":\"\",\"edit\":true,\"htmlType\":\"input\",\"increment\":false,\"insert\":true,\"isEdit\":\"1\",\"isIncrement\":\"0\",\"isInsert\":\"1\",\"isList\":\"1\",\"isPk\":\"0\",\"isQuery\":\"1\",\"isRequired\":\"1\",\"javaField\":\"name\",\"', '{\"msg\":\"操作成功\",\"code\":200}', 0, NULL, '2024-05-22 03:13:25', 84);
INSERT INTO `sys_oper_log` VALUES (160, '菜单管理', 2, 'com.ruoyi.web.controller.system.SysMenuController.edit()', 'PUT', 1, 'admin', '研发部门', '/system/menu', '127.0.0.1', '内网IP', '{\"children\":[],\"createTime\":\"2024-05-22 02:37:07\",\"icon\":\"#\",\"isCache\":\"0\",\"isFrame\":\"1\",\"menuId\":2008,\"menuName\":\"班级学员管理\",\"menuType\":\"M\",\"orderNum\":5,\"params\":{},\"parentId\":0,\"path\":\"DepSys\",\"perms\":\"\",\"status\":\"0\",\"updateBy\":\"admin\",\"visible\":\"0\"}', '{\"msg\":\"操作成功\",\"code\":200}', 0, NULL, '2024-05-22 03:14:37', 13);
INSERT INTO `sys_oper_log` VALUES (161, '菜单管理', 2, 'com.ruoyi.web.controller.system.SysMenuController.edit()', 'PUT', 1, 'admin', '研发部门', '/system/menu', '127.0.0.1', '内网IP', '{\"children\":[],\"createTime\":\"2024-05-22 02:41:58\",\"icon\":\"component\",\"isCache\":\"0\",\"isFrame\":\"1\",\"menuId\":2012,\"menuName\":\"系统信息管理\",\"menuType\":\"M\",\"orderNum\":6,\"params\":{},\"parentId\":0,\"path\":\"DepSys\",\"perms\":\"\",\"status\":\"0\",\"updateBy\":\"admin\",\"visible\":\"0\"}', '{\"msg\":\"操作成功\",\"code\":200}', 0, NULL, '2024-05-22 03:14:47', 13);
INSERT INTO `sys_oper_log` VALUES (162, '菜单管理', 2, 'com.ruoyi.web.controller.system.SysMenuController.edit()', 'PUT', 1, 'admin', '研发部门', '/system/menu', '127.0.0.1', '内网IP', '{\"children\":[],\"createTime\":\"2024-05-22 03:05:55\",\"icon\":\"documentation\",\"isCache\":\"0\",\"isFrame\":\"1\",\"menuId\":2015,\"menuName\":\"课程管理\",\"menuType\":\"M\",\"orderNum\":7,\"params\":{},\"parentId\":0,\"path\":\"DepSys\",\"perms\":\"\",\"status\":\"0\",\"updateBy\":\"admin\",\"visible\":\"0\"}', '{\"msg\":\"操作成功\",\"code\":200}', 0, NULL, '2024-05-22 03:14:57', 14);
INSERT INTO `sys_oper_log` VALUES (163, '菜单管理', 2, 'com.ruoyi.web.controller.system.SysMenuController.edit()', 'PUT', 1, 'admin', '研发部门', '/system/menu', '127.0.0.1', '内网IP', '{\"children\":[],\"createTime\":\"2024-05-22 02:37:07\",\"icon\":\"#\",\"isCache\":\"0\",\"isFrame\":\"1\",\"menuId\":2008,\"menuName\":\"班级学员管理\",\"menuType\":\"M\",\"orderNum\":5,\"params\":{},\"parentId\":0,\"path\":\"DepSys\",\"perms\":\"\",\"status\":\"0\",\"updateBy\":\"admin\",\"visible\":\"0\"}', '{\"msg\":\"操作成功\",\"code\":200}', 0, NULL, '2024-05-22 03:15:35', 12);
INSERT INTO `sys_oper_log` VALUES (164, '菜单管理', 3, 'com.ruoyi.web.controller.system.SysMenuController.remove()', 'DELETE', 1, 'admin', '研发部门', '/system/menu/2000', '127.0.0.1', '内网IP', '{}', '{\"msg\":\"存在子菜单,不允许删除\",\"code\":601}', 0, NULL, '2024-05-22 03:16:09', 5);
INSERT INTO `sys_oper_log` VALUES (165, '菜单管理', 3, 'com.ruoyi.web.controller.system.SysMenuController.remove()', 'DELETE', 1, 'admin', '研发部门', '/system/menu/2003', '127.0.0.1', '内网IP', '{}', '{\"msg\":\"操作成功\",\"code\":200}', 0, NULL, '2024-05-22 03:16:15', 13);
INSERT INTO `sys_oper_log` VALUES (166, '菜单管理', 3, 'com.ruoyi.web.controller.system.SysMenuController.remove()', 'DELETE', 1, 'admin', '研发部门', '/system/menu/2001', '127.0.0.1', '内网IP', '{}', '{\"msg\":\"操作成功\",\"code\":200}', 0, NULL, '2024-05-22 03:16:18', 15);
INSERT INTO `sys_oper_log` VALUES (167, '菜单管理', 3, 'com.ruoyi.web.controller.system.SysMenuController.remove()', 'DELETE', 1, 'admin', '研发部门', '/system/menu/2002', '127.0.0.1', '内网IP', '{}', '{\"msg\":\"操作成功\",\"code\":200}', 0, NULL, '2024-05-22 03:16:23', 16);
INSERT INTO `sys_oper_log` VALUES (168, '菜单管理', 3, 'com.ruoyi.web.controller.system.SysMenuController.remove()', 'DELETE', 1, 'admin', '研发部门', '/system/menu/2004', '127.0.0.1', '内网IP', '{}', '{\"msg\":\"操作成功\",\"code\":200}', 0, NULL, '2024-05-22 03:16:25', 16);
INSERT INTO `sys_oper_log` VALUES (169, '菜单管理', 3, 'com.ruoyi.web.controller.system.SysMenuController.remove()', 'DELETE', 1, 'admin', '研发部门', '/system/menu/2005', '127.0.0.1', '内网IP', '{}', '{\"msg\":\"操作成功\",\"code\":200}', 0, NULL, '2024-05-22 03:16:26', 13);
INSERT INTO `sys_oper_log` VALUES (170, '菜单管理', 3, 'com.ruoyi.web.controller.system.SysMenuController.remove()', 'DELETE', 1, 'admin', '研发部门', '/system/menu/2006', '127.0.0.1', '内网IP', '{}', '{\"msg\":\"操作成功\",\"code\":200}', 0, NULL, '2024-05-22 03:16:27', 11);
INSERT INTO `sys_oper_log` VALUES (171, '菜单管理', 3, 'com.ruoyi.web.controller.system.SysMenuController.remove()', 'DELETE', 1, 'admin', '研发部门', '/system/menu/2007', '127.0.0.1', '内网IP', '{}', '{\"msg\":\"操作成功\",\"code\":200}', 0, NULL, '2024-05-22 03:16:28', 12);
INSERT INTO `sys_oper_log` VALUES (172, '菜单管理', 3, 'com.ruoyi.web.controller.system.SysMenuController.remove()', 'DELETE', 1, 'admin', '研发部门', '/system/menu/2000', '127.0.0.1', '内网IP', '{}', '{\"msg\":\"操作成功\",\"code\":200}', 0, NULL, '2024-05-22 03:16:31', 13);
INSERT INTO `sys_oper_log` VALUES (173, '菜单管理', 2, 'com.ruoyi.web.controller.system.SysMenuController.edit()', 'PUT', 1, 'admin', '研发部门', '/system/menu', '127.0.0.1', '内网IP', '{\"children\":[],\"createTime\":\"2024-05-14 04:02:26\",\"icon\":\"system\",\"isCache\":\"0\",\"isFrame\":\"1\",\"menuId\":1,\"menuName\":\"系统管理\",\"menuType\":\"M\",\"orderNum\":4,\"params\":{},\"parentId\":0,\"path\":\"system\",\"perms\":\"\",\"query\":\"\",\"status\":\"0\",\"updateBy\":\"admin\",\"visible\":\"0\"}', '{\"msg\":\"操作成功\",\"code\":200}', 0, NULL, '2024-05-22 03:17:00', 15);
INSERT INTO `sys_oper_log` VALUES (174, '菜单管理', 2, 'com.ruoyi.web.controller.system.SysMenuController.edit()', 'PUT', 1, 'admin', '研发部门', '/system/menu', '127.0.0.1', '内网IP', '{\"children\":[],\"createTime\":\"2024-05-14 04:02:26\",\"icon\":\"monitor\",\"isCache\":\"0\",\"isFrame\":\"1\",\"menuId\":2,\"menuName\":\"系统监控\",\"menuType\":\"M\",\"orderNum\":5,\"params\":{},\"parentId\":0,\"path\":\"monitor\",\"perms\":\"\",\"query\":\"\",\"status\":\"0\",\"updateBy\":\"admin\",\"visible\":\"0\"}', '{\"msg\":\"操作成功\",\"code\":200}', 0, NULL, '2024-05-22 03:17:07', 16);
INSERT INTO `sys_oper_log` VALUES (175, '菜单管理', 2, 'com.ruoyi.web.controller.system.SysMenuController.edit()', 'PUT', 1, 'admin', '研发部门', '/system/menu', '127.0.0.1', '内网IP', '{\"children\":[],\"createTime\":\"2024-05-14 04:02:26\",\"icon\":\"guide\",\"isCache\":\"0\",\"isFrame\":\"0\",\"menuId\":4,\"menuName\":\"若依官网\",\"menuType\":\"M\",\"orderNum\":6,\"params\":{},\"parentId\":0,\"path\":\"http://ruoyi.vip\",\"perms\":\"\",\"query\":\"\",\"status\":\"0\",\"updateBy\":\"admin\",\"visible\":\"0\"}', '{\"msg\":\"操作成功\",\"code\":200}', 0, NULL, '2024-05-22 03:17:25', 14);
INSERT INTO `sys_oper_log` VALUES (176, '菜单管理', 2, 'com.ruoyi.web.controller.system.SysMenuController.edit()', 'PUT', 1, 'admin', '研发部门', '/system/menu', '127.0.0.1', '内网IP', '{\"children\":[],\"createTime\":\"2024-05-22 02:41:58\",\"icon\":\"component\",\"isCache\":\"0\",\"isFrame\":\"1\",\"menuId\":2012,\"menuName\":\"系统信息管理\",\"menuType\":\"M\",\"orderNum\":0,\"params\":{},\"parentId\":0,\"path\":\"DepSys\",\"perms\":\"\",\"status\":\"0\",\"updateBy\":\"admin\",\"visible\":\"0\"}', '{\"msg\":\"操作成功\",\"code\":200}', 0, NULL, '2024-05-22 03:17:41', 12);
INSERT INTO `sys_oper_log` VALUES (177, '菜单管理', 2, 'com.ruoyi.web.controller.system.SysMenuController.edit()', 'PUT', 1, 'admin', '研发部门', '/system/menu', '127.0.0.1', '内网IP', '{\"children\":[],\"createTime\":\"2024-05-22 03:05:55\",\"icon\":\"documentation\",\"isCache\":\"0\",\"isFrame\":\"1\",\"menuId\":2015,\"menuName\":\"课程管理\",\"menuType\":\"M\",\"orderNum\":1,\"params\":{},\"parentId\":0,\"path\":\"DepSys\",\"perms\":\"\",\"status\":\"0\",\"updateBy\":\"admin\",\"visible\":\"0\"}', '{\"msg\":\"操作成功\",\"code\":200}', 0, NULL, '2024-05-22 03:17:46', 13);
INSERT INTO `sys_oper_log` VALUES (178, '菜单管理', 2, 'com.ruoyi.web.controller.system.SysMenuController.edit()', 'PUT', 1, 'admin', '研发部门', '/system/menu', '127.0.0.1', '内网IP', '{\"children\":[],\"createTime\":\"2024-05-22 02:37:07\",\"icon\":\"#\",\"isCache\":\"0\",\"isFrame\":\"1\",\"menuId\":2008,\"menuName\":\"班级学员管理\",\"menuType\":\"M\",\"orderNum\":2,\"params\":{},\"parentId\":0,\"path\":\"DepSys\",\"perms\":\"\",\"status\":\"0\",\"updateBy\":\"admin\",\"visible\":\"0\"}', '{\"msg\":\"操作成功\",\"code\":200}', 0, NULL, '2024-05-22 03:17:54', 14);
INSERT INTO `sys_oper_log` VALUES (179, '菜单管理', 2, 'com.ruoyi.web.controller.system.SysMenuController.edit()', 'PUT', 1, 'admin', '研发部门', '/system/menu', '127.0.0.1', '内网IP', '{\"children\":[],\"component\":\"DepSys/employees/index\",\"createTime\":\"2024-05-22 03:04:19\",\"icon\":\"date-range\",\"isCache\":\"0\",\"isFrame\":\"1\",\"menuId\":2014,\"menuName\":\"员工管理\",\"menuType\":\"C\",\"orderNum\":2,\"params\":{},\"parentId\":2012,\"path\":\"DepSys\",\"perms\":\"DepSys:employees:list\",\"status\":\"0\",\"updateBy\":\"admin\",\"visible\":\"0\"}', '{\"msg\":\"操作成功\",\"code\":200}', 0, NULL, '2024-05-22 03:18:29', 10);
INSERT INTO `sys_oper_log` VALUES (180, '菜单管理', 1, 'com.ruoyi.web.controller.system.SysMenuController.add()', 'POST', 1, 'admin', '研发部门', '/system/menu', '127.0.0.1', '内网IP', '{\"children\":[],\"createBy\":\"admin\",\"icon\":\"cascader\",\"isCache\":\"0\",\"isFrame\":\"1\",\"menuName\":\"部门系统\",\"menuType\":\"M\",\"orderNum\":1,\"params\":{},\"parentId\":0,\"path\":\"Dep\",\"status\":\"0\",\"visible\":\"0\"}', '{\"msg\":\"操作成功\",\"code\":200}', 0, NULL, '2024-05-22 03:20:22', 12);
INSERT INTO `sys_oper_log` VALUES (181, '菜单管理', 1, 'com.ruoyi.web.controller.system.SysMenuController.add()', 'POST', 1, 'admin', '研发部门', '/system/menu', '127.0.0.1', '内网IP', '{\"children\":[],\"createBy\":\"admin\",\"icon\":\"component\",\"isCache\":\"0\",\"isFrame\":\"1\",\"menuName\":\"班级管理\",\"menuType\":\"M\",\"orderNum\":0,\"params\":{},\"parentId\":2018,\"path\":\"DepSys\",\"status\":\"0\",\"visible\":\"0\"}', '{\"msg\":\"操作成功\",\"code\":200}', 0, NULL, '2024-05-22 03:21:37', 8);
INSERT INTO `sys_oper_log` VALUES (182, '代码生成', 2, 'com.ruoyi.generator.controller.GenController.editSave()', 'PUT', 1, 'admin', '研发部门', '/tool/gen', '127.0.0.1', '内网IP', '{\"businessName\":\"classes\",\"className\":\"Classes\",\"columns\":[{\"capJavaField\":\"Id\",\"columnComment\":\"班级id\",\"columnId\":15,\"columnName\":\"id\",\"columnType\":\"int(11)\",\"createBy\":\"admin\",\"createTime\":\"2024-05-14 04:26:50\",\"dictType\":\"\",\"edit\":false,\"htmlType\":\"input\",\"increment\":true,\"insert\":true,\"isIncrement\":\"1\",\"isInsert\":\"1\",\"isPk\":\"1\",\"isRequired\":\"0\",\"javaField\":\"id\",\"javaType\":\"Long\",\"list\":false,\"params\":{},\"pk\":true,\"query\":false,\"queryType\":\"EQ\",\"required\":false,\"sort\":1,\"superColumn\":false,\"tableId\":2,\"updateBy\":\"\",\"updateTime\":\"2024-05-14 06:48:27\",\"usableColumn\":false},{\"capJavaField\":\"Name\",\"columnComment\":\"名称\",\"columnId\":16,\"columnName\":\"name\",\"columnType\":\"varchar(100)\",\"createBy\":\"admin\",\"createTime\":\"2024-05-14 04:26:50\",\"dictType\":\"\",\"edit\":true,\"htmlType\":\"input\",\"increment\":false,\"insert\":true,\"isEdit\":\"1\",\"isIncrement\":\"0\",\"isInsert\":\"1\",\"isList\":\"1\",\"isPk\":\"0\",\"isQuery\":\"1\",\"isRequired\":\"1\",\"javaField\":\"name\",\"javaType\":\"String\",\"list\":true,\"params\":{},\"pk\":false,\"query\":true,\"queryType\":\"LIKE\",\"required\":true,\"sort\":2,\"superColumn\":false,\"tableId\":2,\"updateBy\":\"\",\"updateTime\":\"2024-05-14 06:48:27\",\"usableColumn\":false},{\"capJavaField\":\"TeacherId\",\"columnComment\":\"老师id\",\"columnId\":17,\"columnName\":\"teacher_id\",\"columnType\":\"int(11)\",\"createBy\":\"admin\",\"createTime\":\"2024-05-14 04:26:50\",\"dictType\":\"\",\"edit\":true,\"htmlType\":\"input\",\"increment\":false,\"insert\":true,\"isEdit\":\"1\",\"isIncrement\":\"0\",\"isInsert\":\"1\",\"isList\":\"1\",\"isPk\":\"0\",\"isQuery\":\"1\",\"isRequired\":\"1\",\"javaField\":\"teacherId\",\"javaType\":\"Long\",\"list\":true,\"params\":{},\"pk\":false,\"query\":true,\"queryType\":\"EQ\",\"required\":true,\"sort\":3,\"superColumn\":false,\"tableId\":2,\"updateBy\":\"\",\"updateTime\":\"2024-05-14 06:48:27\",\"usableColumn\":false},{\"capJavaField\":\"Description\",\"columnComment\":\"描述\",\"columnId\":18,\"columnName\":\"description\",\"columnType\":\"text\",\"createBy\":\"admin\",\"createTime\":\"2024-05-14 04:26:50\",\"dictType\":\"\",\"edit\":true,\"htmlType\":\"textarea\",\"increment\":false,\"insert\":true,\"isEdit\":\"1\",\"isIncre', '{\"msg\":\"操作成功\",\"code\":200}', 0, NULL, '2024-05-22 03:23:31', 64);
INSERT INTO `sys_oper_log` VALUES (183, '代码生成', 2, 'com.ruoyi.generator.controller.GenController.editSave()', 'PUT', 1, 'admin', '研发部门', '/tool/gen', '127.0.0.1', '内网IP', '{\"businessName\":\"schedules\",\"className\":\"CourseSchedules\",\"columns\":[{\"capJavaField\":\"Id\",\"columnComment\":\"\",\"columnId\":20,\"columnName\":\"id\",\"columnType\":\"int(11)\",\"createBy\":\"admin\",\"createTime\":\"2024-05-14 04:26:50\",\"dictType\":\"\",\"edit\":false,\"htmlType\":\"input\",\"increment\":true,\"insert\":true,\"isIncrement\":\"1\",\"isInsert\":\"1\",\"isPk\":\"1\",\"isRequired\":\"0\",\"javaField\":\"id\",\"javaType\":\"Long\",\"list\":false,\"params\":{},\"pk\":true,\"query\":false,\"queryType\":\"EQ\",\"required\":false,\"sort\":1,\"superColumn\":false,\"tableId\":3,\"updateBy\":\"\",\"updateTime\":\"2024-05-14 05:58:18\",\"usableColumn\":false},{\"capJavaField\":\"CourseId\",\"columnComment\":\"课程id\",\"columnId\":21,\"columnName\":\"course_id\",\"columnType\":\"int(11)\",\"createBy\":\"admin\",\"createTime\":\"2024-05-14 04:26:50\",\"dictType\":\"\",\"edit\":true,\"htmlType\":\"input\",\"increment\":false,\"insert\":true,\"isEdit\":\"1\",\"isIncrement\":\"0\",\"isInsert\":\"1\",\"isList\":\"1\",\"isPk\":\"0\",\"isQuery\":\"1\",\"isRequired\":\"1\",\"javaField\":\"courseId\",\"javaType\":\"Long\",\"list\":true,\"params\":{},\"pk\":false,\"query\":true,\"queryType\":\"EQ\",\"required\":true,\"sort\":2,\"superColumn\":false,\"tableId\":3,\"updateBy\":\"\",\"updateTime\":\"2024-05-14 05:58:18\",\"usableColumn\":false},{\"capJavaField\":\"ClassId\",\"columnComment\":\"班级id\",\"columnId\":22,\"columnName\":\"class_id\",\"columnType\":\"int(11)\",\"createBy\":\"admin\",\"createTime\":\"2024-05-14 04:26:50\",\"dictType\":\"\",\"edit\":true,\"htmlType\":\"input\",\"increment\":false,\"insert\":true,\"isEdit\":\"1\",\"isIncrement\":\"0\",\"isInsert\":\"1\",\"isList\":\"1\",\"isPk\":\"0\",\"isQuery\":\"1\",\"isRequired\":\"1\",\"javaField\":\"classId\",\"javaType\":\"Long\",\"list\":true,\"params\":{},\"pk\":false,\"query\":true,\"queryType\":\"EQ\",\"required\":true,\"sort\":3,\"superColumn\":false,\"tableId\":3,\"updateBy\":\"\",\"updateTime\":\"2024-05-14 05:58:18\",\"usableColumn\":false},{\"capJavaField\":\"StartTime\",\"columnComment\":\"开始试卷\",\"columnId\":23,\"columnName\":\"start_time\",\"columnType\":\"datetime\",\"createBy\":\"admin\",\"createTime\":\"2024-05-14 04:26:50\",\"dictType\":\"\",\"edit\":true,\"htmlType\":\"datetime\",\"increment\":false,\"insert\":true,\"isEdit\":\"1\"', '{\"msg\":\"操作成功\",\"code\":200}', 0, NULL, '2024-05-22 03:24:25', 27);
INSERT INTO `sys_oper_log` VALUES (184, '代码生成', 2, 'com.ruoyi.generator.controller.GenController.editSave()', 'PUT', 1, 'admin', '研发部门', '/tool/gen', '127.0.0.1', '内网IP', '{\"businessName\":\"courses\",\"className\":\"Courses\",\"columns\":[{\"capJavaField\":\"Id\",\"columnComment\":\"课程id\",\"columnId\":26,\"columnName\":\"id\",\"columnType\":\"int(11)\",\"createBy\":\"admin\",\"createTime\":\"2024-05-14 04:26:50\",\"dictType\":\"\",\"edit\":false,\"htmlType\":\"input\",\"increment\":true,\"insert\":true,\"isIncrement\":\"1\",\"isInsert\":\"1\",\"isPk\":\"1\",\"isRequired\":\"0\",\"javaField\":\"id\",\"javaType\":\"Long\",\"list\":false,\"params\":{},\"pk\":true,\"query\":false,\"queryType\":\"EQ\",\"required\":false,\"sort\":1,\"superColumn\":false,\"tableId\":4,\"updateBy\":\"\",\"updateTime\":\"2024-05-14 06:48:17\",\"usableColumn\":false},{\"capJavaField\":\"Name\",\"columnComment\":\"课程名称\",\"columnId\":27,\"columnName\":\"name\",\"columnType\":\"varchar(100)\",\"createBy\":\"admin\",\"createTime\":\"2024-05-14 04:26:50\",\"dictType\":\"\",\"edit\":true,\"htmlType\":\"input\",\"increment\":false,\"insert\":true,\"isEdit\":\"1\",\"isIncrement\":\"0\",\"isInsert\":\"1\",\"isList\":\"1\",\"isPk\":\"0\",\"isQuery\":\"1\",\"isRequired\":\"1\",\"javaField\":\"name\",\"javaType\":\"String\",\"list\":true,\"params\":{},\"pk\":false,\"query\":true,\"queryType\":\"LIKE\",\"required\":true,\"sort\":2,\"superColumn\":false,\"tableId\":4,\"updateBy\":\"\",\"updateTime\":\"2024-05-14 06:48:17\",\"usableColumn\":false},{\"capJavaField\":\"Description\",\"columnComment\":\"描述\",\"columnId\":28,\"columnName\":\"description\",\"columnType\":\"text\",\"createBy\":\"admin\",\"createTime\":\"2024-05-14 04:26:50\",\"dictType\":\"\",\"edit\":true,\"htmlType\":\"textarea\",\"increment\":false,\"insert\":true,\"isEdit\":\"1\",\"isIncrement\":\"0\",\"isInsert\":\"1\",\"isList\":\"1\",\"isPk\":\"0\",\"isQuery\":\"1\",\"isRequired\":\"0\",\"javaField\":\"description\",\"javaType\":\"String\",\"list\":true,\"params\":{},\"pk\":false,\"query\":true,\"queryType\":\"EQ\",\"required\":false,\"sort\":3,\"superColumn\":false,\"tableId\":4,\"updateBy\":\"\",\"updateTime\":\"2024-05-14 06:48:17\",\"usableColumn\":false},{\"capJavaField\":\"Duration\",\"columnComment\":\"时间\",\"columnId\":29,\"columnName\":\"duration\",\"columnType\":\"int(11)\",\"createBy\":\"admin\",\"createTime\":\"2024-05-14 04:26:50\",\"dictType\":\"\",\"edit\":true,\"htmlType\":\"input\",\"increment\":false,\"insert\":true,\"isEdit\":\"1\",\"isInc', '{\"msg\":\"操作成功\",\"code\":200}', 0, NULL, '2024-05-22 03:25:01', 34);
INSERT INTO `sys_oper_log` VALUES (185, '代码生成', 2, 'com.ruoyi.generator.controller.GenController.editSave()', 'PUT', 1, 'admin', '研发部门', '/tool/gen', '127.0.0.1', '内网IP', '{\"businessName\":\"departments\",\"className\":\"Departments\",\"columns\":[{\"capJavaField\":\"Id\",\"columnComment\":\"部门id\",\"columnId\":31,\"columnName\":\"id\",\"columnType\":\"int(11)\",\"createBy\":\"admin\",\"createTime\":\"2024-05-14 04:26:50\",\"dictType\":\"\",\"edit\":false,\"htmlType\":\"input\",\"increment\":true,\"insert\":true,\"isIncrement\":\"1\",\"isInsert\":\"1\",\"isPk\":\"1\",\"isRequired\":\"0\",\"javaField\":\"id\",\"javaType\":\"Long\",\"list\":false,\"params\":{},\"pk\":true,\"query\":false,\"queryType\":\"EQ\",\"required\":false,\"sort\":1,\"superColumn\":false,\"tableId\":5,\"updateBy\":\"\",\"updateTime\":\"2024-05-14 06:47:23\",\"usableColumn\":false},{\"capJavaField\":\"Name\",\"columnComment\":\"部门名称\",\"columnId\":32,\"columnName\":\"name\",\"columnType\":\"varchar(100)\",\"createBy\":\"admin\",\"createTime\":\"2024-05-14 04:26:50\",\"dictType\":\"\",\"edit\":true,\"htmlType\":\"input\",\"increment\":false,\"insert\":true,\"isEdit\":\"1\",\"isIncrement\":\"0\",\"isInsert\":\"1\",\"isList\":\"1\",\"isPk\":\"0\",\"isQuery\":\"1\",\"isRequired\":\"1\",\"javaField\":\"name\",\"javaType\":\"String\",\"list\":true,\"params\":{},\"pk\":false,\"query\":true,\"queryType\":\"LIKE\",\"required\":true,\"sort\":2,\"superColumn\":false,\"tableId\":5,\"updateBy\":\"\",\"updateTime\":\"2024-05-14 06:47:23\",\"usableColumn\":false},{\"capJavaField\":\"Description\",\"columnComment\":\"描述\",\"columnId\":33,\"columnName\":\"description\",\"columnType\":\"text\",\"createBy\":\"admin\",\"createTime\":\"2024-05-14 04:26:50\",\"dictType\":\"\",\"edit\":true,\"htmlType\":\"textarea\",\"increment\":false,\"insert\":true,\"isEdit\":\"1\",\"isIncrement\":\"0\",\"isInsert\":\"1\",\"isList\":\"1\",\"isPk\":\"0\",\"isQuery\":\"1\",\"isRequired\":\"0\",\"javaField\":\"description\",\"javaType\":\"String\",\"list\":true,\"params\":{},\"pk\":false,\"query\":true,\"queryType\":\"EQ\",\"required\":false,\"sort\":3,\"superColumn\":false,\"tableId\":5,\"updateBy\":\"\",\"updateTime\":\"2024-05-14 06:47:23\",\"usableColumn\":false},{\"capJavaField\":\"CreatedAt\",\"columnComment\":\"创建时间\",\"columnId\":34,\"columnName\":\"created_at\",\"columnType\":\"timestamp\",\"createBy\":\"admin\",\"createTime\":\"2024-05-14 04:26:50\",\"dictType\":\"\",\"edit\":true,\"htmlType\":\"datetime\",\"increment\":false,\"insert\":true,\"', '{\"msg\":\"操作成功\",\"code\":200}', 0, NULL, '2024-05-22 03:25:20', 22);
INSERT INTO `sys_oper_log` VALUES (186, '代码生成', 2, 'com.ruoyi.generator.controller.GenController.editSave()', 'PUT', 1, 'admin', '研发部门', '/tool/gen', '127.0.0.1', '内网IP', '{\"businessName\":\"students\",\"className\":\"Students\",\"columns\":[{\"capJavaField\":\"Id\",\"columnComment\":\"学员id\",\"columnId\":43,\"columnName\":\"id\",\"columnType\":\"int(11)\",\"createBy\":\"admin\",\"createTime\":\"2024-05-14 04:26:50\",\"dictType\":\"\",\"edit\":false,\"htmlType\":\"input\",\"increment\":true,\"insert\":true,\"isIncrement\":\"1\",\"isInsert\":\"1\",\"isPk\":\"1\",\"isRequired\":\"0\",\"javaField\":\"id\",\"javaType\":\"Long\",\"list\":false,\"params\":{},\"pk\":true,\"query\":false,\"queryType\":\"EQ\",\"required\":false,\"sort\":1,\"superColumn\":false,\"tableId\":7,\"updateBy\":\"\",\"updateTime\":\"2024-05-14 06:46:59\",\"usableColumn\":false},{\"capJavaField\":\"UserId\",\"columnComment\":\"用户id\",\"columnId\":44,\"columnName\":\"user_id\",\"columnType\":\"int(11)\",\"createBy\":\"admin\",\"createTime\":\"2024-05-14 04:26:50\",\"dictType\":\"\",\"edit\":true,\"htmlType\":\"input\",\"increment\":false,\"insert\":true,\"isEdit\":\"1\",\"isIncrement\":\"0\",\"isInsert\":\"1\",\"isList\":\"1\",\"isPk\":\"0\",\"isQuery\":\"1\",\"isRequired\":\"1\",\"javaField\":\"userId\",\"javaType\":\"Long\",\"list\":true,\"params\":{},\"pk\":false,\"query\":true,\"queryType\":\"EQ\",\"required\":true,\"sort\":2,\"superColumn\":false,\"tableId\":7,\"updateBy\":\"\",\"updateTime\":\"2024-05-14 06:46:59\",\"usableColumn\":false},{\"capJavaField\":\"ClassId\",\"columnComment\":\"班级id\",\"columnId\":45,\"columnName\":\"class_id\",\"columnType\":\"int(11)\",\"createBy\":\"admin\",\"createTime\":\"2024-05-14 04:26:50\",\"dictType\":\"\",\"edit\":true,\"htmlType\":\"input\",\"increment\":false,\"insert\":true,\"isEdit\":\"1\",\"isIncrement\":\"0\",\"isInsert\":\"1\",\"isList\":\"1\",\"isPk\":\"0\",\"isQuery\":\"1\",\"isRequired\":\"0\",\"javaField\":\"classId\",\"javaType\":\"Long\",\"list\":true,\"params\":{},\"pk\":false,\"query\":true,\"queryType\":\"EQ\",\"required\":false,\"sort\":3,\"superColumn\":false,\"tableId\":7,\"updateBy\":\"\",\"updateTime\":\"2024-05-14 06:46:59\",\"usableColumn\":false},{\"capJavaField\":\"CreatedAt\",\"columnComment\":\"创建时间\",\"columnId\":46,\"columnName\":\"created_at\",\"columnType\":\"timestamp\",\"createBy\":\"admin\",\"createTime\":\"2024-05-14 04:26:50\",\"dictType\":\"\",\"edit\":true,\"htmlType\":\"datetime\",\"increment\":false,\"insert\":true,\"isEdit\":\"1\",\"isIncr', '{\"msg\":\"操作成功\",\"code\":200}', 0, NULL, '2024-05-22 03:25:44', 21);
INSERT INTO `sys_oper_log` VALUES (187, '代码生成', 2, 'com.ruoyi.generator.controller.GenController.editSave()', 'PUT', 1, 'admin', '研发部门', '/tool/gen', '127.0.0.1', '内网IP', '{\"businessName\":\"users\",\"className\":\"Users\",\"columns\":[{\"capJavaField\":\"Id\",\"columnComment\":\"用户id\",\"columnId\":47,\"columnName\":\"id\",\"columnType\":\"int(11)\",\"createBy\":\"admin\",\"createTime\":\"2024-05-14 04:26:50\",\"dictType\":\"\",\"edit\":false,\"htmlType\":\"input\",\"increment\":true,\"insert\":true,\"isIncrement\":\"1\",\"isInsert\":\"1\",\"isPk\":\"1\",\"isRequired\":\"0\",\"javaField\":\"id\",\"javaType\":\"Long\",\"list\":false,\"params\":{},\"pk\":true,\"query\":false,\"queryType\":\"EQ\",\"required\":false,\"sort\":1,\"superColumn\":false,\"tableId\":8,\"updateBy\":\"\",\"updateTime\":\"2024-05-14 06:46:29\",\"usableColumn\":false},{\"capJavaField\":\"Username\",\"columnComment\":\"用户名\",\"columnId\":48,\"columnName\":\"username\",\"columnType\":\"varchar(50)\",\"createBy\":\"admin\",\"createTime\":\"2024-05-14 04:26:50\",\"dictType\":\"\",\"edit\":true,\"htmlType\":\"input\",\"increment\":false,\"insert\":true,\"isEdit\":\"1\",\"isIncrement\":\"0\",\"isInsert\":\"1\",\"isList\":\"1\",\"isPk\":\"0\",\"isQuery\":\"1\",\"isRequired\":\"1\",\"javaField\":\"username\",\"javaType\":\"String\",\"list\":true,\"params\":{},\"pk\":false,\"query\":true,\"queryType\":\"LIKE\",\"required\":true,\"sort\":2,\"superColumn\":false,\"tableId\":8,\"updateBy\":\"\",\"updateTime\":\"2024-05-14 06:46:29\",\"usableColumn\":false},{\"capJavaField\":\"Password\",\"columnComment\":\"密码\",\"columnId\":49,\"columnName\":\"password\",\"columnType\":\"varchar(255)\",\"createBy\":\"admin\",\"createTime\":\"2024-05-14 04:26:50\",\"dictType\":\"\",\"edit\":true,\"htmlType\":\"input\",\"increment\":false,\"insert\":true,\"isEdit\":\"1\",\"isIncrement\":\"0\",\"isInsert\":\"1\",\"isList\":\"1\",\"isPk\":\"0\",\"isQuery\":\"1\",\"isRequired\":\"1\",\"javaField\":\"password\",\"javaType\":\"String\",\"list\":true,\"params\":{},\"pk\":false,\"query\":true,\"queryType\":\"EQ\",\"required\":true,\"sort\":3,\"superColumn\":false,\"tableId\":8,\"updateBy\":\"\",\"updateTime\":\"2024-05-14 06:46:29\",\"usableColumn\":false},{\"capJavaField\":\"Role\",\"columnComment\":\"角色\",\"columnId\":50,\"columnName\":\"role\",\"columnType\":\"enum(\'admin\',\'teacher\',\'student\')\",\"createBy\":\"admin\",\"createTime\":\"2024-05-14 04:26:50\",\"dictType\":\"\",\"edit\":true,\"increment\":false,\"insert\":true,\"isEdit\":\"1\",\"isInc', '{\"msg\":\"操作成功\",\"code\":200}', 0, NULL, '2024-05-22 03:26:14', 23);
INSERT INTO `sys_oper_log` VALUES (188, '代码生成', 2, 'com.ruoyi.generator.controller.GenController.editSave()', 'PUT', 1, 'admin', '研发部门', '/tool/gen', '127.0.0.1', '内网IP', '{\"businessName\":\"emp\",\"className\":\"Emp\",\"columns\":[{\"capJavaField\":\"Id\",\"columnComment\":\"ID\",\"columnId\":53,\"columnName\":\"id\",\"columnType\":\"int(10) unsigned\",\"createBy\":\"admin\",\"createTime\":\"2024-05-22 03:12:13\",\"dictType\":\"\",\"edit\":false,\"htmlType\":\"input\",\"increment\":true,\"insert\":true,\"isIncrement\":\"1\",\"isInsert\":\"1\",\"isPk\":\"1\",\"isRequired\":\"0\",\"javaField\":\"id\",\"javaType\":\"Integer\",\"list\":false,\"params\":{},\"pk\":true,\"query\":false,\"queryType\":\"EQ\",\"required\":false,\"sort\":1,\"superColumn\":false,\"tableId\":9,\"updateBy\":\"\",\"updateTime\":\"2024-05-22 03:13:25\",\"usableColumn\":false},{\"capJavaField\":\"Username\",\"columnComment\":\"用户名\",\"columnId\":54,\"columnName\":\"username\",\"columnType\":\"varchar(20)\",\"createBy\":\"admin\",\"createTime\":\"2024-05-22 03:12:13\",\"dictType\":\"\",\"edit\":true,\"htmlType\":\"input\",\"increment\":false,\"insert\":true,\"isEdit\":\"1\",\"isIncrement\":\"0\",\"isInsert\":\"1\",\"isList\":\"1\",\"isPk\":\"0\",\"isQuery\":\"1\",\"isRequired\":\"1\",\"javaField\":\"username\",\"javaType\":\"String\",\"list\":true,\"params\":{},\"pk\":false,\"query\":true,\"queryType\":\"LIKE\",\"required\":true,\"sort\":2,\"superColumn\":false,\"tableId\":9,\"updateBy\":\"\",\"updateTime\":\"2024-05-22 03:13:25\",\"usableColumn\":false},{\"capJavaField\":\"Password\",\"columnComment\":\"密码\",\"columnId\":55,\"columnName\":\"password\",\"columnType\":\"varchar(32)\",\"createBy\":\"admin\",\"createTime\":\"2024-05-22 03:12:13\",\"dictType\":\"\",\"edit\":true,\"htmlType\":\"input\",\"increment\":false,\"insert\":true,\"isEdit\":\"1\",\"isIncrement\":\"0\",\"isInsert\":\"1\",\"isList\":\"1\",\"isPk\":\"0\",\"isQuery\":\"1\",\"isRequired\":\"0\",\"javaField\":\"password\",\"javaType\":\"String\",\"list\":true,\"params\":{},\"pk\":false,\"query\":true,\"queryType\":\"EQ\",\"required\":false,\"sort\":3,\"superColumn\":false,\"tableId\":9,\"updateBy\":\"\",\"updateTime\":\"2024-05-22 03:13:25\",\"usableColumn\":false},{\"capJavaField\":\"Name\",\"columnComment\":\"姓名\",\"columnId\":56,\"columnName\":\"name\",\"columnType\":\"varchar(10)\",\"createBy\":\"admin\",\"createTime\":\"2024-05-22 03:12:13\",\"dictType\":\"\",\"edit\":true,\"htmlType\":\"input\",\"increment\":false,\"insert\":true,\"isEdit\":\"1\",\"is', '{\"msg\":\"操作成功\",\"code\":200}', 0, NULL, '2024-05-22 03:26:36', 35);
INSERT INTO `sys_oper_log` VALUES (189, '代码生成', 2, 'com.ruoyi.generator.controller.GenController.editSave()', 'PUT', 1, 'admin', '研发部门', '/tool/gen', '127.0.0.1', '内网IP', '{\"businessName\":\"classes\",\"className\":\"Classes\",\"columns\":[{\"capJavaField\":\"Id\",\"columnComment\":\"班级id\",\"columnId\":15,\"columnName\":\"id\",\"columnType\":\"int(11)\",\"createBy\":\"admin\",\"createTime\":\"2024-05-14 04:26:50\",\"dictType\":\"\",\"edit\":false,\"htmlType\":\"input\",\"increment\":true,\"insert\":true,\"isIncrement\":\"1\",\"isInsert\":\"1\",\"isPk\":\"1\",\"isRequired\":\"0\",\"javaField\":\"id\",\"javaType\":\"Long\",\"list\":false,\"params\":{},\"pk\":true,\"query\":false,\"queryType\":\"EQ\",\"required\":false,\"sort\":1,\"superColumn\":false,\"tableId\":2,\"updateBy\":\"\",\"updateTime\":\"2024-05-22 03:23:31\",\"usableColumn\":false},{\"capJavaField\":\"Name\",\"columnComment\":\"名称\",\"columnId\":16,\"columnName\":\"name\",\"columnType\":\"varchar(100)\",\"createBy\":\"admin\",\"createTime\":\"2024-05-14 04:26:50\",\"dictType\":\"\",\"edit\":true,\"htmlType\":\"input\",\"increment\":false,\"insert\":true,\"isEdit\":\"1\",\"isIncrement\":\"0\",\"isInsert\":\"1\",\"isList\":\"1\",\"isPk\":\"0\",\"isQuery\":\"1\",\"isRequired\":\"1\",\"javaField\":\"name\",\"javaType\":\"String\",\"list\":true,\"params\":{},\"pk\":false,\"query\":true,\"queryType\":\"LIKE\",\"required\":true,\"sort\":2,\"superColumn\":false,\"tableId\":2,\"updateBy\":\"\",\"updateTime\":\"2024-05-22 03:23:31\",\"usableColumn\":false},{\"capJavaField\":\"TeacherId\",\"columnComment\":\"老师id\",\"columnId\":17,\"columnName\":\"teacher_id\",\"columnType\":\"int(11)\",\"createBy\":\"admin\",\"createTime\":\"2024-05-14 04:26:50\",\"dictType\":\"\",\"edit\":true,\"htmlType\":\"input\",\"increment\":false,\"insert\":true,\"isEdit\":\"1\",\"isIncrement\":\"0\",\"isInsert\":\"1\",\"isList\":\"1\",\"isPk\":\"0\",\"isQuery\":\"1\",\"isRequired\":\"1\",\"javaField\":\"teacherId\",\"javaType\":\"Long\",\"list\":true,\"params\":{},\"pk\":false,\"query\":true,\"queryType\":\"EQ\",\"required\":true,\"sort\":3,\"superColumn\":false,\"tableId\":2,\"updateBy\":\"\",\"updateTime\":\"2024-05-22 03:23:31\",\"usableColumn\":false},{\"capJavaField\":\"Description\",\"columnComment\":\"描述\",\"columnId\":18,\"columnName\":\"description\",\"columnType\":\"text\",\"createBy\":\"admin\",\"createTime\":\"2024-05-14 04:26:50\",\"dictType\":\"\",\"edit\":true,\"htmlType\":\"textarea\",\"increment\":false,\"insert\":true,\"isEdit\":\"1\",\"isIncre', '{\"msg\":\"操作成功\",\"code\":200}', 0, NULL, '2024-05-22 03:27:12', 44);
INSERT INTO `sys_oper_log` VALUES (190, '代码生成', 8, 'com.ruoyi.generator.controller.GenController.batchGenCode()', 'GET', 1, 'admin', '研发部门', '/tool/gen/batchGenCode', '127.0.0.1', '内网IP', '{\"tables\":\"classes,course_schedules,courses,departments,students,users,emp\"}', NULL, 0, NULL, '2024-05-22 03:27:26', 405);
INSERT INTO `sys_oper_log` VALUES (191, '菜单管理', 2, 'com.ruoyi.web.controller.system.SysMenuController.edit()', 'PUT', 1, 'admin', '研发部门', '/system/menu', '127.0.0.1', '内网IP', '{\"children\":[],\"component\":\"DepSysDepartments/departments/index\",\"createTime\":\"2024-05-22 02:42:53\",\"icon\":\"download\",\"isCache\":\"0\",\"isFrame\":\"1\",\"menuId\":2013,\"menuName\":\"部门信息管理\",\"menuType\":\"C\",\"orderNum\":0,\"params\":{},\"parentId\":2012,\"path\":\"DepSysDepartments\",\"perms\":\"DepSysDepartments:departments:list\",\"status\":\"0\",\"updateBy\":\"admin\",\"visible\":\"0\"}', '{\"msg\":\"操作成功\",\"code\":200}', 0, NULL, '2024-05-22 03:38:56', 238);
INSERT INTO `sys_oper_log` VALUES (192, '菜单管理', 2, 'com.ruoyi.web.controller.system.SysMenuController.edit()', 'PUT', 1, 'admin', '研发部门', '/system/menu', '127.0.0.1', '内网IP', '{\"children\":[],\"component\":\"DepSysEmployees/employees/index\",\"createTime\":\"2024-05-22 03:04:19\",\"icon\":\"date-range\",\"isCache\":\"0\",\"isFrame\":\"1\",\"menuId\":2014,\"menuName\":\"员工管理\",\"menuType\":\"C\",\"orderNum\":2,\"params\":{},\"parentId\":2012,\"path\":\"DepSys\",\"perms\":\"DepSysEmployees:employees:list\",\"status\":\"0\",\"updateBy\":\"admin\",\"visible\":\"0\"}', '{\"msg\":\"操作成功\",\"code\":200}', 0, NULL, '2024-05-22 03:39:51', 29);
INSERT INTO `sys_oper_log` VALUES (193, '菜单管理', 2, 'com.ruoyi.web.controller.system.SysMenuController.edit()', 'PUT', 1, 'admin', '研发部门', '/system/menu', '127.0.0.1', '内网IP', '{\"children\":[],\"component\":\"DepSysCourses/courses/index\",\"createTime\":\"2024-05-22 03:07:09\",\"icon\":\"component\",\"isCache\":\"0\",\"isFrame\":\"1\",\"menuId\":2016,\"menuName\":\"课程信息管理\",\"menuType\":\"C\",\"orderNum\":0,\"params\":{},\"parentId\":2015,\"path\":\"DepSys\",\"perms\":\"DepSysCourses:courses:list\",\"status\":\"0\",\"updateBy\":\"admin\",\"visible\":\"0\"}', '{\"msg\":\"操作成功\",\"code\":200}', 0, NULL, '2024-05-22 03:40:26', 14);
INSERT INTO `sys_oper_log` VALUES (194, '菜单管理', 2, 'com.ruoyi.web.controller.system.SysMenuController.edit()', 'PUT', 1, 'admin', '研发部门', '/system/menu', '127.0.0.1', '内网IP', '{\"children\":[],\"component\":\"DepSysSchedules/schedules/index\",\"createTime\":\"2024-05-22 03:08:24\",\"icon\":\"date\",\"isCache\":\"0\",\"isFrame\":\"1\",\"menuId\":2017,\"menuName\":\"课程安排\",\"menuType\":\"C\",\"orderNum\":1,\"params\":{},\"parentId\":2015,\"path\":\"DepSys\",\"perms\":\"DepSysSchedules:schedules:index\",\"status\":\"0\",\"updateBy\":\"admin\",\"visible\":\"0\"}', '{\"msg\":\"操作成功\",\"code\":200}', 0, NULL, '2024-05-22 03:40:51', 14);
INSERT INTO `sys_oper_log` VALUES (195, '菜单管理', 2, 'com.ruoyi.web.controller.system.SysMenuController.edit()', 'PUT', 1, 'admin', '研发部门', '/system/menu', '127.0.0.1', '内网IP', '{\"children\":[],\"component\":\"DepSysCourses/courses/index\",\"createTime\":\"2024-05-22 03:07:09\",\"icon\":\"component\",\"isCache\":\"0\",\"isFrame\":\"1\",\"menuId\":2016,\"menuName\":\"课程信息管理\",\"menuType\":\"C\",\"orderNum\":0,\"params\":{},\"parentId\":2015,\"path\":\"DepSysCourses\",\"perms\":\"DepSysCourses:courses:list\",\"status\":\"0\",\"updateBy\":\"admin\",\"visible\":\"0\"}', '{\"msg\":\"操作成功\",\"code\":200}', 0, NULL, '2024-05-22 03:41:00', 16);
INSERT INTO `sys_oper_log` VALUES (196, '菜单管理', 2, 'com.ruoyi.web.controller.system.SysMenuController.edit()', 'PUT', 1, 'admin', '研发部门', '/system/menu', '127.0.0.1', '内网IP', '{\"children\":[],\"component\":\"DepSysSchedules/schedules/index\",\"createTime\":\"2024-05-22 03:08:24\",\"icon\":\"date\",\"isCache\":\"0\",\"isFrame\":\"1\",\"menuId\":2017,\"menuName\":\"课程安排\",\"menuType\":\"C\",\"orderNum\":1,\"params\":{},\"parentId\":2015,\"path\":\"DepSysSchedules\",\"perms\":\"DepSysSchedules:schedules:index\",\"status\":\"0\",\"updateBy\":\"admin\",\"visible\":\"0\"}', '{\"msg\":\"操作成功\",\"code\":200}', 0, NULL, '2024-05-22 03:41:11', 15);
INSERT INTO `sys_oper_log` VALUES (197, '菜单管理', 2, 'com.ruoyi.web.controller.system.SysMenuController.edit()', 'PUT', 1, 'admin', '研发部门', '/system/menu', '127.0.0.1', '内网IP', '{\"children\":[],\"component\":\"DepSysEmployees/employees/index\",\"createTime\":\"2024-05-22 03:04:19\",\"icon\":\"date-range\",\"isCache\":\"0\",\"isFrame\":\"1\",\"menuId\":2014,\"menuName\":\"员工管理\",\"menuType\":\"C\",\"orderNum\":2,\"params\":{},\"parentId\":2012,\"path\":\"DepSysEmployees\",\"perms\":\"DepSysEmployees:employees:list\",\"status\":\"0\",\"updateBy\":\"admin\",\"visible\":\"0\"}', '{\"msg\":\"操作成功\",\"code\":200}', 0, NULL, '2024-05-22 03:41:20', 14);
INSERT INTO `sys_oper_log` VALUES (198, '菜单管理', 3, 'com.ruoyi.web.controller.system.SysMenuController.remove()', 'DELETE', 1, 'admin', '研发部门', '/system/menu/2018', '127.0.0.1', '内网IP', '{}', '{\"msg\":\"存在子菜单,不允许删除\",\"code\":601}', 0, NULL, '2024-05-22 03:42:22', 32);
INSERT INTO `sys_oper_log` VALUES (199, '菜单管理', 3, 'com.ruoyi.web.controller.system.SysMenuController.remove()', 'DELETE', 1, 'admin', '研发部门', '/system/menu/2019', '127.0.0.1', '内网IP', '{}', '{\"msg\":\"操作成功\",\"code\":200}', 0, NULL, '2024-05-22 03:42:26', 22);
INSERT INTO `sys_oper_log` VALUES (200, '菜单管理', 3, 'com.ruoyi.web.controller.system.SysMenuController.remove()', 'DELETE', 1, 'admin', '研发部门', '/system/menu/2018', '127.0.0.1', '内网IP', '{}', '{\"msg\":\"操作成功\",\"code\":200}', 0, NULL, '2024-05-22 03:42:28', 11);
INSERT INTO `sys_oper_log` VALUES (201, '菜单管理', 2, 'com.ruoyi.web.controller.system.SysMenuController.edit()', 'PUT', 1, 'admin', '研发部门', '/system/menu', '127.0.0.1', '内网IP', '{\"children\":[],\"component\":\"DepSysClasses/classes/index\",\"createTime\":\"2024-05-22 02:39:42\",\"icon\":\"cascader\",\"isCache\":\"0\",\"isFrame\":\"1\",\"menuId\":2010,\"menuName\":\"班级管理\",\"menuType\":\"C\",\"orderNum\":0,\"params\":{},\"parentId\":2008,\"path\":\"DepSysClasses\",\"perms\":\"DepSysClasses:classes:index\",\"status\":\"0\",\"updateBy\":\"admin\",\"visible\":\"0\"}', '{\"msg\":\"操作成功\",\"code\":200}', 0, NULL, '2024-05-22 03:43:02', 41);
INSERT INTO `sys_oper_log` VALUES (202, '菜单管理', 2, 'com.ruoyi.web.controller.system.SysMenuController.edit()', 'PUT', 1, 'admin', '研发部门', '/system/menu', '127.0.0.1', '内网IP', '{\"children\":[],\"component\":\"DepSysStudents/students/index\",\"createTime\":\"2024-05-22 02:41:04\",\"icon\":\"checkbox\",\"isCache\":\"0\",\"isFrame\":\"1\",\"menuId\":2011,\"menuName\":\"学员管理\",\"menuType\":\"C\",\"orderNum\":1,\"params\":{},\"parentId\":2008,\"path\":\"DepSysStudents\",\"perms\":\"DepSysStudents:students:list\",\"status\":\"0\",\"updateBy\":\"admin\",\"visible\":\"0\"}', '{\"msg\":\"操作成功\",\"code\":200}', 0, NULL, '2024-05-22 03:43:34', 12);
INSERT INTO `sys_oper_log` VALUES (203, '菜单管理', 2, 'com.ruoyi.web.controller.system.SysMenuController.edit()', 'PUT', 1, 'admin', '研发部门', '/system/menu', '127.0.0.1', '内网IP', '{\"children\":[],\"component\":\"DepSysEmp/emp/index\",\"createTime\":\"2024-05-22 03:04:19\",\"icon\":\"date-range\",\"isCache\":\"0\",\"isFrame\":\"1\",\"menuId\":2014,\"menuName\":\"员工管理\",\"menuType\":\"C\",\"orderNum\":2,\"params\":{},\"parentId\":2012,\"path\":\"DepSysEmp\",\"perms\":\"DepSysEmp:emp:index\",\"status\":\"0\",\"updateBy\":\"admin\",\"visible\":\"0\"}', '{\"msg\":\"操作成功\",\"code\":200}', 0, NULL, '2024-05-22 03:45:34', 11);
INSERT INTO `sys_oper_log` VALUES (204, '员工管理', 5, 'com.ruoyi.web.controller.DepSys.EmpController.export()', 'POST', 1, 'admin', '研发部门', '/DepSysEmp/emp/export', '127.0.0.1', '内网IP', '{\"pageSize\":\"10\",\"pageNum\":\"1\"}', NULL, 0, NULL, '2024-05-22 03:50:13', 2381);
INSERT INTO `sys_oper_log` VALUES (205, '员工管理', 5, 'com.ruoyi.web.controller.DepSys.EmpController.export()', 'POST', 1, 'admin', '研发部门', '/DepSysEmp/emp/export', '127.0.0.1', '内网IP', '{\"pageSize\":\"10\",\"pageNum\":\"1\"}', NULL, 0, NULL, '2024-05-22 03:50:17', 33);
INSERT INTO `sys_oper_log` VALUES (206, '班级信息', 2, 'com.ruoyi.web.controller.DepSys.ClassesController.edit()', 'PUT', 1, 'admin', '研发部门', '/DepSysClasses/classes', '127.0.0.1', '内网IP', '{\"createdAt\":\"2024-05-14\",\"description\":\"计算机科学入门课程\",\"id\":1,\"name\":\"计算机科学101\",\"params\":{},\"teacherId\":3}', '{\"msg\":\"操作成功\",\"code\":200}', 0, NULL, '2024-05-22 04:15:59', 280);
INSERT INTO `sys_oper_log` VALUES (207, '菜单管理', 2, 'com.ruoyi.web.controller.system.SysMenuController.edit()', 'PUT', 1, 'admin', '研发部门', '/system/menu', '127.0.0.1', '内网IP', '{\"children\":[],\"component\":\"DepSysDepartments/departments/index\",\"createTime\":\"2024-05-22 02:42:53\",\"icon\":\"download\",\"isCache\":\"0\",\"isFrame\":\"1\",\"menuId\":2013,\"menuName\":\"部门信息管理\",\"menuType\":\"C\",\"orderNum\":1,\"params\":{},\"parentId\":2012,\"path\":\"DepSysDepartments\",\"perms\":\"DepSysDepartments:departments:list\",\"status\":\"0\",\"updateBy\":\"admin\",\"visible\":\"0\"}', '{\"msg\":\"操作成功\",\"code\":200}', 0, NULL, '2024-05-22 04:23:15', 33);
INSERT INTO `sys_oper_log` VALUES (208, '菜单管理', 2, 'com.ruoyi.web.controller.system.SysMenuController.edit()', 'PUT', 1, 'admin', '研发部门', '/system/menu', '127.0.0.1', '内网IP', '{\"children\":[],\"createTime\":\"2024-05-22 03:05:55\",\"icon\":\"documentation\",\"isCache\":\"0\",\"isFrame\":\"1\",\"menuId\":2015,\"menuName\":\"课程管理\",\"menuType\":\"M\",\"orderNum\":1,\"params\":{},\"parentId\":0,\"path\":\"DepSysCourese\",\"perms\":\"\",\"status\":\"0\",\"updateBy\":\"admin\",\"visible\":\"0\"}', '{\"msg\":\"操作成功\",\"code\":200}', 0, NULL, '2024-05-22 04:24:26', 108);
INSERT INTO `sys_oper_log` VALUES (209, '菜单管理', 2, 'com.ruoyi.web.controller.system.SysMenuController.edit()', 'PUT', 1, 'admin', '研发部门', '/system/menu', '127.0.0.1', '内网IP', '{\"children\":[],\"createTime\":\"2024-05-22 02:37:07\",\"icon\":\"#\",\"isCache\":\"0\",\"isFrame\":\"1\",\"menuId\":2008,\"menuName\":\"班级学员管理\",\"menuType\":\"M\",\"orderNum\":2,\"params\":{},\"parentId\":0,\"path\":\"DepSysClassse\",\"perms\":\"\",\"status\":\"0\",\"updateBy\":\"admin\",\"visible\":\"0\"}', '{\"msg\":\"操作成功\",\"code\":200}', 0, NULL, '2024-05-22 04:24:53', 29);
INSERT INTO `sys_oper_log` VALUES (210, '菜单管理', 2, 'com.ruoyi.web.controller.system.SysMenuController.edit()', 'PUT', 1, 'admin', '研发部门', '/system/menu', '127.0.0.1', '内网IP', '{\"children\":[],\"createTime\":\"2024-05-22 02:37:07\",\"icon\":\"#\",\"isCache\":\"0\",\"isFrame\":\"1\",\"menuId\":2008,\"menuName\":\"班级学员管理\",\"menuType\":\"M\",\"orderNum\":2,\"params\":{},\"parentId\":0,\"path\":\"DepSysClassses\",\"perms\":\"\",\"status\":\"0\",\"updateBy\":\"admin\",\"visible\":\"0\"}', '{\"msg\":\"操作成功\",\"code\":200}', 0, NULL, '2024-05-22 04:24:59', 15);
INSERT INTO `sys_oper_log` VALUES (211, '菜单管理', 2, 'com.ruoyi.web.controller.system.SysMenuController.edit()', 'PUT', 1, 'admin', '研发部门', '/system/menu', '127.0.0.1', '内网IP', '{\"children\":[],\"createTime\":\"2024-05-22 02:41:58\",\"icon\":\"component\",\"isCache\":\"0\",\"isFrame\":\"1\",\"menuId\":2012,\"menuName\":\"系统信息管理\",\"menuType\":\"M\",\"orderNum\":0,\"params\":{},\"parentId\":0,\"path\":\"DepSysEmp\",\"perms\":\"\",\"status\":\"0\",\"updateBy\":\"admin\",\"visible\":\"0\"}', '{\"msg\":\"操作成功\",\"code\":200}', 0, NULL, '2024-05-22 04:25:36', 13);
INSERT INTO `sys_oper_log` VALUES (212, '班级信息', 2, 'com.ruoyi.web.controller.DepSys.ClassesController.edit()', 'PUT', 1, 'admin', '研发部门', '/DepSysClasses/classes', '127.0.0.1', '内网IP', '{\"createdAt\":\"2024-05-14\",\"description\":\"计算机科学入门课程\",\"id\":1,\"name\":\"计算机科学101\",\"params\":{},\"teacherId\":2}', '{\"msg\":\"操作成功\",\"code\":200}', 0, NULL, '2024-05-22 04:27:16', 46);
INSERT INTO `sys_oper_log` VALUES (213, '代码生成', 3, 'com.ruoyi.generator.controller.GenController.remove()', 'DELETE', 1, 'admin', '研发部门', '/tool/gen/3', '127.0.0.1', '内网IP', '{}', '{\"msg\":\"操作成功\",\"code\":200}', 0, NULL, '2024-05-22 04:53:07', 214);
INSERT INTO `sys_oper_log` VALUES (214, '代码生成', 6, 'com.ruoyi.generator.controller.GenController.importTableSave()', 'POST', 1, 'admin', '研发部门', '/tool/gen/importTable', '127.0.0.1', '内网IP', '{\"tables\":\"course_schedules\"}', '{\"msg\":\"操作成功\",\"code\":200}', 0, NULL, '2024-05-22 04:53:15', 94);
INSERT INTO `sys_oper_log` VALUES (215, '代码生成', 2, 'com.ruoyi.generator.controller.GenController.editSave()', 'PUT', 1, 'admin', '研发部门', '/tool/gen', '127.0.0.1', '内网IP', '{\"businessName\":\"DepSysSchedules\",\"className\":\"CourseSchedules\",\"columns\":[{\"capJavaField\":\"Id\",\"columnId\":64,\"columnName\":\"id\",\"columnType\":\"int(11)\",\"createBy\":\"admin\",\"createTime\":\"2024-05-22 04:53:15\",\"dictType\":\"\",\"edit\":false,\"htmlType\":\"input\",\"increment\":true,\"insert\":true,\"isIncrement\":\"1\",\"isInsert\":\"1\",\"isPk\":\"1\",\"isRequired\":\"0\",\"javaField\":\"id\",\"javaType\":\"Long\",\"list\":false,\"params\":{},\"pk\":true,\"query\":false,\"queryType\":\"EQ\",\"required\":false,\"sort\":1,\"superColumn\":false,\"tableId\":10,\"updateBy\":\"\",\"usableColumn\":false},{\"capJavaField\":\"CourseName\",\"columnComment\":\"课程名称\",\"columnId\":65,\"columnName\":\"course_name\",\"columnType\":\"varchar(255)\",\"createBy\":\"admin\",\"createTime\":\"2024-05-22 04:53:15\",\"dictType\":\"\",\"edit\":true,\"htmlType\":\"input\",\"increment\":false,\"insert\":true,\"isEdit\":\"1\",\"isIncrement\":\"0\",\"isInsert\":\"1\",\"isList\":\"1\",\"isPk\":\"0\",\"isQuery\":\"1\",\"isRequired\":\"1\",\"javaField\":\"courseName\",\"javaType\":\"String\",\"list\":true,\"params\":{},\"pk\":false,\"query\":true,\"queryType\":\"LIKE\",\"required\":true,\"sort\":2,\"superColumn\":false,\"tableId\":10,\"updateBy\":\"\",\"usableColumn\":false},{\"capJavaField\":\"ClassName\",\"columnComment\":\"班级名称\",\"columnId\":66,\"columnName\":\"class_name\",\"columnType\":\"varchar(255)\",\"createBy\":\"admin\",\"createTime\":\"2024-05-22 04:53:15\",\"dictType\":\"\",\"edit\":true,\"htmlType\":\"input\",\"increment\":false,\"insert\":true,\"isEdit\":\"1\",\"isIncrement\":\"0\",\"isInsert\":\"1\",\"isList\":\"1\",\"isPk\":\"0\",\"isQuery\":\"1\",\"isRequired\":\"1\",\"javaField\":\"className\",\"javaType\":\"String\",\"list\":true,\"params\":{},\"pk\":false,\"query\":true,\"queryType\":\"LIKE\",\"required\":true,\"sort\":3,\"superColumn\":false,\"tableId\":10,\"updateBy\":\"\",\"usableColumn\":false},{\"capJavaField\":\"StartTime\",\"columnComment\":\"开始时间\",\"columnId\":67,\"columnName\":\"start_time\",\"columnType\":\"datetime\",\"createBy\":\"admin\",\"createTime\":\"2024-05-22 04:53:15\",\"dictType\":\"\",\"edit\":true,\"htmlType\":\"datetime\",\"increment\":false,\"insert\":true,\"isEdit\":\"1\",\"isIncrement\":\"0\",\"isInsert\":\"1\",\"isList\":\"1\",\"isPk\":\"0\",\"isQuery\":\"0\",\"isRequired\":', '{\"msg\":\"操作成功\",\"code\":200}', 0, NULL, '2024-05-22 04:56:21', 58);
INSERT INTO `sys_oper_log` VALUES (216, '代码生成', 3, 'com.ruoyi.generator.controller.GenController.remove()', 'DELETE', 1, 'admin', '研发部门', '/tool/gen/7', '127.0.0.1', '内网IP', '{}', '{\"msg\":\"操作成功\",\"code\":200}', 0, NULL, '2024-05-22 04:56:48', 14);
INSERT INTO `sys_oper_log` VALUES (217, '代码生成', 6, 'com.ruoyi.generator.controller.GenController.importTableSave()', 'POST', 1, 'admin', '研发部门', '/tool/gen/importTable', '127.0.0.1', '内网IP', '{\"tables\":\"students\"}', '{\"msg\":\"操作成功\",\"code\":200}', 0, NULL, '2024-05-22 04:56:56', 32);
INSERT INTO `sys_oper_log` VALUES (218, '代码生成', 3, 'com.ruoyi.generator.controller.GenController.remove()', 'DELETE', 1, 'admin', '研发部门', '/tool/gen/11', '127.0.0.1', '内网IP', '{}', '{\"msg\":\"操作成功\",\"code\":200}', 0, NULL, '2024-05-22 04:59:07', 13);
INSERT INTO `sys_oper_log` VALUES (219, '代码生成', 6, 'com.ruoyi.generator.controller.GenController.importTableSave()', 'POST', 1, 'admin', '研发部门', '/tool/gen/importTable', '127.0.0.1', '内网IP', '{\"tables\":\"students\"}', '{\"msg\":\"操作成功\",\"code\":200}', 0, NULL, '2024-05-22 04:59:12', 30);
INSERT INTO `sys_oper_log` VALUES (220, '代码生成', 2, 'com.ruoyi.generator.controller.GenController.editSave()', 'PUT', 1, 'admin', '研发部门', '/tool/gen', '127.0.0.1', '内网IP', '{\"businessName\":\"DepSysStudents\",\"className\":\"Students\",\"columns\":[{\"capJavaField\":\"Id\",\"columnComment\":\"学员\",\"columnId\":74,\"columnName\":\"id\",\"columnType\":\"int(11)\",\"createBy\":\"admin\",\"createTime\":\"2024-05-22 04:59:12\",\"dictType\":\"\",\"edit\":false,\"htmlType\":\"input\",\"increment\":true,\"insert\":true,\"isIncrement\":\"1\",\"isInsert\":\"1\",\"isPk\":\"1\",\"isRequired\":\"0\",\"javaField\":\"id\",\"javaType\":\"Long\",\"list\":false,\"params\":{},\"pk\":true,\"query\":false,\"queryType\":\"EQ\",\"required\":false,\"sort\":1,\"superColumn\":false,\"tableId\":12,\"updateBy\":\"\",\"usableColumn\":false},{\"capJavaField\":\"UserName\",\"columnComment\":\"用户名\",\"columnId\":75,\"columnName\":\"user_name\",\"columnType\":\"varchar(255)\",\"createBy\":\"admin\",\"createTime\":\"2024-05-22 04:59:12\",\"dictType\":\"\",\"edit\":true,\"htmlType\":\"input\",\"increment\":false,\"insert\":true,\"isEdit\":\"1\",\"isIncrement\":\"0\",\"isInsert\":\"1\",\"isList\":\"1\",\"isPk\":\"0\",\"isQuery\":\"1\",\"isRequired\":\"1\",\"javaField\":\"userName\",\"javaType\":\"String\",\"list\":true,\"params\":{},\"pk\":false,\"query\":true,\"queryType\":\"LIKE\",\"required\":true,\"sort\":2,\"superColumn\":false,\"tableId\":12,\"updateBy\":\"\",\"usableColumn\":false},{\"capJavaField\":\"ClassName\",\"columnComment\":\"课程名称\",\"columnId\":76,\"columnName\":\"class_name\",\"columnType\":\"varchar(255)\",\"createBy\":\"admin\",\"createTime\":\"2024-05-22 04:59:12\",\"dictType\":\"\",\"edit\":true,\"htmlType\":\"input\",\"increment\":false,\"insert\":true,\"isEdit\":\"1\",\"isIncrement\":\"0\",\"isInsert\":\"1\",\"isList\":\"1\",\"isPk\":\"0\",\"isQuery\":\"1\",\"isRequired\":\"0\",\"javaField\":\"className\",\"javaType\":\"String\",\"list\":true,\"params\":{},\"pk\":false,\"query\":true,\"queryType\":\"LIKE\",\"required\":false,\"sort\":3,\"superColumn\":false,\"tableId\":12,\"updateBy\":\"\",\"usableColumn\":false},{\"capJavaField\":\"CreatedAt\",\"columnId\":77,\"columnName\":\"created_at\",\"columnType\":\"timestamp\",\"createBy\":\"admin\",\"createTime\":\"2024-05-22 04:59:12\",\"dictType\":\"\",\"edit\":true,\"htmlType\":\"datetime\",\"increment\":false,\"insert\":true,\"isEdit\":\"1\",\"isIncrement\":\"0\",\"isInsert\":\"1\",\"isList\":\"1\",\"isPk\":\"0\",\"isQuery\":\"0\",\"isRequired\":\"1\",\"javaField\"', '{\"msg\":\"操作成功\",\"code\":200}', 0, NULL, '2024-05-22 05:01:16', 24);
INSERT INTO `sys_oper_log` VALUES (221, '代码生成', 8, 'com.ruoyi.generator.controller.GenController.batchGenCode()', 'GET', 1, 'admin', '研发部门', '/tool/gen/batchGenCode', '127.0.0.1', '内网IP', '{\"tables\":\"course_schedules,students\"}', NULL, 0, NULL, '2024-05-22 05:01:25', 840);
INSERT INTO `sys_oper_log` VALUES (222, '代码生成', 2, 'com.ruoyi.generator.controller.GenController.editSave()', 'PUT', 1, 'admin', '研发部门', '/tool/gen', '127.0.0.1', '内网IP', '{\"businessName\":\"DepSysSchedules\",\"className\":\"CourseSchedules\",\"columns\":[{\"capJavaField\":\"Id\",\"columnId\":64,\"columnName\":\"id\",\"columnType\":\"int(11)\",\"createBy\":\"admin\",\"createTime\":\"2024-05-22 04:53:15\",\"dictType\":\"\",\"edit\":false,\"htmlType\":\"input\",\"increment\":true,\"insert\":true,\"isIncrement\":\"1\",\"isInsert\":\"1\",\"isPk\":\"1\",\"isRequired\":\"0\",\"javaField\":\"id\",\"javaType\":\"Long\",\"list\":false,\"params\":{},\"pk\":true,\"query\":false,\"queryType\":\"EQ\",\"required\":false,\"sort\":1,\"superColumn\":false,\"tableId\":10,\"updateBy\":\"\",\"updateTime\":\"2024-05-22 04:56:21\",\"usableColumn\":false},{\"capJavaField\":\"CourseName\",\"columnComment\":\"课程名称\",\"columnId\":65,\"columnName\":\"course_name\",\"columnType\":\"varchar(255)\",\"createBy\":\"admin\",\"createTime\":\"2024-05-22 04:53:15\",\"dictType\":\"\",\"edit\":true,\"htmlType\":\"input\",\"increment\":false,\"insert\":true,\"isEdit\":\"1\",\"isIncrement\":\"0\",\"isInsert\":\"1\",\"isList\":\"1\",\"isPk\":\"0\",\"isQuery\":\"1\",\"isRequired\":\"1\",\"javaField\":\"courseName\",\"javaType\":\"String\",\"list\":true,\"params\":{},\"pk\":false,\"query\":true,\"queryType\":\"LIKE\",\"required\":true,\"sort\":2,\"superColumn\":false,\"tableId\":10,\"updateBy\":\"\",\"updateTime\":\"2024-05-22 04:56:21\",\"usableColumn\":false},{\"capJavaField\":\"ClassName\",\"columnComment\":\"班级名称\",\"columnId\":66,\"columnName\":\"class_name\",\"columnType\":\"varchar(255)\",\"createBy\":\"admin\",\"createTime\":\"2024-05-22 04:53:15\",\"dictType\":\"\",\"edit\":true,\"htmlType\":\"input\",\"increment\":false,\"insert\":true,\"isEdit\":\"1\",\"isIncrement\":\"0\",\"isInsert\":\"1\",\"isList\":\"1\",\"isPk\":\"0\",\"isQuery\":\"1\",\"isRequired\":\"1\",\"javaField\":\"className\",\"javaType\":\"String\",\"list\":true,\"params\":{},\"pk\":false,\"query\":true,\"queryType\":\"LIKE\",\"required\":true,\"sort\":3,\"superColumn\":false,\"tableId\":10,\"updateBy\":\"\",\"updateTime\":\"2024-05-22 04:56:21\",\"usableColumn\":false},{\"capJavaField\":\"StartTime\",\"columnComment\":\"开始时间\",\"columnId\":67,\"columnName\":\"start_time\",\"columnType\":\"datetime\",\"createBy\":\"admin\",\"createTime\":\"2024-05-22 04:53:15\",\"dictType\":\"\",\"edit\":true,\"htmlType\":\"datetime\",\"increment\":false,\"inser', '{\"msg\":\"操作成功\",\"code\":200}', 0, NULL, '2024-05-22 05:03:04', 45);
INSERT INTO `sys_oper_log` VALUES (223, '代码生成', 2, 'com.ruoyi.generator.controller.GenController.editSave()', 'PUT', 1, 'admin', '研发部门', '/tool/gen', '127.0.0.1', '内网IP', '{\"businessName\":\"DepSysStudents\",\"className\":\"Students\",\"columns\":[{\"capJavaField\":\"Id\",\"columnComment\":\"学员\",\"columnId\":74,\"columnName\":\"id\",\"columnType\":\"int(11)\",\"createBy\":\"admin\",\"createTime\":\"2024-05-22 04:59:12\",\"dictType\":\"\",\"edit\":false,\"htmlType\":\"input\",\"increment\":true,\"insert\":true,\"isIncrement\":\"1\",\"isInsert\":\"1\",\"isPk\":\"1\",\"isRequired\":\"0\",\"javaField\":\"id\",\"javaType\":\"Long\",\"list\":false,\"params\":{},\"pk\":true,\"query\":false,\"queryType\":\"EQ\",\"required\":false,\"sort\":1,\"superColumn\":false,\"tableId\":12,\"updateBy\":\"\",\"updateTime\":\"2024-05-22 05:01:16\",\"usableColumn\":false},{\"capJavaField\":\"UserName\",\"columnComment\":\"用户名\",\"columnId\":75,\"columnName\":\"user_name\",\"columnType\":\"varchar(255)\",\"createBy\":\"admin\",\"createTime\":\"2024-05-22 04:59:12\",\"dictType\":\"\",\"edit\":true,\"htmlType\":\"input\",\"increment\":false,\"insert\":true,\"isEdit\":\"1\",\"isIncrement\":\"0\",\"isInsert\":\"1\",\"isList\":\"1\",\"isPk\":\"0\",\"isQuery\":\"1\",\"isRequired\":\"1\",\"javaField\":\"userName\",\"javaType\":\"String\",\"list\":true,\"params\":{},\"pk\":false,\"query\":true,\"queryType\":\"LIKE\",\"required\":true,\"sort\":2,\"superColumn\":false,\"tableId\":12,\"updateBy\":\"\",\"updateTime\":\"2024-05-22 05:01:16\",\"usableColumn\":false},{\"capJavaField\":\"ClassName\",\"columnComment\":\"课程名称\",\"columnId\":76,\"columnName\":\"class_name\",\"columnType\":\"varchar(255)\",\"createBy\":\"admin\",\"createTime\":\"2024-05-22 04:59:12\",\"dictType\":\"\",\"edit\":true,\"htmlType\":\"input\",\"increment\":false,\"insert\":true,\"isEdit\":\"1\",\"isIncrement\":\"0\",\"isInsert\":\"1\",\"isList\":\"1\",\"isPk\":\"0\",\"isQuery\":\"1\",\"isRequired\":\"0\",\"javaField\":\"className\",\"javaType\":\"String\",\"list\":true,\"params\":{},\"pk\":false,\"query\":true,\"queryType\":\"LIKE\",\"required\":false,\"sort\":3,\"superColumn\":false,\"tableId\":12,\"updateBy\":\"\",\"updateTime\":\"2024-05-22 05:01:16\",\"usableColumn\":false},{\"capJavaField\":\"CreatedAt\",\"columnId\":77,\"columnName\":\"created_at\",\"columnType\":\"timestamp\",\"createBy\":\"admin\",\"createTime\":\"2024-05-22 04:59:12\",\"dictType\":\"\",\"edit\":true,\"htmlType\":\"datetime\",\"increment\":false,\"insert\":true,\"isEdit', '{\"msg\":\"操作成功\",\"code\":200}', 0, NULL, '2024-05-22 05:03:15', 20);
INSERT INTO `sys_oper_log` VALUES (224, '代码生成', 8, 'com.ruoyi.generator.controller.GenController.batchGenCode()', 'GET', 1, 'admin', '研发部门', '/tool/gen/batchGenCode', '127.0.0.1', '内网IP', '{\"tables\":\"students,course_schedules\"}', NULL, 0, NULL, '2024-05-22 05:03:19', 126);
INSERT INTO `sys_oper_log` VALUES (225, '菜单管理', 2, 'com.ruoyi.web.controller.system.SysMenuController.edit()', 'PUT', 1, 'admin', '研发部门', '/system/menu', '127.0.0.1', '内网IP', '{\"children\":[],\"component\":\"DepSysSchedules/schedules/index\",\"createTime\":\"2024-05-22 03:08:24\",\"icon\":\"date\",\"isCache\":\"0\",\"isFrame\":\"1\",\"menuId\":2017,\"menuName\":\"课程安排\",\"menuType\":\"C\",\"orderNum\":1,\"params\":{},\"parentId\":2015,\"path\":\"DepSysSchedules\",\"perms\":\"DepSysSchedules:schedules:list\",\"status\":\"0\",\"updateBy\":\"admin\",\"visible\":\"0\"}', '{\"msg\":\"操作成功\",\"code\":200}', 0, NULL, '2024-05-22 05:10:27', 57);
INSERT INTO `sys_oper_log` VALUES (226, '菜单管理', 2, 'com.ruoyi.web.controller.system.SysMenuController.edit()', 'PUT', 1, 'admin', '研发部门', '/system/menu', '127.0.0.1', '内网IP', '{\"children\":[],\"component\":\"DepSysStudents/students/index\",\"createTime\":\"2024-05-22 02:41:04\",\"icon\":\"checkbox\",\"isCache\":\"0\",\"isFrame\":\"1\",\"menuId\":2011,\"menuName\":\"学员管理\",\"menuType\":\"C\",\"orderNum\":1,\"params\":{},\"parentId\":2008,\"path\":\"DepSysStudents\",\"perms\":\"DepSysStudents:students:list\",\"status\":\"0\",\"updateBy\":\"admin\",\"visible\":\"0\"}', '{\"msg\":\"操作成功\",\"code\":200}', 0, NULL, '2024-05-22 05:10:39', 11);
INSERT INTO `sys_oper_log` VALUES (227, '菜单管理', 2, 'com.ruoyi.web.controller.system.SysMenuController.edit()', 'PUT', 1, 'admin', '研发部门', '/system/menu', '127.0.0.1', '内网IP', '{\"children\":[],\"component\":\"DepSysSchedules/DepSysSchedules/index\",\"createTime\":\"2024-05-22 03:08:24\",\"icon\":\"date\",\"isCache\":\"0\",\"isFrame\":\"1\",\"menuId\":2017,\"menuName\":\"课程安排\",\"menuType\":\"C\",\"orderNum\":1,\"params\":{},\"parentId\":2015,\"path\":\"DepSysSchedules\",\"perms\":\"DepSysSchedules:DepSysSchedules:list\",\"status\":\"0\",\"updateBy\":\"admin\",\"visible\":\"0\"}', '{\"msg\":\"操作成功\",\"code\":200}', 0, NULL, '2024-05-22 05:18:43', 30);
INSERT INTO `sys_oper_log` VALUES (228, '菜单管理', 2, 'com.ruoyi.web.controller.system.SysMenuController.edit()', 'PUT', 1, 'admin', '研发部门', '/system/menu', '127.0.0.1', '内网IP', '{\"children\":[],\"component\":\"DepSysStudents/DepSysStudents/index\",\"createTime\":\"2024-05-22 02:41:04\",\"icon\":\"checkbox\",\"isCache\":\"0\",\"isFrame\":\"1\",\"menuId\":2011,\"menuName\":\"学员管理\",\"menuType\":\"C\",\"orderNum\":1,\"params\":{},\"parentId\":2008,\"path\":\"DepSysStudents\",\"perms\":\"DepSysStudents:DepSysStudents:list\",\"status\":\"0\",\"updateBy\":\"admin\",\"visible\":\"0\"}', '{\"msg\":\"操作成功\",\"code\":200}', 0, NULL, '2024-05-22 05:19:09', 12);
INSERT INTO `sys_oper_log` VALUES (229, '菜单管理', 1, 'com.ruoyi.web.controller.system.SysMenuController.add()', 'POST', 1, 'admin', '研发部门', '/system/menu', '127.0.0.1', '内网IP', '{\"children\":[],\"createBy\":\"admin\",\"icon\":\"clipboard\",\"isCache\":\"0\",\"isFrame\":\"1\",\"menuName\":\"数据统计管理\",\"menuType\":\"M\",\"orderNum\":4,\"params\":{},\"parentId\":0,\"path\":\"DepSysManager\",\"status\":\"0\",\"visible\":\"0\"}', '{\"msg\":\"操作成功\",\"code\":200}', 0, NULL, '2024-05-22 05:26:34', 74);
INSERT INTO `sys_oper_log` VALUES (230, '菜单管理', 2, 'com.ruoyi.web.controller.system.SysMenuController.edit()', 'PUT', 1, 'admin', '研发部门', '/system/menu', '127.0.0.1', '内网IP', '{\"children\":[],\"createTime\":\"2024-05-14 04:02:26\",\"icon\":\"monitor\",\"isCache\":\"0\",\"isFrame\":\"1\",\"menuId\":2,\"menuName\":\"系统监控\",\"menuType\":\"M\",\"orderNum\":6,\"params\":{},\"parentId\":0,\"path\":\"monitor\",\"perms\":\"\",\"query\":\"\",\"status\":\"0\",\"updateBy\":\"admin\",\"visible\":\"0\"}', '{\"msg\":\"操作成功\",\"code\":200}', 0, NULL, '2024-05-22 05:26:42', 29);
INSERT INTO `sys_oper_log` VALUES (231, '菜单管理', 2, 'com.ruoyi.web.controller.system.SysMenuController.edit()', 'PUT', 1, 'admin', '研发部门', '/system/menu', '127.0.0.1', '内网IP', '{\"children\":[],\"createTime\":\"2024-05-14 04:02:26\",\"icon\":\"guide\",\"isCache\":\"0\",\"isFrame\":\"0\",\"menuId\":4,\"menuName\":\"若依官网\",\"menuType\":\"M\",\"orderNum\":7,\"params\":{},\"parentId\":0,\"path\":\"http://ruoyi.vip\",\"perms\":\"\",\"query\":\"\",\"status\":\"0\",\"updateBy\":\"admin\",\"visible\":\"0\"}', '{\"msg\":\"操作成功\",\"code\":200}', 0, NULL, '2024-05-22 05:26:48', 13);
INSERT INTO `sys_oper_log` VALUES (232, '菜单管理', 2, 'com.ruoyi.web.controller.system.SysMenuController.edit()', 'PUT', 1, 'admin', '研发部门', '/system/menu', '127.0.0.1', '内网IP', '{\"children\":[],\"createTime\":\"2024-05-22 05:26:34\",\"icon\":\"clipboard\",\"isCache\":\"0\",\"isFrame\":\"1\",\"menuId\":2020,\"menuName\":\"数据统计管理\",\"menuType\":\"M\",\"orderNum\":5,\"params\":{},\"parentId\":0,\"path\":\"DepSysManager\",\"perms\":\"\",\"status\":\"0\",\"updateBy\":\"admin\",\"visible\":\"0\"}', '{\"msg\":\"操作成功\",\"code\":200}', 0, NULL, '2024-05-22 05:26:52', 18);
INSERT INTO `sys_oper_log` VALUES (233, '代码生成', 6, 'com.ruoyi.generator.controller.GenController.importTableSave()', 'POST', 1, 'admin', '研发部门', '/tool/gen/importTable', '127.0.0.1', '内网IP', '{\"tables\":\"stu,employees\"}', '{\"msg\":\"操作成功\",\"code\":200}', 0, NULL, '2024-05-22 05:27:08', 159);
INSERT INTO `sys_oper_log` VALUES (234, '代码生成', 2, 'com.ruoyi.generator.controller.GenController.editSave()', 'PUT', 1, 'admin', '研发部门', '/tool/gen', '127.0.0.1', '内网IP', '{\"businessName\":\"employees\",\"className\":\"Employees\",\"columns\":[{\"capJavaField\":\"EmployeeId\",\"columnId\":78,\"columnName\":\"employee_id\",\"columnType\":\"int(11)\",\"createBy\":\"admin\",\"createTime\":\"2024-05-22 05:27:08\",\"dictType\":\"\",\"edit\":false,\"htmlType\":\"input\",\"increment\":true,\"insert\":true,\"isIncrement\":\"1\",\"isInsert\":\"1\",\"isPk\":\"1\",\"isRequired\":\"0\",\"javaField\":\"employeeId\",\"javaType\":\"Long\",\"list\":false,\"params\":{},\"pk\":true,\"query\":false,\"queryType\":\"EQ\",\"required\":false,\"sort\":1,\"superColumn\":false,\"tableId\":13,\"updateBy\":\"\",\"usableColumn\":false},{\"capJavaField\":\"FirstName\",\"columnComment\":\"员工的名字\",\"columnId\":79,\"columnName\":\"first_name\",\"columnType\":\"varchar(50)\",\"createBy\":\"admin\",\"createTime\":\"2024-05-22 05:27:08\",\"dictType\":\"\",\"edit\":true,\"htmlType\":\"input\",\"increment\":false,\"insert\":true,\"isEdit\":\"1\",\"isIncrement\":\"0\",\"isInsert\":\"1\",\"isList\":\"1\",\"isPk\":\"0\",\"isQuery\":\"1\",\"isRequired\":\"1\",\"javaField\":\"firstName\",\"javaType\":\"String\",\"list\":true,\"params\":{},\"pk\":false,\"query\":true,\"queryType\":\"LIKE\",\"required\":true,\"sort\":2,\"superColumn\":false,\"tableId\":13,\"updateBy\":\"\",\"usableColumn\":false},{\"capJavaField\":\"LastName\",\"columnComment\":\"员工的姓氏\",\"columnId\":80,\"columnName\":\"last_name\",\"columnType\":\"varchar(50)\",\"createBy\":\"admin\",\"createTime\":\"2024-05-22 05:27:08\",\"dictType\":\"\",\"edit\":true,\"htmlType\":\"input\",\"increment\":false,\"insert\":true,\"isEdit\":\"1\",\"isIncrement\":\"0\",\"isInsert\":\"1\",\"isList\":\"1\",\"isPk\":\"0\",\"isQuery\":\"1\",\"isRequired\":\"1\",\"javaField\":\"lastName\",\"javaType\":\"String\",\"list\":true,\"params\":{},\"pk\":false,\"query\":true,\"queryType\":\"LIKE\",\"required\":true,\"sort\":3,\"superColumn\":false,\"tableId\":13,\"updateBy\":\"\",\"usableColumn\":false},{\"capJavaField\":\"Email\",\"columnComment\":\"邮箱\",\"columnId\":81,\"columnName\":\"email\",\"columnType\":\"varchar(100)\",\"createBy\":\"admin\",\"createTime\":\"2024-05-22 05:27:08\",\"dictType\":\"\",\"edit\":true,\"htmlType\":\"input\",\"increment\":false,\"insert\":true,\"isEdit\":\"1\",\"isIncrement\":\"0\",\"isInsert\":\"1\",\"isList\":\"1\",\"isPk\":\"0\",\"isQuery\":\"1\",\"isRequired\":\"1\"', '{\"msg\":\"操作成功\",\"code\":200}', 0, NULL, '2024-05-22 05:29:57', 114);
INSERT INTO `sys_oper_log` VALUES (235, '代码生成', 2, 'com.ruoyi.generator.controller.GenController.editSave()', 'PUT', 1, 'admin', '研发部门', '/tool/gen', '127.0.0.1', '内网IP', '{\"businessName\":\"stu\",\"className\":\"Stu\",\"columns\":[{\"capJavaField\":\"StudentId\",\"columnId\":85,\"columnName\":\"student_id\",\"columnType\":\"int(11)\",\"createBy\":\"admin\",\"createTime\":\"2024-05-22 05:27:08\",\"dictType\":\"\",\"edit\":false,\"htmlType\":\"input\",\"increment\":true,\"insert\":true,\"isIncrement\":\"1\",\"isInsert\":\"1\",\"isPk\":\"1\",\"isRequired\":\"0\",\"javaField\":\"studentId\",\"javaType\":\"Long\",\"list\":false,\"params\":{},\"pk\":true,\"query\":false,\"queryType\":\"EQ\",\"required\":false,\"sort\":1,\"superColumn\":false,\"tableId\":14,\"updateBy\":\"\",\"usableColumn\":false},{\"capJavaField\":\"FirstName\",\"columnComment\":\"学员名字\",\"columnId\":86,\"columnName\":\"first_name\",\"columnType\":\"varchar(50)\",\"createBy\":\"admin\",\"createTime\":\"2024-05-22 05:27:08\",\"dictType\":\"\",\"edit\":true,\"htmlType\":\"input\",\"increment\":false,\"insert\":true,\"isEdit\":\"1\",\"isIncrement\":\"0\",\"isInsert\":\"1\",\"isList\":\"1\",\"isPk\":\"0\",\"isQuery\":\"1\",\"isRequired\":\"1\",\"javaField\":\"firstName\",\"javaType\":\"String\",\"list\":true,\"params\":{},\"pk\":false,\"query\":true,\"queryType\":\"LIKE\",\"required\":true,\"sort\":2,\"superColumn\":false,\"tableId\":14,\"updateBy\":\"\",\"usableColumn\":false},{\"capJavaField\":\"LastName\",\"columnComment\":\"学员姓氏\",\"columnId\":87,\"columnName\":\"last_name\",\"columnType\":\"varchar(50)\",\"createBy\":\"admin\",\"createTime\":\"2024-05-22 05:27:08\",\"dictType\":\"\",\"edit\":true,\"htmlType\":\"input\",\"increment\":false,\"insert\":true,\"isEdit\":\"1\",\"isIncrement\":\"0\",\"isInsert\":\"1\",\"isList\":\"1\",\"isPk\":\"0\",\"isQuery\":\"1\",\"isRequired\":\"1\",\"javaField\":\"lastName\",\"javaType\":\"String\",\"list\":true,\"params\":{},\"pk\":false,\"query\":true,\"queryType\":\"LIKE\",\"required\":true,\"sort\":3,\"superColumn\":false,\"tableId\":14,\"updateBy\":\"\",\"usableColumn\":false},{\"capJavaField\":\"Email\",\"columnComment\":\"邮箱\",\"columnId\":88,\"columnName\":\"email\",\"columnType\":\"varchar(100)\",\"createBy\":\"admin\",\"createTime\":\"2024-05-22 05:27:08\",\"dictType\":\"\",\"edit\":true,\"htmlType\":\"input\",\"increment\":false,\"insert\":true,\"isEdit\":\"1\",\"isIncrement\":\"0\",\"isInsert\":\"1\",\"isList\":\"1\",\"isPk\":\"0\",\"isQuery\":\"1\",\"isRequired\":\"1\",\"javaField\":\"ema', '{\"msg\":\"操作成功\",\"code\":200}', 0, NULL, '2024-05-22 05:32:28', 171);
INSERT INTO `sys_oper_log` VALUES (236, '代码生成', 8, 'com.ruoyi.generator.controller.GenController.batchGenCode()', 'GET', 1, 'admin', '研发部门', '/tool/gen/batchGenCode', '127.0.0.1', '内网IP', '{\"tables\":\"employees,stu\"}', NULL, 0, NULL, '2024-05-22 05:32:40', 456);
INSERT INTO `sys_oper_log` VALUES (237, '菜单管理', 2, 'com.ruoyi.web.controller.system.SysMenuController.edit()', 'PUT', 1, 'admin', '研发部门', '/system/menu', '127.0.0.1', '内网IP', '{\"children\":[],\"createTime\":\"2024-05-14 04:02:26\",\"icon\":\"tool\",\"isCache\":\"0\",\"isFrame\":\"1\",\"menuId\":3,\"menuName\":\"系统工具\",\"menuType\":\"M\",\"orderNum\":4,\"params\":{},\"parentId\":0,\"path\":\"tool\",\"perms\":\"\",\"query\":\"\",\"status\":\"0\",\"updateBy\":\"admin\",\"visible\":\"0\"}', '{\"msg\":\"操作成功\",\"code\":200}', 0, NULL, '2024-05-22 05:37:50', 42);
INSERT INTO `sys_oper_log` VALUES (238, '菜单管理', 2, 'com.ruoyi.web.controller.system.SysMenuController.edit()', 'PUT', 1, 'admin', '研发部门', '/system/menu', '127.0.0.1', '内网IP', '{\"children\":[],\"createTime\":\"2024-05-14 04:02:26\",\"icon\":\"tool\",\"isCache\":\"0\",\"isFrame\":\"1\",\"menuId\":3,\"menuName\":\"系统工具\",\"menuType\":\"M\",\"orderNum\":5,\"params\":{},\"parentId\":0,\"path\":\"tool\",\"perms\":\"\",\"query\":\"\",\"status\":\"0\",\"updateBy\":\"admin\",\"visible\":\"0\"}', '{\"msg\":\"操作成功\",\"code\":200}', 0, NULL, '2024-05-22 05:37:56', 15);
INSERT INTO `sys_oper_log` VALUES (239, '菜单管理', 2, 'com.ruoyi.web.controller.system.SysMenuController.edit()', 'PUT', 1, 'admin', '研发部门', '/system/menu', '127.0.0.1', '内网IP', '{\"children\":[],\"createTime\":\"2024-05-22 05:26:34\",\"icon\":\"clipboard\",\"isCache\":\"0\",\"isFrame\":\"1\",\"menuId\":2020,\"menuName\":\"数据统计管理\",\"menuType\":\"M\",\"orderNum\":3,\"params\":{},\"parentId\":0,\"path\":\"DepSysManager\",\"perms\":\"\",\"status\":\"0\",\"updateBy\":\"admin\",\"visible\":\"0\"}', '{\"msg\":\"操作成功\",\"code\":200}', 0, NULL, '2024-05-22 05:38:03', 16);
INSERT INTO `sys_oper_log` VALUES (240, '菜单管理', 1, 'com.ruoyi.web.controller.system.SysMenuController.add()', 'POST', 1, 'admin', '研发部门', '/system/menu', '127.0.0.1', '内网IP', '{\"children\":[],\"component\":\"DepSysEmployees/employees/index\",\"createBy\":\"admin\",\"icon\":\"system\",\"isCache\":\"0\",\"isFrame\":\"1\",\"menuName\":\"员工信息统计\",\"menuType\":\"C\",\"orderNum\":0,\"params\":{},\"parentId\":2020,\"path\":\"DepSysEmployees\",\"perms\":\"DepSysEmployees:employees:list\",\"status\":\"0\",\"visible\":\"0\"}', '{\"msg\":\"操作成功\",\"code\":200}', 0, NULL, '2024-05-22 05:39:26', 19);
INSERT INTO `sys_oper_log` VALUES (241, '菜单管理', 1, 'com.ruoyi.web.controller.system.SysMenuController.add()', 'POST', 1, 'admin', '研发部门', '/system/menu', '127.0.0.1', '内网IP', '{\"children\":[],\"component\":\"DepSysStu/stu/index\",\"createBy\":\"admin\",\"icon\":\"edit\",\"isCache\":\"0\",\"isFrame\":\"1\",\"menuName\":\"学员信息统计\",\"menuType\":\"C\",\"orderNum\":1,\"params\":{},\"parentId\":2020,\"path\":\"DepSysStu\",\"perms\":\"DepSysStu:stu:list\",\"status\":\"0\",\"visible\":\"0\"}', '{\"msg\":\"操作成功\",\"code\":200}', 0, NULL, '2024-05-22 05:40:48', 13);
INSERT INTO `sys_oper_log` VALUES (242, '菜单管理', 2, 'com.ruoyi.web.controller.system.SysMenuController.edit()', 'PUT', 1, 'admin', '研发部门', '/system/menu', '127.0.0.1', '内网IP', '{\"children\":[],\"createTime\":\"2024-05-22 02:37:07\",\"icon\":\"drag\",\"isCache\":\"0\",\"isFrame\":\"1\",\"menuId\":2008,\"menuName\":\"班级学员管理\",\"menuType\":\"M\",\"orderNum\":2,\"params\":{},\"parentId\":0,\"path\":\"DepSysClassses\",\"perms\":\"\",\"status\":\"0\",\"updateBy\":\"admin\",\"visible\":\"0\"}', '{\"msg\":\"操作成功\",\"code\":200}', 0, NULL, '2024-05-22 05:41:41', 16);
INSERT INTO `sys_oper_log` VALUES (243, '菜单管理', 2, 'com.ruoyi.web.controller.system.SysMenuController.edit()', 'PUT', 1, 'admin', '研发部门', '/system/menu', '127.0.0.1', '内网IP', '{\"children\":[],\"component\":\"DepSysDepartments/departments/index\",\"createTime\":\"2024-05-22 02:42:53\",\"icon\":\"dict\",\"isCache\":\"0\",\"isFrame\":\"1\",\"menuId\":2013,\"menuName\":\"部门信息管理\",\"menuType\":\"C\",\"orderNum\":1,\"params\":{},\"parentId\":2012,\"path\":\"DepSysDepartments\",\"perms\":\"DepSysDepartments:departments:list\",\"status\":\"0\",\"updateBy\":\"admin\",\"visible\":\"0\"}', '{\"msg\":\"操作成功\",\"code\":200}', 0, NULL, '2024-05-22 05:42:04', 12);
INSERT INTO `sys_oper_log` VALUES (244, '菜单管理', 3, 'com.ruoyi.web.controller.system.SysMenuController.remove()', 'DELETE', 1, 'admin', '研发部门', '/system/menu/4', '127.0.0.1', '内网IP', '{}', '{\"msg\":\"菜单已分配,不允许删除\",\"code\":601}', 0, NULL, '2024-05-22 05:42:58', 14);
INSERT INTO `sys_oper_log` VALUES (245, '菜单管理', 3, 'com.ruoyi.web.controller.system.SysMenuController.remove()', 'DELETE', 1, 'admin', '研发部门', '/system/menu/2', '127.0.0.1', '内网IP', '{}', '{\"msg\":\"存在子菜单,不允许删除\",\"code\":601}', 0, NULL, '2024-05-22 05:43:04', 3);
INSERT INTO `sys_oper_log` VALUES (246, '菜单管理', 2, 'com.ruoyi.web.controller.system.SysMenuController.edit()', 'PUT', 1, 'admin', '研发部门', '/system/menu', '127.0.0.1', '内网IP', '{\"children\":[],\"createTime\":\"2024-05-14 04:02:26\",\"icon\":\"guide\",\"isCache\":\"0\",\"isFrame\":\"0\",\"menuId\":4,\"menuName\":\"若依官网\",\"menuType\":\"M\",\"orderNum\":7,\"params\":{},\"parentId\":0,\"path\":\"http://ruoyi.vip\",\"perms\":\"\",\"query\":\"\",\"status\":\"0\",\"updateBy\":\"admin\",\"visible\":\"1\"}', '{\"msg\":\"操作成功\",\"code\":200}', 0, NULL, '2024-05-22 05:43:14', 11);
INSERT INTO `sys_oper_log` VALUES (247, '菜单管理', 2, 'com.ruoyi.web.controller.system.SysMenuController.edit()', 'PUT', 1, 'admin', '研发部门', '/system/menu', '127.0.0.1', '内网IP', '{\"children\":[],\"createTime\":\"2024-05-14 04:02:26\",\"icon\":\"monitor\",\"isCache\":\"0\",\"isFrame\":\"1\",\"menuId\":2,\"menuName\":\"系统监控\",\"menuType\":\"M\",\"orderNum\":6,\"params\":{},\"parentId\":0,\"path\":\"monitor\",\"perms\":\"\",\"query\":\"\",\"status\":\"0\",\"updateBy\":\"admin\",\"visible\":\"1\"}', '{\"msg\":\"操作成功\",\"code\":200}', 0, NULL, '2024-05-22 05:43:30', 10);
INSERT INTO `sys_oper_log` VALUES (248, '菜单管理', 2, 'com.ruoyi.web.controller.system.SysMenuController.edit()', 'PUT', 1, 'admin', '研发部门', '/system/menu', '127.0.0.1', '内网IP', '{\"children\":[],\"createTime\":\"2024-05-14 04:02:26\",\"icon\":\"tool\",\"isCache\":\"0\",\"isFrame\":\"1\",\"menuId\":3,\"menuName\":\"系统工具\",\"menuType\":\"M\",\"orderNum\":5,\"params\":{},\"parentId\":0,\"path\":\"tool\",\"perms\":\"\",\"query\":\"\",\"status\":\"0\",\"updateBy\":\"admin\",\"visible\":\"1\"}', '{\"msg\":\"操作成功\",\"code\":200}', 0, NULL, '2024-05-22 05:43:35', 91);
INSERT INTO `sys_oper_log` VALUES (249, '菜单管理', 2, 'com.ruoyi.web.controller.system.SysMenuController.edit()', 'PUT', 1, 'admin', '研发部门', '/system/menu', '127.0.0.1', '内网IP', '{\"children\":[],\"createTime\":\"2024-05-14 04:02:26\",\"icon\":\"system\",\"isCache\":\"0\",\"isFrame\":\"1\",\"menuId\":1,\"menuName\":\"系统管理\",\"menuType\":\"M\",\"orderNum\":4,\"params\":{},\"parentId\":0,\"path\":\"system\",\"perms\":\"\",\"query\":\"\",\"status\":\"0\",\"updateBy\":\"admin\",\"visible\":\"1\"}', '{\"msg\":\"操作成功\",\"code\":200}', 0, NULL, '2024-05-22 05:43:48', 12);
INSERT INTO `sys_oper_log` VALUES (250, '部门信息', 1, 'com.ruoyi.web.controller.DepSys.DepartmentsController.add()', 'POST', 1, 'admin', '研发部门', '/DepSysDepartments/departments', '127.0.0.1', '内网IP', '{\"description\":\"1\",\"id\":5,\"name\":\"212\",\"params\":{}}', '{\"msg\":\"操作成功\",\"code\":200}', 0, NULL, '2024-06-15 20:30:31', 16);
INSERT INTO `sys_oper_log` VALUES (251, '课程安排', 1, 'com.ruoyi.web.controller.DepSys.CourseSchedulesController.add()', 'POST', 1, 'admin', '研发部门', '/DepSysSchedules/DepSysSchedules', '127.0.0.1', '内网IP', '{\"courseName\":\"212\",\"endTime\":\"2024-05-28\",\"params\":{},\"startTime\":\"2024-06-03\"}', NULL, 1, '\r\n### Error updating database.  Cause: java.sql.SQLException: Field \'class_name\' doesn\'t have a default value\r\n### The error may exist in file [D:\\代码\\web管理系统\\teaching-java\\manager\\target\\classes\\mapper\\DepSysSchedules\\CourseSchedulesMapper.xml]\r\n### The error may involve com.ruoyi.DepSysSchedules.mapper.CourseSchedulesMapper.insertCourseSchedules-Inline\r\n### The error occurred while setting parameters\r\n### SQL: insert into course_schedules          ( course_name,                          start_time,             end_time )           values ( ?,                          ?,             ? )\r\n### Cause: java.sql.SQLException: Field \'class_name\' doesn\'t have a default value\n; Field \'class_name\' doesn\'t have a default value; nested exception is java.sql.SQLException: Field \'class_name\' doesn\'t have a default value', '2024-06-15 20:45:56', 43);
INSERT INTO `sys_oper_log` VALUES (252, '课程安排', 1, 'com.ruoyi.web.controller.DepSys.CourseSchedulesController.add()', 'POST', 1, 'admin', '研发部门', '/DepSysSchedules/DepSysSchedules', '127.0.0.1', '内网IP', '{\"classesId\":1,\"courseName\":\"212\",\"endTime\":\"2024-06-04\",\"params\":{},\"startTime\":\"2024-06-04\"}', NULL, 1, 'nested exception is org.apache.ibatis.reflection.ReflectionException: There is no getter for property named \'className\' in \'class com.ruoyi.DepSysSchedules.domain.CourseSchedules\'', '2024-06-15 21:08:55', 7);
INSERT INTO `sys_oper_log` VALUES (253, '课程安排', 1, 'com.ruoyi.web.controller.DepSys.CourseSchedulesController.add()', 'POST', 1, 'admin', '研发部门', '/DepSysSchedules/DepSysSchedules', '127.0.0.1', '内网IP', '{\"classesId\":1,\"courseName\":\"212\",\"endTime\":\"2024-06-04\",\"params\":{},\"startTime\":\"2024-06-04\"}', NULL, 1, 'nested exception is org.apache.ibatis.reflection.ReflectionException: There is no getter for property named \'className\' in \'class com.ruoyi.DepSysSchedules.domain.CourseSchedules\'', '2024-06-15 21:09:43', 11);
INSERT INTO `sys_oper_log` VALUES (254, '课程安排', 1, 'com.ruoyi.web.controller.DepSys.CourseSchedulesController.add()', 'POST', 1, 'admin', '研发部门', '/DepSysSchedules/DepSysSchedules', '127.0.0.1', '内网IP', '{\"classesId\":1,\"courseName\":\"212\",\"endTime\":\"2024-06-04\",\"params\":{},\"startTime\":\"2024-06-04\"}', NULL, 1, 'nested exception is org.apache.ibatis.reflection.ReflectionException: There is no getter for property named \'className\' in \'class com.ruoyi.DepSysSchedules.domain.CourseSchedules\'', '2024-06-15 21:10:36', 10);
INSERT INTO `sys_oper_log` VALUES (255, '课程安排', 1, 'com.ruoyi.web.controller.DepSys.CourseSchedulesController.add()', 'POST', 1, 'admin', '研发部门', '/DepSysSchedules/DepSysSchedules', '127.0.0.1', '内网IP', '{\"classesId\":1,\"courseName\":\"212\",\"endTime\":\"2024-06-04\",\"params\":{},\"startTime\":\"2024-06-04\"}', NULL, 1, 'nested exception is org.apache.ibatis.reflection.ReflectionException: There is no getter for property named \'className\' in \'class com.ruoyi.DepSysSchedules.domain.CourseSchedules\'', '2024-06-15 21:10:37', 1);
INSERT INTO `sys_oper_log` VALUES (256, '课程安排', 1, 'com.ruoyi.web.controller.DepSys.CourseSchedulesController.add()', 'POST', 1, 'admin', '研发部门', '/DepSysSchedules/DepSysSchedules', '127.0.0.1', '内网IP', '{\"classesId\":1,\"courseName\":\"212\",\"endTime\":\"2024-06-04\",\"id\":3,\"params\":{},\"startTime\":\"2024-06-04\"}', '{\"msg\":\"操作成功\",\"code\":200}', 0, NULL, '2024-06-15 21:11:16', 23);
INSERT INTO `sys_oper_log` VALUES (257, '课程安排', 2, 'com.ruoyi.web.controller.DepSys.CourseSchedulesController.edit()', 'PUT', 1, 'admin', '研发部门', '/DepSysSchedules/DepSysSchedules', '127.0.0.1', '内网IP', '{\"classesId\":2,\"courseName\":\"计算机科学导论\",\"createdAt\":\"2024-05-22\",\"endTime\":\"2024-05-30\",\"id\":1,\"params\":{},\"startTime\":\"2024-05-22\"}', '{\"msg\":\"操作成功\",\"code\":200}', 0, NULL, '2024-06-15 21:11:24', 9);
INSERT INTO `sys_oper_log` VALUES (258, '课程安排', 3, 'com.ruoyi.web.controller.DepSys.CourseSchedulesController.remove()', 'DELETE', 1, 'admin', '研发部门', '/DepSysSchedules/DepSysSchedules/3', '127.0.0.1', '内网IP', '{}', '{\"msg\":\"操作成功\",\"code\":200}', 0, NULL, '2024-06-15 21:11:57', 7);
INSERT INTO `sys_oper_log` VALUES (259, '课程安排', 1, 'com.ruoyi.web.controller.DepSys.CourseSchedulesController.add()', 'POST', 1, 'admin', '研发部门', '/DepSysSchedules/DepSysSchedules', '127.0.0.1', '内网IP', '{\"classesId\":2,\"courseName\":\"212\",\"endTime\":\"2024-05-29\",\"id\":4,\"params\":{},\"startTime\":\"2024-06-04\"}', '{\"msg\":\"操作成功\",\"code\":200}', 0, NULL, '2024-06-15 21:12:05', 6);
INSERT INTO `sys_oper_log` VALUES (260, '课程安排', 2, 'com.ruoyi.web.controller.DepSys.CourseSchedulesController.edit()', 'PUT', 1, 'admin', '研发部门', '/DepSysSchedules/DepSysSchedules', '127.0.0.1', '内网IP', '{\"classesId\":2,\"courseName\":\"计算机科学导论\",\"createdAt\":\"2024-05-22\",\"empId\":10,\"endTime\":\"2024-05-30\",\"id\":1,\"params\":{},\"startTime\":\"2024-05-22\"}', '{\"msg\":\"操作成功\",\"code\":200}', 0, NULL, '2024-06-15 21:56:42', 14);
INSERT INTO `sys_oper_log` VALUES (261, '课程安排', 2, 'com.ruoyi.web.controller.DepSys.CourseSchedulesController.edit()', 'PUT', 1, 'admin', '研发部门', '/DepSysSchedules/DepSysSchedules', '127.0.0.1', '内网IP', '{\"classesId\":2,\"courseName\":\"计算机科学导论\",\"createdAt\":\"2024-05-22\",\"empId\":1,\"endTime\":\"2024-05-30\",\"id\":1,\"params\":{},\"startTime\":\"2024-05-22\"}', '{\"msg\":\"操作成功\",\"code\":200}', 0, NULL, '2024-06-15 22:01:04', 29);
INSERT INTO `sys_oper_log` VALUES (262, '课程安排', 2, 'com.ruoyi.web.controller.DepSys.CourseSchedulesController.edit()', 'PUT', 1, 'admin', '研发部门', '/DepSysSchedules/DepSysSchedules', '127.0.0.1', '内网IP', '{\"classesId\":2,\"courseName\":\"计算机科学导论\",\"createdAt\":\"2024-05-22\",\"empId\":1,\"endTime\":\"2024-05-30\",\"id\":1,\"params\":{},\"startTime\":\"2024-05-22\"}', '{\"msg\":\"操作成功\",\"code\":200}', 0, NULL, '2024-06-15 22:01:08', 7);
INSERT INTO `sys_oper_log` VALUES (263, '课程安排', 3, 'com.ruoyi.web.controller.DepSys.CourseSchedulesController.remove()', 'DELETE', 1, 'admin', '研发部门', '/DepSysSchedules/DepSysSchedules/4,2', '127.0.0.1', '内网IP', '{}', '{\"msg\":\"操作成功\",\"code\":200}', 0, NULL, '2024-06-15 22:15:58', 21);
INSERT INTO `sys_oper_log` VALUES (264, '课程安排', 1, 'com.ruoyi.web.controller.DepSys.CourseSchedulesController.add()', 'POST', 1, 'admin', '研发部门', '/DepSysSchedules/DepSysSchedules', '127.0.0.1', '内网IP', '{\"classesId\":2,\"courseName\":\"212\",\"empId\":2,\"endTime\":\"2024-06-11\",\"params\":{},\"startTime\":\"2024-06-04\"}', NULL, 1, '\r\n### Error updating database.  Cause: java.sql.SQLException: Column count doesn\'t match value count at row 1\r\n### The error may exist in file [D:\\代码\\web管理系统\\teaching-java\\manager\\target\\classes\\mapper\\DepSysSchedules\\CourseSchedulesMapper.xml]\r\n### The error may involve com.ruoyi.DepSysSchedules.mapper.CourseSchedulesMapper.insertCourseSchedules-Inline\r\n### The error occurred while setting parameters\r\n### SQL: insert into course_schedules          ( course_name,             classes_id,             emp_id,             start_time,             end_time )           values ( ?,             ?,             ?,             ? )\r\n### Cause: java.sql.SQLException: Column count doesn\'t match value count at row 1\n; bad SQL grammar []; nested exception is java.sql.SQLException: Column count doesn\'t match value count at row 1', '2024-06-15 22:21:02', 71);
INSERT INTO `sys_oper_log` VALUES (265, '课程安排', 1, 'com.ruoyi.web.controller.DepSys.CourseSchedulesController.add()', 'POST', 1, 'admin', '研发部门', '/DepSysSchedules/DepSysSchedules', '127.0.0.1', '内网IP', '{\"classesId\":2,\"courseName\":\"212\",\"empId\":2,\"endTime\":\"2024-06-11\",\"params\":{},\"startTime\":\"2024-06-04\"}', NULL, 1, '\r\n### Error updating database.  Cause: java.sql.SQLException: Column count doesn\'t match value count at row 1\r\n### The error may exist in file [D:\\代码\\web管理系统\\teaching-java\\manager\\target\\classes\\mapper\\DepSysSchedules\\CourseSchedulesMapper.xml]\r\n### The error may involve com.ruoyi.DepSysSchedules.mapper.CourseSchedulesMapper.insertCourseSchedules-Inline\r\n### The error occurred while setting parameters\r\n### SQL: insert into course_schedules          ( course_name,             classes_id,             emp_id,             start_time,             end_time )           values ( ?,             ?,             ?,             ? )\r\n### Cause: java.sql.SQLException: Column count doesn\'t match value count at row 1\n; bad SQL grammar []; nested exception is java.sql.SQLException: Column count doesn\'t match value count at row 1', '2024-06-15 22:21:06', 8);
INSERT INTO `sys_oper_log` VALUES (266, '课程安排', 1, 'com.ruoyi.web.controller.DepSys.CourseSchedulesController.add()', 'POST', 1, 'admin', '研发部门', '/DepSysSchedules/DepSysSchedules', '127.0.0.1', '内网IP', '{\"classesId\":2,\"courseName\":\"212\",\"empId\":2,\"endTime\":\"2024-06-11\",\"params\":{},\"startTime\":\"2024-06-04\"}', NULL, 1, '\r\n### Error updating database.  Cause: java.sql.SQLException: Column count doesn\'t match value count at row 1\r\n### The error may exist in file [D:\\代码\\web管理系统\\teaching-java\\manager\\target\\classes\\mapper\\DepSysSchedules\\CourseSchedulesMapper.xml]\r\n### The error may involve com.ruoyi.DepSysSchedules.mapper.CourseSchedulesMapper.insertCourseSchedules-Inline\r\n### The error occurred while setting parameters\r\n### SQL: insert into course_schedules          ( course_name,             classes_id,             emp_id,             start_time,             end_time )           values ( ?,             ?,             ?,             ? )\r\n### Cause: java.sql.SQLException: Column count doesn\'t match value count at row 1\n; bad SQL grammar []; nested exception is java.sql.SQLException: Column count doesn\'t match value count at row 1', '2024-06-15 22:21:10', 5);
INSERT INTO `sys_oper_log` VALUES (267, '课程安排', 1, 'com.ruoyi.web.controller.DepSys.CourseSchedulesController.add()', 'POST', 1, 'admin', '研发部门', '/DepSysSchedules/DepSysSchedules', '127.0.0.1', '内网IP', '{\"classesId\":1,\"courseName\":\"212\",\"empId\":3,\"endTime\":\"2024-06-05\",\"id\":5,\"params\":{},\"startTime\":\"2024-06-03\"}', '{\"msg\":\"操作成功\",\"code\":200}', 0, NULL, '2024-06-15 22:22:06', 36);
INSERT INTO `sys_oper_log` VALUES (268, '课程安排', 2, 'com.ruoyi.web.controller.DepSys.CourseSchedulesController.edit()', 'PUT', 1, 'admin', '研发部门', '/DepSysSchedules/DepSysSchedules', '127.0.0.1', '内网IP', '{\"classesId\":2,\"courseName\":\"计算机科学导论\",\"createdAt\":\"2024-05-22\",\"empId\":4,\"endTime\":\"2024-05-30\",\"id\":1,\"params\":{},\"startTime\":\"2024-05-22\"}', '{\"msg\":\"操作成功\",\"code\":200}', 0, NULL, '2024-06-15 22:28:02', 25);
INSERT INTO `sys_oper_log` VALUES (269, '课程安排', 5, 'com.ruoyi.web.controller.DepSys.CourseSchedulesController.export()', 'POST', 1, 'admin', '研发部门', '/DepSysSchedules/DepSysSchedules/export', '127.0.0.1', '内网IP', '{\"pageSize\":\"10\",\"pageNum\":\"1\"}', NULL, 0, NULL, '2024-06-15 22:29:41', 707);
INSERT INTO `sys_oper_log` VALUES (270, '课程安排', 1, 'com.ruoyi.web.controller.DepSys.CourseSchedulesController.add()', 'POST', 1, 'admin', '研发部门', '/DepSysSchedules/DepSysSchedules', '127.0.0.1', '内网IP', '{\"classesId\":1,\"courseName\":\"212\",\"endTime\":\"2024-06-04\",\"id\":6,\"params\":{},\"startTime\":\"2024-06-04\"}', '{\"msg\":\"操作成功\",\"code\":200}', 0, NULL, '2024-06-15 23:11:41', 12);
INSERT INTO `sys_oper_log` VALUES (271, '课程安排', 3, 'com.ruoyi.web.controller.DepSys.CourseSchedulesController.remove()', 'DELETE', 1, 'admin', '研发部门', '/DepSysSchedules/DepSysSchedules/6', '127.0.0.1', '内网IP', '{}', '{\"msg\":\"操作成功\",\"code\":200}', 0, NULL, '2024-06-15 23:11:45', 10);
INSERT INTO `sys_oper_log` VALUES (272, '学员管理', 3, 'com.ruoyi.web.controller.DepSys.StudentsController.remove()', 'DELETE', 1, 'admin', '研发部门', '/DepSysStudents/DepSysStudents/2', '127.0.0.1', '内网IP', '{}', '{\"msg\":\"操作成功\",\"code\":200}', 0, NULL, '2024-06-15 23:33:38', 5);
INSERT INTO `sys_oper_log` VALUES (273, '课程表', 2, 'com.ruoyi.web.controller.DepSys.CoursesController.edit()', 'PUT', 1, 'admin', '研发部门', '/DepSysCourses/courses', '127.0.0.1', '内网IP', '{\"courseId\":1,\"courseName\":\"计算机科学导论\",\"createTime\":\"2024-05-14 02:06:49\",\"description\":\"计算机科学的入门课程2\",\"duration\":30,\"params\":{}}', NULL, 1, 'nested exception is org.apache.ibatis.reflection.ReflectionException: There is no getter for property named \'id\' in \'class com.ruoyi.DepSysCourses.domain.Courses\'', '2024-06-16 00:49:09', 6);
INSERT INTO `sys_oper_log` VALUES (274, '课程表', 2, 'com.ruoyi.web.controller.DepSys.CoursesController.edit()', 'PUT', 1, 'admin', '研发部门', '/DepSysCourses/courses', '127.0.0.1', '内网IP', '{\"courseId\":1,\"courseName\":\"计算机科学导论\",\"createTime\":\"2024-05-14 02:06:49\",\"description\":\"计算机科学的入门课程2\",\"duration\":30,\"params\":{}}', '{\"msg\":\"操作成功\",\"code\":200}', 0, NULL, '2024-06-16 00:50:09', 16);
INSERT INTO `sys_oper_log` VALUES (275, '课程表', 2, 'com.ruoyi.web.controller.DepSys.CoursesController.edit()', 'PUT', 1, 'admin', '研发部门', '/DepSysCourses/courses', '127.0.0.1', '内网IP', '{\"courseId\":2,\"courseName\":\"线性代数\",\"createTime\":\"2024-05-14 02:06:49\",\"description\":\"数学专业的基础课程\",\"duration\":452,\"params\":{}}', '{\"msg\":\"操作成功\",\"code\":200}', 0, NULL, '2024-06-16 00:50:13', 4);
INSERT INTO `sys_oper_log` VALUES (276, '课程安排', 1, 'com.ruoyi.web.controller.DepSys.CourseSchedulesController.add()', 'POST', 1, 'admin', '研发部门', '/DepSysSchedules/DepSysSchedules', '127.0.0.1', '内网IP', '{\"courseName\":\"12\",\"empId\":2,\"endTime\":\"2024-05-27\",\"params\":{},\"startTime\":\"2024-06-04\"}', NULL, 1, 'nested exception is org.apache.ibatis.reflection.ReflectionException: There is no getter for property named \'classesId\' in \'class com.ruoyi.DepSysSchedules.domain.CourseSchedules\'', '2024-06-16 01:05:51', 11);
INSERT INTO `sys_oper_log` VALUES (277, '课程安排', 1, 'com.ruoyi.web.controller.DepSys.CourseSchedulesController.add()', 'POST', 1, 'admin', '研发部门', '/DepSysSchedules/DepSysSchedules', '127.0.0.1', '内网IP', '{\"courseName\":\"wq\",\"empId\":3,\"endTime\":\"2024-05-28\",\"params\":{},\"startTime\":\"2024-06-04\"}', NULL, 1, '\r\n### Error updating database.  Cause: java.sql.SQLSyntaxErrorException: Table \'manager.course_schedules\' doesn\'t exist\r\n### The error may exist in file [D:\\代码\\web管理系统\\teaching-java\\manager\\target\\classes\\mapper\\DepSysSchedules\\CourseSchedulesMapper.xml]\r\n### The error may involve com.ruoyi.DepSysSchedules.mapper.CourseSchedulesMapper.insertCourseSchedules-Inline\r\n### The error occurred while setting parameters\r\n### SQL: insert into course_schedules          ( emp_id,             start_time,             end_time )           values ( ?,             ?,             ? )\r\n### Cause: java.sql.SQLSyntaxErrorException: Table \'manager.course_schedules\' doesn\'t exist\n; bad SQL grammar []; nested exception is java.sql.SQLSyntaxErrorException: Table \'manager.course_schedules\' doesn\'t exist', '2024-06-16 01:07:52', 77);
INSERT INTO `sys_oper_log` VALUES (278, '课程安排', 1, 'com.ruoyi.web.controller.DepSys.CourseSchedulesController.add()', 'POST', 1, 'admin', '研发部门', '/DepSysSchedules/DepSysSchedules', '127.0.0.1', '内网IP', '{\"courseName\":\"212\",\"empId\":3,\"endTime\":\"2024-06-12\",\"params\":{},\"startTime\":\"2024-06-04\"}', NULL, 1, '\r\n### Error updating database.  Cause: java.sql.SQLException: Field \'course_id\' doesn\'t have a default value\r\n### The error may exist in file [D:\\代码\\web管理系统\\teaching-java\\manager\\target\\classes\\mapper\\DepSysSchedules\\CourseSchedulesMapper.xml]\r\n### The error may involve com.ruoyi.DepSysSchedules.mapper.CourseSchedulesMapper.insertCourseSchedules-Inline\r\n### The error occurred while setting parameters\r\n### SQL: insert into schedules          ( emp_id,             start_time,             end_time )           values ( ?,             ?,             ? )\r\n### Cause: java.sql.SQLException: Field \'course_id\' doesn\'t have a default value\n; Field \'course_id\' doesn\'t have a default value; nested exception is java.sql.SQLException: Field \'course_id\' doesn\'t have a default value', '2024-06-16 01:09:47', 69);
INSERT INTO `sys_oper_log` VALUES (279, '课程安排', 1, 'com.ruoyi.web.controller.DepSys.CourseSchedulesController.add()', 'POST', 1, 'admin', '研发部门', '/DepSysSchedules/DepSysSchedules', '127.0.0.1', '内网IP', '{\"courseName\":\"212\",\"empId\":3,\"endTime\":\"2024-06-12\",\"params\":{},\"startTime\":\"2024-06-04\"}', NULL, 1, '\r\n### Error updating database.  Cause: java.sql.SQLException: Field \'course_id\' doesn\'t have a default value\r\n### The error may exist in file [D:\\代码\\web管理系统\\teaching-java\\manager\\target\\classes\\mapper\\DepSysSchedules\\CourseSchedulesMapper.xml]\r\n### The error may involve com.ruoyi.DepSysSchedules.mapper.CourseSchedulesMapper.insertCourseSchedules-Inline\r\n### The error occurred while setting parameters\r\n### SQL: insert into schedules          ( emp_id,             start_time,             end_time )           values ( ?,             ?,             ? )\r\n### Cause: java.sql.SQLException: Field \'course_id\' doesn\'t have a default value\n; Field \'course_id\' doesn\'t have a default value; nested exception is java.sql.SQLException: Field \'course_id\' doesn\'t have a default value', '2024-06-16 01:10:06', 5);
INSERT INTO `sys_oper_log` VALUES (280, '课程安排', 1, 'com.ruoyi.web.controller.DepSys.CourseSchedulesController.add()', 'POST', 1, 'admin', '研发部门', '/DepSysSchedules/DepSysSchedules', '127.0.0.1', '内网IP', '{\"courseName\":\"212\",\"empId\":3,\"endTime\":\"2024-06-12\",\"params\":{},\"startTime\":\"2024-06-04\"}', NULL, 1, '\r\n### Error updating database.  Cause: java.sql.SQLException: Field \'course_id\' doesn\'t have a default value\r\n### The error may exist in file [D:\\代码\\web管理系统\\teaching-java\\manager\\target\\classes\\mapper\\DepSysSchedules\\CourseSchedulesMapper.xml]\r\n### The error may involve com.ruoyi.DepSysSchedules.mapper.CourseSchedulesMapper.insertCourseSchedules-Inline\r\n### The error occurred while setting parameters\r\n### SQL: insert into schedules          ( emp_id,             start_time,             end_time )           values ( ?,             ?,             ? )\r\n### Cause: java.sql.SQLException: Field \'course_id\' doesn\'t have a default value\n; Field \'course_id\' doesn\'t have a default value; nested exception is java.sql.SQLException: Field \'course_id\' doesn\'t have a default value', '2024-06-16 01:13:02', 8);
INSERT INTO `sys_oper_log` VALUES (281, '课程安排', 1, 'com.ruoyi.web.controller.DepSys.CourseSchedulesController.add()', 'POST', 1, 'admin', '研发部门', '/DepSysSchedules/DepSysSchedules', '127.0.0.1', '内网IP', '{\"empId\":2,\"endTime\":\"2024-06-12\",\"params\":{},\"startTime\":\"2024-06-04\"}', NULL, 1, '\r\n### Error updating database.  Cause: java.sql.SQLException: Field \'course_id\' doesn\'t have a default value\r\n### The error may exist in file [D:\\代码\\web管理系统\\teaching-java\\manager\\target\\classes\\mapper\\DepSysSchedules\\CourseSchedulesMapper.xml]\r\n### The error may involve com.ruoyi.DepSysSchedules.mapper.CourseSchedulesMapper.insertCourseSchedules-Inline\r\n### The error occurred while setting parameters\r\n### SQL: insert into schedules          ( emp_id,             start_time,             end_time )           values ( ?,             ?,             ? )\r\n### Cause: java.sql.SQLException: Field \'course_id\' doesn\'t have a default value\n; Field \'course_id\' doesn\'t have a default value; nested exception is java.sql.SQLException: Field \'course_id\' doesn\'t have a default value', '2024-06-16 01:13:36', 4);
INSERT INTO `sys_oper_log` VALUES (282, '课程安排', 1, 'com.ruoyi.web.controller.DepSys.CourseSchedulesController.add()', 'POST', 1, 'admin', '研发部门', '/DepSysSchedules/DepSysSchedules', '127.0.0.1', '内网IP', '{\"courseId\":2,\"empId\":4,\"endTime\":\"2024-06-07\",\"params\":{},\"startTime\":\"2024-06-04\"}', NULL, 1, 'nested exception is org.apache.ibatis.executor.ExecutorException: Error getting generated key or setting result to parameter object. Cause: org.apache.ibatis.executor.ExecutorException: No setter found for the keyProperty \'id\' in \'com.ruoyi.DepSysSchedules.domain.CourseSchedules\'.', '2024-06-16 01:13:59', 10);
INSERT INTO `sys_oper_log` VALUES (283, '课程安排', 1, 'com.ruoyi.web.controller.DepSys.CourseSchedulesController.add()', 'POST', 1, 'admin', '研发部门', '/DepSysSchedules/DepSysSchedules', '127.0.0.1', '内网IP', '{\"courseId\":8,\"empId\":4,\"endTime\":\"2024-06-07\",\"params\":{},\"startTime\":\"2024-06-04\"}', '{\"msg\":\"操作成功\",\"code\":200}', 0, NULL, '2024-06-16 01:15:00', 22);
INSERT INTO `sys_oper_log` VALUES (284, '课程安排', 1, 'com.ruoyi.web.controller.DepSys.CourseSchedulesController.add()', 'POST', 1, 'admin', '研发部门', '/DepSysSchedules/DepSysSchedules', '127.0.0.1', '内网IP', '{\"courseId\":9,\"empId\":3,\"endTime\":\"2024-06-06\",\"params\":{},\"startTime\":\"2024-05-28\"}', '{\"msg\":\"操作成功\",\"code\":200}', 0, NULL, '2024-06-16 01:15:39', 7);
INSERT INTO `sys_oper_log` VALUES (285, '课程安排', 2, 'com.ruoyi.web.controller.DepSys.CourseSchedulesController.edit()', 'PUT', 1, 'admin', '研发部门', '/DepSysSchedules/DepSysSchedules', '127.0.0.1', '内网IP', '{\"courseId\":1,\"createTime\":\"2024-06-16 01:15:39\",\"empId\":4,\"endTime\":\"2024-06-06\",\"params\":{},\"scheduleId\":9,\"startTime\":\"2024-05-28\",\"status\":\"0\"}', '{\"msg\":\"操作成功\",\"code\":200}', 0, NULL, '2024-06-16 01:18:20', 6);
INSERT INTO `sys_oper_log` VALUES (286, '课程安排', 2, 'com.ruoyi.web.controller.DepSys.CourseSchedulesController.edit()', 'PUT', 1, 'admin', '研发部门', '/DepSysSchedules/DepSysSchedules', '127.0.0.1', '内网IP', '{\"courseId\":1,\"createTime\":\"2024-06-16 01:15:39\",\"empId\":4,\"endTime\":\"2024-06-06\",\"params\":{},\"scheduleId\":9,\"startTime\":\"2024-05-16\",\"status\":\"0\"}', '{\"msg\":\"操作成功\",\"code\":200}', 0, NULL, '2024-06-16 01:18:24', 4);
INSERT INTO `sys_oper_log` VALUES (287, '课程安排', 2, 'com.ruoyi.web.controller.DepSys.CourseSchedulesController.edit()', 'PUT', 1, 'admin', '研发部门', '/DepSysSchedules/DepSysSchedules', '127.0.0.1', '内网IP', '{\"courseId\":1,\"createTime\":\"2024-06-16 01:15:39\",\"empId\":4,\"endTime\":\"2024-06-06\",\"params\":{},\"scheduleId\":9,\"startTime\":\"2024-05-16\",\"status\":\"0\"}', NULL, 1, '课程已开始，不允许修改', '2024-06-16 01:36:28', 14);
INSERT INTO `sys_oper_log` VALUES (288, '课程安排', 2, 'com.ruoyi.web.controller.DepSys.CourseSchedulesController.edit()', 'PUT', 1, 'admin', '研发部门', '/DepSysSchedules/DepSysSchedules', '127.0.0.1', '内网IP', '{\"courseId\":1,\"createTime\":\"2024-06-16 01:15:39\",\"empId\":4,\"endTime\":\"2024-06-06\",\"params\":{},\"scheduleId\":9,\"startTime\":\"2024-05-16\",\"status\":\"0\"}', NULL, 1, '课程已开始，不允许修改', '2024-06-16 01:36:31', 5);
INSERT INTO `sys_oper_log` VALUES (289, '课程安排', 2, 'com.ruoyi.web.controller.DepSys.CourseSchedulesController.edit()', 'PUT', 1, 'admin', '研发部门', '/DepSysSchedules/DepSysSchedules', '127.0.0.1', '内网IP', '{\"courseId\":1,\"createTime\":\"2024-06-16 01:15:39\",\"empId\":4,\"endTime\":\"2024-06-06\",\"params\":{},\"scheduleId\":9,\"startTime\":\"2024-05-16\",\"status\":\"0\"}', NULL, 1, '课程已开始，不允许修改', '2024-06-16 01:36:32', 4);
INSERT INTO `sys_oper_log` VALUES (290, '课程安排', 2, 'com.ruoyi.web.controller.DepSys.CourseSchedulesController.edit()', 'PUT', 1, 'admin', '研发部门', '/DepSysSchedules/DepSysSchedules', '127.0.0.1', '内网IP', '{\"courseId\":1,\"createTime\":\"2024-06-16 01:15:39\",\"empId\":4,\"endTime\":\"2024-06-06\",\"params\":{},\"scheduleId\":9,\"startTime\":\"2024-05-16\",\"status\":\"0\"}', NULL, 1, '课程已开始，不允许修改', '2024-06-16 01:36:33', 5);
INSERT INTO `sys_oper_log` VALUES (291, '员工管理', 1, 'com.ruoyi.web.controller.DepSys.EmpController.add()', 'POST', 1, 'admin', '研发部门', '/DepSysEmp/emp', '127.0.0.1', '内网IP', '{\"createTime\":\"2024-06-16 01:56:20\",\"gender\":2,\"job\":2,\"name\":\"212\",\"params\":{},\"username\":\"21\"}', NULL, 1, '\r\n### Error updating database.  Cause: java.sql.SQLException: Field \'update_time\' doesn\'t have a default value\r\n### The error may exist in file [D:\\代码\\web管理系统\\teaching-java\\manager\\target\\classes\\mapper\\DepSysEmp\\EmpMapper.xml]\r\n### The error may involve com.ruoyi.DepSysEmp.mapper.EmpMapper.insertEmp-Inline\r\n### The error occurred while setting parameters\r\n### SQL: insert into emp          ( username,             password,             name,             gender,                          job,                                       create_time )           values ( ?,             ?,             ?,             ?,                          ?,                                       ? )\r\n### Cause: java.sql.SQLException: Field \'update_time\' doesn\'t have a default value\n; Field \'update_time\' doesn\'t have a default value; nested exception is java.sql.SQLException: Field \'update_time\' doesn\'t have a default value', '2024-06-16 01:56:20', 73);
INSERT INTO `sys_oper_log` VALUES (292, '员工管理', 1, 'com.ruoyi.web.controller.DepSys.EmpController.add()', 'POST', 1, 'admin', '研发部门', '/DepSysEmp/emp', '127.0.0.1', '内网IP', '{\"createTime\":\"2024-06-16 01:56:24\",\"deptId\":212,\"entrydate\":\"2024-06-24\",\"gender\":2,\"job\":2,\"name\":\"212\",\"params\":{},\"username\":\"21\"}', NULL, 1, '\r\n### Error updating database.  Cause: java.sql.SQLException: Field \'update_time\' doesn\'t have a default value\r\n### The error may exist in file [D:\\代码\\web管理系统\\teaching-java\\manager\\target\\classes\\mapper\\DepSysEmp\\EmpMapper.xml]\r\n### The error may involve com.ruoyi.DepSysEmp.mapper.EmpMapper.insertEmp-Inline\r\n### The error occurred while setting parameters\r\n### SQL: insert into emp          ( username,             password,             name,             gender,                          job,             entrydate,             dept_id,             create_time )           values ( ?,             ?,             ?,             ?,                          ?,             ?,             ?,             ? )\r\n### Cause: java.sql.SQLException: Field \'update_time\' doesn\'t have a default value\n; Field \'update_time\' doesn\'t have a default value; nested exception is java.sql.SQLException: Field \'update_time\' doesn\'t have a default value', '2024-06-16 01:56:24', 6);
INSERT INTO `sys_oper_log` VALUES (293, '员工管理', 1, 'com.ruoyi.web.controller.DepSys.EmpController.add()', 'POST', 1, 'admin', '研发部门', '/DepSysEmp/emp', '127.0.0.1', '内网IP', '{\"createTime\":\"2024-06-16 01:57:00\",\"deptId\":212,\"entrydate\":\"2024-06-24\",\"gender\":2,\"job\":2,\"name\":\"212\",\"params\":{},\"username\":\"21\"}', NULL, 1, '\r\n### Error updating database.  Cause: java.sql.SQLException: Field \'update_time\' doesn\'t have a default value\r\n### The error may exist in file [D:\\代码\\web管理系统\\teaching-java\\manager\\target\\classes\\mapper\\DepSysEmp\\EmpMapper.xml]\r\n### The error may involve com.ruoyi.DepSysEmp.mapper.EmpMapper.insertEmp-Inline\r\n### The error occurred while setting parameters\r\n### SQL: insert into emp          ( username,             password,             name,             gender,                          job,             entrydate,             dept_id,             create_time )           values ( ?,             ?,             ?,             ?,                          ?,             ?,             ?,             ? )\r\n### Cause: java.sql.SQLException: Field \'update_time\' doesn\'t have a default value\n; Field \'update_time\' doesn\'t have a default value; nested exception is java.sql.SQLException: Field \'update_time\' doesn\'t have a default value', '2024-06-16 01:57:00', 4);
INSERT INTO `sys_oper_log` VALUES (294, '员工管理', 1, 'com.ruoyi.web.controller.DepSys.EmpController.add()', 'POST', 1, 'admin', '研发部门', '/DepSysEmp/emp', '127.0.0.1', '内网IP', '{\"createTime\":\"2024-06-16 01:57:10\",\"deptId\":212,\"entrydate\":\"2024-06-24\",\"gender\":2,\"job\":2,\"name\":\"212\",\"params\":{},\"username\":\"21\"}', NULL, 1, '\r\n### Error updating database.  Cause: java.sql.SQLException: Field \'update_time\' doesn\'t have a default value\r\n### The error may exist in file [D:\\代码\\web管理系统\\teaching-java\\manager\\target\\classes\\mapper\\DepSysEmp\\EmpMapper.xml]\r\n### The error may involve com.ruoyi.DepSysEmp.mapper.EmpMapper.insertEmp-Inline\r\n### The error occurred while setting parameters\r\n### SQL: insert into emp          ( username,             password,             name,             gender,                          job,             entrydate,             dept_id,             create_time )           values ( ?,             ?,             ?,             ?,                          ?,             ?,             ?,             ? )\r\n### Cause: java.sql.SQLException: Field \'update_time\' doesn\'t have a default value\n; Field \'update_time\' doesn\'t have a default value; nested exception is java.sql.SQLException: Field \'update_time\' doesn\'t have a default value', '2024-06-16 01:57:10', 3);
INSERT INTO `sys_oper_log` VALUES (295, '员工管理', 1, 'com.ruoyi.web.controller.DepSys.EmpController.add()', 'POST', 1, 'admin', '研发部门', '/DepSysEmp/emp', '127.0.0.1', '内网IP', '{\"createTime\":\"2024-06-16 01:57:49\",\"deptId\":212,\"entrydate\":\"2024-06-24\",\"gender\":2,\"job\":2,\"name\":\"212\",\"params\":{},\"username\":\"21\"}', NULL, 1, '\r\n### Error updating database.  Cause: java.sql.SQLException: Field \'update_time\' doesn\'t have a default value\r\n### The error may exist in file [D:\\代码\\web管理系统\\teaching-java\\manager\\target\\classes\\mapper\\DepSysEmp\\EmpMapper.xml]\r\n### The error may involve com.ruoyi.DepSysEmp.mapper.EmpMapper.insertEmp-Inline\r\n### The error occurred while setting parameters\r\n### SQL: insert into emp          ( username,             password,             name,             gender,                          job,             entrydate,             dept_id,             create_time )           values ( ?,             ?,             ?,             ?,                          ?,             ?,             ?,             ? )\r\n### Cause: java.sql.SQLException: Field \'update_time\' doesn\'t have a default value\n; Field \'update_time\' doesn\'t have a default value; nested exception is java.sql.SQLException: Field \'update_time\' doesn\'t have a default value', '2024-06-16 01:57:49', 7);
INSERT INTO `sys_oper_log` VALUES (296, '员工管理', 1, 'com.ruoyi.web.controller.DepSys.EmpController.add()', 'POST', 1, 'admin', '研发部门', '/DepSysEmp/emp', '127.0.0.1', '内网IP', '{\"createTime\":\"2024-06-16 01:58:21\",\"deptId\":212,\"entrydate\":\"2024-06-24\",\"gender\":2,\"id\":18,\"job\":2,\"name\":\"212\",\"params\":{},\"updateTime\":\"2024-06-16 01:58:21\",\"username\":\"21\"}', '{\"msg\":\"操作成功\",\"code\":200}', 0, NULL, '2024-06-16 01:58:21', 32);
INSERT INTO `sys_oper_log` VALUES (297, '员工管理', 2, 'com.ruoyi.web.controller.DepSys.EmpController.edit()', 'PUT', 1, 'admin', '研发部门', '/DepSysEmp/emp', '127.0.0.1', '内网IP', '{\"createTime\":\"2024-05-22 03:11:28\",\"deptId\":2,\"entrydate\":\"2000-01-01\",\"gender\":1,\"id\":1,\"image\":\"1.jpg\",\"job\":4,\"name\":\"金庸\",\"params\":{},\"updateTime\":\"2024-06-16 02:03:53\",\"username\":\"jinyong\"}', '{\"msg\":\"操作成功\",\"code\":200}', 0, NULL, '2024-06-16 02:03:53', 13);
INSERT INTO `sys_oper_log` VALUES (298, '员工管理', 2, 'com.ruoyi.web.controller.DepSys.EmpController.edit()', 'PUT', 1, 'admin', '研发部门', '/DepSysEmp/emp', '127.0.0.1', '内网IP', '{\"createTime\":\"2024-05-22 03:11:28\",\"deptId\":2,\"entrydate\":\"2000-01-01\",\"gender\":2,\"id\":1,\"image\":\"1.jpg\",\"job\":4,\"name\":\"金庸\",\"params\":{},\"updateTime\":\"2024-06-16 02:03:58\",\"username\":\"jinyong\"}', '{\"msg\":\"操作成功\",\"code\":200}', 0, NULL, '2024-06-16 02:03:58', 7);
INSERT INTO `sys_oper_log` VALUES (299, '员工管理', 2, 'com.ruoyi.web.controller.DepSys.EmpController.edit()', 'PUT', 1, 'admin', '研发部门', '/DepSysEmp/emp', '127.0.0.1', '内网IP', '{\"createTime\":\"2024-05-22 03:11:28\",\"deptId\":2,\"entrydate\":\"2000-01-01\",\"gender\":1,\"id\":1,\"image\":\"/profile/upload/2024/06/16/6月2日-封面_20240616020709A001.jpg\",\"job\":4,\"name\":\"金庸\",\"params\":{},\"updateTime\":\"2024-06-16 02:07:11\",\"username\":\"jinyong\"}', '{\"msg\":\"操作成功\",\"code\":200}', 0, NULL, '2024-06-16 02:07:11', 5);
INSERT INTO `sys_oper_log` VALUES (300, '员工管理', 1, 'com.ruoyi.web.controller.DepSys.EmpController.add()', 'POST', 1, 'admin', '研发部门', '/DepSysEmp/emp', '127.0.0.1', '内网IP', '{\"createTime\":\"2024-06-16 02:15:54\",\"deptId\":5,\"entrydate\":\"2024-06-25\",\"gender\":1,\"id\":19,\"image\":\"/profile/upload/2024/06/16/fbe961a6d9f946479ff2fb34cce8309a~noop_20240616021550A001.jpg\",\"job\":1,\"name\":\"212\",\"params\":{},\"updateTime\":\"2024-06-16 02:15:54\",\"username\":\"212\"}', '{\"msg\":\"操作成功\",\"code\":200}', 0, NULL, '2024-06-16 02:15:54', 17);
INSERT INTO `sys_oper_log` VALUES (301, '员工管理', 2, 'com.ruoyi.web.controller.DepSys.EmpController.edit()', 'PUT', 1, 'admin', '研发部门', '/DepSysEmp/emp', '127.0.0.1', '内网IP', '{\"createTime\":\"2024-06-16 02:15:55\",\"deptId\":5,\"entrydate\":\"2024-06-25\",\"gender\":1,\"id\":19,\"image\":\"/profile/upload/2024/06/16/fbe961a6d9f946479ff2fb34cce8309a~noop_20240616021550A001.jpg,/profile/upload/2024/06/16/fbe961a6d9f946479ff2fb34cce8309a~noop_20240616022347A001.jpg\",\"job\":1,\"name\":\"212\",\"params\":{},\"updateTime\":\"2024-06-16 02:23:49\",\"username\":\"212\"}', '{\"msg\":\"操作成功\",\"code\":200}', 0, NULL, '2024-06-16 02:23:49', 26);
INSERT INTO `sys_oper_log` VALUES (302, '员工管理', 2, 'com.ruoyi.web.controller.DepSys.EmpController.edit()', 'PUT', 1, 'admin', '研发部门', '/DepSysEmp/emp', '127.0.0.1', '内网IP', '{\"createTime\":\"2024-06-16 02:15:55\",\"deptId\":5,\"entrydate\":\"2024-06-25\",\"gender\":1,\"id\":19,\"image\":\"/profile/upload/2024/06/16/fbe961a6d9f946479ff2fb34cce8309a~noop_20240616021550A001.jpg,/profile/upload/2024/06/16/fbe961a6d9f946479ff2fb34cce8309a~noop_20240616022347A001.jpg\",\"job\":3,\"name\":\"212\",\"params\":{},\"updateTime\":\"2024-06-16 02:25:34\",\"username\":\"212\"}', '{\"msg\":\"操作成功\",\"code\":200}', 0, NULL, '2024-06-16 02:25:34', 8);
INSERT INTO `sys_oper_log` VALUES (303, '班级信息', 2, 'com.ruoyi.web.controller.DepSys.ClassesController.edit()', 'PUT', 1, 'admin', '研发部门', '/DepSysClasses/classes', '127.0.0.1', '内网IP', '{\"createdAt\":\"2024-05-14\",\"description\":\"计算机科学入门课程\",\"id\":1,\"name\":\"计算机科学101\",\"params\":{},\"teacherId\":2}', '{\"msg\":\"操作成功\",\"code\":200}', 0, NULL, '2024-06-16 02:28:41', 6);
INSERT INTO `sys_oper_log` VALUES (304, '班级信息', 2, 'com.ruoyi.web.controller.DepSys.ClassesController.edit()', 'PUT', 1, 'admin', '研发部门', '/DepSysClasses/classes', '127.0.0.1', '内网IP', '{\"createdAt\":\"2024-05-14\",\"description\":\"计算机科学入门课程\",\"id\":1,\"name\":\"计算机科学101\",\"params\":{},\"teacherId\":2}', '{\"msg\":\"操作成功\",\"code\":200}', 0, NULL, '2024-06-16 02:28:45', 5);
INSERT INTO `sys_oper_log` VALUES (305, '班级信息', 2, 'com.ruoyi.web.controller.DepSys.ClassesController.edit()', 'PUT', 1, 'admin', '研发部门', '/DepSysClasses/classes', '127.0.0.1', '内网IP', '{\"createdAt\":\"2024-05-14\",\"description\":\"计算机科学入门课程\",\"id\":1,\"name\":\"计算机科学101\",\"params\":{},\"teacherId\":4}', '{\"msg\":\"操作成功\",\"code\":200}', 0, NULL, '2024-06-16 02:31:28', 4);
INSERT INTO `sys_oper_log` VALUES (306, '班级信息', 2, 'com.ruoyi.web.controller.DepSys.ClassesController.edit()', 'PUT', 1, 'admin', '研发部门', '/DepSysClasses/classes', '127.0.0.1', '内网IP', '{\"createTime\":\"2024-05-14 00:00:00\",\"description\":\"计算机科学入门课程\",\"id\":1,\"name\":\"计算机科学\",\"params\":{},\"teacherId\":4}', '{\"msg\":\"操作成功\",\"code\":200}', 0, NULL, '2024-06-16 02:34:49', 13);
INSERT INTO `sys_oper_log` VALUES (307, '班级信息', 1, 'com.ruoyi.web.controller.DepSys.ClassesController.add()', 'POST', 1, 'admin', '研发部门', '/DepSysClasses/classes', '127.0.0.1', '内网IP', '{\"id\":3,\"name\":\"21\",\"params\":{},\"teacherId\":4}', '{\"msg\":\"操作成功\",\"code\":200}', 0, NULL, '2024-06-16 02:34:54', 8);
INSERT INTO `sys_oper_log` VALUES (308, '班级信息', 3, 'com.ruoyi.web.controller.DepSys.ClassesController.remove()', 'DELETE', 1, 'admin', '研发部门', '/DepSysClasses/classes/3', '127.0.0.1', '内网IP', '{}', '{\"msg\":\"操作成功\",\"code\":200}', 0, NULL, '2024-06-16 02:35:01', 8);
INSERT INTO `sys_oper_log` VALUES (309, '课程安排', 1, 'com.ruoyi.web.controller.DepSys.CourseSchedulesController.add()', 'POST', 1, 'admin', '研发部门', '/DepSysSchedules/DepSysSchedules', '127.0.0.1', '内网IP', '{\"courseId\":10,\"empId\":3,\"endTime\":\"2024-06-05\",\"params\":{},\"startTime\":\"2024-06-03\"}', '{\"msg\":\"操作成功\",\"code\":200}', 0, NULL, '2024-06-16 12:03:17', 76);
INSERT INTO `sys_oper_log` VALUES (310, '课程安排', 2, 'com.ruoyi.web.controller.DepSys.CourseSchedulesController.edit()', 'PUT', 1, 'admin', '研发部门', '/DepSysSchedules/DepSysSchedules', '127.0.0.1', '内网IP', '{\"courseId\":2,\"createTime\":\"2024-06-16 12:03:17\",\"empId\":3,\"endTime\":\"2024-06-04\",\"params\":{},\"scheduleId\":10,\"startTime\":\"2024-06-03\",\"status\":0}', NULL, 1, '课程已开始，不允许修改', '2024-06-16 12:10:40', 14);
INSERT INTO `sys_oper_log` VALUES (311, '课程安排', 3, 'com.ruoyi.web.controller.DepSys.CourseSchedulesController.remove()', 'DELETE', 1, 'admin', '研发部门', '/DepSysSchedules/DepSysSchedules/1', '127.0.0.1', '内网IP', '{}', '{\"msg\":\"操作失败\",\"code\":500}', 0, NULL, '2024-06-16 12:10:53', 8);
INSERT INTO `sys_oper_log` VALUES (312, '课程安排', 3, 'com.ruoyi.web.controller.DepSys.CourseSchedulesController.remove()', 'DELETE', 1, 'admin', '研发部门', '/DepSysSchedules/DepSysSchedules/1', '127.0.0.1', '内网IP', '{}', '{\"msg\":\"操作失败\",\"code\":500}', 0, NULL, '2024-06-16 12:11:03', 4);
INSERT INTO `sys_oper_log` VALUES (313, '课程安排', 3, 'com.ruoyi.web.controller.DepSys.CourseSchedulesController.remove()', 'DELETE', 1, 'admin', '研发部门', '/DepSysSchedules/DepSysSchedules/1', '127.0.0.1', '内网IP', '{}', '{\"msg\":\"操作失败\",\"code\":500}', 0, NULL, '2024-06-16 12:11:28', 3);
INSERT INTO `sys_oper_log` VALUES (314, '课程安排', 3, 'com.ruoyi.web.controller.DepSys.CourseSchedulesController.remove()', 'DELETE', 1, 'admin', '研发部门', '/DepSysSchedules/DepSysSchedules/9', '127.0.0.1', '内网IP', '{}', '{\"msg\":\"操作成功\",\"code\":200}', 0, NULL, '2024-06-16 12:11:32', 5);
INSERT INTO `sys_oper_log` VALUES (315, '课程安排', 1, 'com.ruoyi.web.controller.DepSys.CourseSchedulesController.add()', 'POST', 1, 'admin', '研发部门', '/DepSysSchedules/DepSysSchedules', '127.0.0.1', '内网IP', '{\"courseId\":11,\"empId\":15,\"endTime\":\"2024-06-14\",\"params\":{},\"startTime\":\"2024-06-04\"}', '{\"msg\":\"操作成功\",\"code\":200}', 0, NULL, '2024-06-16 12:11:41', 13);
INSERT INTO `sys_oper_log` VALUES (316, '新增选课', 1, 'com.ruoyi.web.controller.DepSys.StudentsCourseController.add()', 'POST', 1, 'admin', '研发部门', '/DepSysSchedules/DepSysStudentsCourse', '127.0.0.1', '内网IP', '{\"params\":{}}', NULL, 1, '\r\n### Error updating database.  Cause: java.sql.SQLException: Field \'students_course_id\' doesn\'t have a default value\r\n### The error may exist in com/ruoyi/DepSysStudentsCourse/mapper/StudentsCourseMapper.java (best guess)\r\n### The error may involve com.ruoyi.DepSysStudentsCourse.mapper.StudentsCourseMapper.insert-Inline\r\n### The error occurred while setting parameters\r\n### SQL: insert into students_course (student_id, course_schedules_id) values (?, ?)\r\n### Cause: java.sql.SQLException: Field \'students_course_id\' doesn\'t have a default value\n; Field \'students_course_id\' doesn\'t have a default value; nested exception is java.sql.SQLException: Field \'students_course_id\' doesn\'t have a default value', '2024-06-16 12:18:31', 69);
INSERT INTO `sys_oper_log` VALUES (317, '新增选课', 1, 'com.ruoyi.web.controller.DepSys.StudentsCourseController.add()', 'POST', 1, 'admin', '研发部门', '/DepSysSchedules/DepSysStudentsCourse', '127.0.0.1', '内网IP', '{\"params\":{}}', NULL, 1, '\r\n### Error updating database.  Cause: java.sql.SQLSyntaxErrorException: You have an error in your SQL syntax; check the manual that corresponds to your MySQL server version for the right syntax to use near \'\' at line 1\r\n### The error may exist in file [D:\\代码\\web管理系统\\teaching-java\\manager\\target\\classes\\mapper\\DepSysStudentsCourse\\StudentsCourseMapper.xml]\r\n### The error may involve com.ruoyi.DepSysStudentsCourse.mapper.StudentsCourseMapper.insert-Inline\r\n### The error occurred while setting parameters\r\n### SQL: insert into students_course\r\n### Cause: java.sql.SQLSyntaxErrorException: You have an error in your SQL syntax; check the manual that corresponds to your MySQL server version for the right syntax to use near \'\' at line 1\n; bad SQL grammar []; nested exception is java.sql.SQLSyntaxErrorException: You have an error in your SQL syntax; check the manual that corresponds to your MySQL server version for the right syntax to use near \'\' at line 1', '2024-06-16 12:21:15', 56);
INSERT INTO `sys_oper_log` VALUES (318, '新增选课', 1, 'com.ruoyi.web.controller.DepSys.StudentsCourseController.add()', 'POST', 1, 'admin', '研发部门', '/DepSysSchedules/DepSysStudentsCourse', '127.0.0.1', '内网IP', '{\"params\":{}}', NULL, 1, '\r\n### Error updating database.  Cause: java.sql.SQLSyntaxErrorException: You have an error in your SQL syntax; check the manual that corresponds to your MySQL server version for the right syntax to use near \'\' at line 1\r\n### The error may exist in file [D:\\代码\\web管理系统\\teaching-java\\manager\\target\\classes\\mapper\\DepSysStudentsCourse\\StudentsCourseMapper.xml]\r\n### The error may involve com.ruoyi.DepSysStudentsCourse.mapper.StudentsCourseMapper.insert-Inline\r\n### The error occurred while setting parameters\r\n### SQL: insert into students_course\r\n### Cause: java.sql.SQLSyntaxErrorException: You have an error in your SQL syntax; check the manual that corresponds to your MySQL server version for the right syntax to use near \'\' at line 1\n; bad SQL grammar []; nested exception is java.sql.SQLSyntaxErrorException: You have an error in your SQL syntax; check the manual that corresponds to your MySQL server version for the right syntax to use near \'\' at line 1', '2024-06-16 12:21:51', 35);
INSERT INTO `sys_oper_log` VALUES (319, '新增选课', 1, 'com.ruoyi.web.controller.DepSys.StudentsCourseController.add()', 'POST', 1, 'admin', '研发部门', '/DepSysSchedules/DepSysStudentsCourse', '127.0.0.1', '内网IP', '{\"params\":{}}', NULL, 1, '\r\n### Error updating database.  Cause: java.sql.SQLSyntaxErrorException: You have an error in your SQL syntax; check the manual that corresponds to your MySQL server version for the right syntax to use near \'\' at line 1\r\n### The error may exist in file [D:\\代码\\web管理系统\\teaching-java\\manager\\target\\classes\\mapper\\DepSysStudentsCourse\\StudentsCourseMapper.xml]\r\n### The error may involve com.ruoyi.DepSysStudentsCourse.mapper.StudentsCourseMapper.insert-Inline\r\n### The error occurred while setting parameters\r\n### SQL: insert into students_course\r\n### Cause: java.sql.SQLSyntaxErrorException: You have an error in your SQL syntax; check the manual that corresponds to your MySQL server version for the right syntax to use near \'\' at line 1\n; bad SQL grammar []; nested exception is java.sql.SQLSyntaxErrorException: You have an error in your SQL syntax; check the manual that corresponds to your MySQL server version for the right syntax to use near \'\' at line 1', '2024-06-16 12:23:04', 61);
INSERT INTO `sys_oper_log` VALUES (320, '新增选课', 1, 'com.ruoyi.web.controller.DepSys.StudentsCourseController.add()', 'POST', 1, 'admin', '研发部门', '/DepSysSchedules/DepSysStudentsCourse', '127.0.0.1', '内网IP', '{\"params\":{}}', NULL, 1, '\r\n### Error updating database.  Cause: java.sql.SQLSyntaxErrorException: You have an error in your SQL syntax; check the manual that corresponds to your MySQL server version for the right syntax to use near \'\' at line 1\r\n### The error may exist in file [D:\\代码\\web管理系统\\teaching-java\\manager\\target\\classes\\mapper\\DepSysStudentsCourse\\StudentsCourseMapper.xml]\r\n### The error may involve com.ruoyi.DepSysStudentsCourse.mapper.StudentsCourseMapper.insert-Inline\r\n### The error occurred while setting parameters\r\n### SQL: insert into students_course\r\n### Cause: java.sql.SQLSyntaxErrorException: You have an error in your SQL syntax; check the manual that corresponds to your MySQL server version for the right syntax to use near \'\' at line 1\n; bad SQL grammar []; nested exception is java.sql.SQLSyntaxErrorException: You have an error in your SQL syntax; check the manual that corresponds to your MySQL server version for the right syntax to use near \'\' at line 1', '2024-06-16 12:24:07', 33);
INSERT INTO `sys_oper_log` VALUES (321, '新增选课', 1, 'com.ruoyi.web.controller.DepSys.StudentsCourseController.add()', 'POST', 1, 'admin', '研发部门', '/DepSysSchedules/DepSysStudentsCourse', '127.0.0.1', '内网IP', '{\"params\":{}}', NULL, 1, '\r\n### Error updating database.  Cause: java.sql.SQLIntegrityConstraintViolationException: Column \'students_course_id\' cannot be null\r\n### The error may exist in file [D:\\代码\\web管理系统\\teaching-java\\manager\\target\\classes\\mapper\\DepSysStudentsCourse\\StudentsCourseMapper.xml]\r\n### The error may involve com.ruoyi.DepSysStudentsCourse.mapper.StudentsCourseMapper.insert-Inline\r\n### The error occurred while setting parameters\r\n### SQL: insert into students_course (students_course_id, course_schedules_id, student_id)         values (?, ?, ?)\r\n### Cause: java.sql.SQLIntegrityConstraintViolationException: Column \'students_course_id\' cannot be null\n; Column \'students_course_id\' cannot be null; nested exception is java.sql.SQLIntegrityConstraintViolationException: Column \'students_course_id\' cannot be null', '2024-06-16 12:25:04', 39);
INSERT INTO `sys_oper_log` VALUES (322, '新增选课', 1, 'com.ruoyi.web.controller.DepSys.StudentsCourseController.add()', 'POST', 1, 'admin', '研发部门', '/DepSysSchedules/DepSysStudentsCourse', '127.0.0.1', '内网IP', '{\"params\":{}}', NULL, 1, '\r\n### Error updating database.  Cause: java.sql.SQLException: Field \'students_course_id\' doesn\'t have a default value\r\n### The error may exist in file [D:\\代码\\web管理系统\\teaching-java\\manager\\target\\classes\\mapper\\DepSysStudentsCourse\\StudentsCourseMapper.xml]\r\n### The error may involve com.ruoyi.DepSysStudentsCourse.mapper.StudentsCourseMapper.insert-Inline\r\n### The error occurred while setting parameters\r\n### SQL: insert into students_course (course_schedules_id, student_id)         values (?, ?)\r\n### Cause: java.sql.SQLException: Field \'students_course_id\' doesn\'t have a default value\n; Field \'students_course_id\' doesn\'t have a default value; nested exception is java.sql.SQLException: Field \'students_course_id\' doesn\'t have a default value', '2024-06-16 12:26:09', 44);
INSERT INTO `sys_oper_log` VALUES (323, '新增选课', 1, 'com.ruoyi.web.controller.DepSys.StudentsCourseController.add()', 'POST', 1, 'admin', '研发部门', '/DepSysSchedules/DepSysStudentsCourse', '127.0.0.1', '内网IP', '{\"params\":{}}', NULL, 1, '\r\n### Error updating database.  Cause: java.sql.SQLException: Field \'students_course_id\' doesn\'t have a default value\r\n### The error may exist in file [D:\\代码\\web管理系统\\teaching-java\\manager\\target\\classes\\mapper\\DepSysStudentsCourse\\StudentsCourseMapper.xml]\r\n### The error may involve com.ruoyi.DepSysStudentsCourse.mapper.StudentsCourseMapper.insert-Inline\r\n### The error occurred while setting parameters\r\n### SQL: insert into students_course (course_schedules_id, student_id) values (?, ?)\r\n### Cause: java.sql.SQLException: Field \'students_course_id\' doesn\'t have a default value\n; Field \'students_course_id\' doesn\'t have a default value; nested exception is java.sql.SQLException: Field \'students_course_id\' doesn\'t have a default value', '2024-06-16 12:27:57', 37);
INSERT INTO `sys_oper_log` VALUES (324, '新增选课', 1, 'com.ruoyi.web.controller.DepSys.StudentsCourseController.add()', 'POST', 1, 'admin', '研发部门', '/DepSysSchedules/DepSysStudentsCourse', '127.0.0.1', '内网IP', '{\"params\":{}}', NULL, 1, '\r\n### Error updating database.  Cause: java.sql.SQLException: Field \'students_course_id\' doesn\'t have a default value\r\n### The error may exist in file [D:\\代码\\web管理系统\\teaching-java\\manager\\target\\classes\\mapper\\DepSysStudentsCourse\\StudentsCourseMapper.xml]\r\n### The error may involve com.ruoyi.DepSysStudentsCourse.mapper.StudentsCourseMapper.insert-Inline\r\n### The error occurred while setting parameters\r\n### SQL: insert into students_course (schedule_id, student_id) values (?, ?)\r\n### Cause: java.sql.SQLException: Field \'students_course_id\' doesn\'t have a default value\n; Field \'students_course_id\' doesn\'t have a default value; nested exception is java.sql.SQLException: Field \'students_course_id\' doesn\'t have a default value', '2024-06-16 12:31:56', 37);
INSERT INTO `sys_oper_log` VALUES (325, '课程安排', 2, 'com.ruoyi.web.controller.DepSys.CourseSchedulesController.edit()', 'PUT', 1, 'admin', '研发部门', '/DepSysSchedules/DepSysSchedules', '127.0.0.1', '内网IP', '{\"courseId\":2,\"createTime\":\"2024-06-16 12:03:17\",\"empId\":4,\"endTime\":\"2024-06-05\",\"params\":{},\"scheduleId\":10,\"startTime\":\"2024-06-03\",\"status\":0}', NULL, 1, '课程已开始，不允许修改', '2024-06-16 12:32:08', 8);
INSERT INTO `sys_oper_log` VALUES (326, '课程安排', 2, 'com.ruoyi.web.controller.DepSys.CourseSchedulesController.edit()', 'PUT', 1, 'admin', '研发部门', '/DepSysSchedules/DepSysSchedules', '127.0.0.1', '内网IP', '{\"courseId\":1,\"createTime\":\"2024-06-16 12:11:41\",\"empId\":15,\"endTime\":\"2024-06-14\",\"params\":{},\"scheduleId\":11,\"startTime\":\"2024-06-27\",\"status\":0}', NULL, 1, '课程已开始，不允许修改', '2024-06-16 12:32:15', 4);
INSERT INTO `sys_oper_log` VALUES (327, '新增选课', 1, 'com.ruoyi.web.controller.DepSys.StudentsCourseController.add()', 'POST', 1, 'admin', '研发部门', '/DepSysSchedules/DepSysStudentsCourse', '127.0.0.1', '内网IP', '{\"params\":{}}', NULL, 1, '\r\n### Error updating database.  Cause: java.sql.SQLException: Field \'students_course_id\' doesn\'t have a default value\r\n### The error may exist in file [D:\\代码\\web管理系统\\teaching-java\\manager\\target\\classes\\mapper\\DepSysStudentsCourse\\StudentsCourseMapper.xml]\r\n### The error may involve com.ruoyi.DepSysStudentsCourse.mapper.StudentsCourseMapper.insert-Inline\r\n### The error occurred while setting parameters\r\n### SQL: insert into students_course (schedule_id, student_id) values (?, ?)\r\n### Cause: java.sql.SQLException: Field \'students_course_id\' doesn\'t have a default value\n; Field \'students_course_id\' doesn\'t have a default value; nested exception is java.sql.SQLException: Field \'students_course_id\' doesn\'t have a default value', '2024-06-16 12:32:27', 4);
INSERT INTO `sys_oper_log` VALUES (328, '新增选课', 1, 'com.ruoyi.web.controller.DepSys.StudentsCourseController.add()', 'POST', 1, 'admin', '研发部门', '/DepSysSchedules/DepSysStudentsCourse', '127.0.0.1', '内网IP', '{\"params\":{}}', NULL, 1, '\r\n### Error updating database.  Cause: java.sql.SQLException: Field \'students_course_id\' doesn\'t have a default value\r\n### The error may exist in file [D:\\代码\\web管理系统\\teaching-java\\manager\\target\\classes\\mapper\\DepSysStudentsCourse\\StudentsCourseMapper.xml]\r\n### The error may involve com.ruoyi.DepSysStudentsCourse.mapper.StudentsCourseMapper.insert-Inline\r\n### The error occurred while setting parameters\r\n### SQL: insert into students_course (student_id,schedule_id) values (?, ?)\r\n### Cause: java.sql.SQLException: Field \'students_course_id\' doesn\'t have a default value\n; Field \'students_course_id\' doesn\'t have a default value; nested exception is java.sql.SQLException: Field \'students_course_id\' doesn\'t have a default value', '2024-06-16 12:34:32', 90);
INSERT INTO `sys_oper_log` VALUES (329, '新增选课', 1, 'com.ruoyi.web.controller.DepSys.StudentsCourseController.add()', 'POST', 1, 'admin', '研发部门', '/DepSysSchedules/DepSysStudentsCourse', '127.0.0.1', '内网IP', '{\"params\":{}}', NULL, 1, '\r\n### Error updating database.  Cause: java.sql.SQLException: Field \'students_course_id\' doesn\'t have a default value\r\n### The error may exist in file [D:\\代码\\web管理系统\\teaching-java\\manager\\target\\classes\\mapper\\DepSysStudentsCourse\\StudentsCourseMapper.xml]\r\n### The error may involve com.ruoyi.DepSysStudentsCourse.mapper.StudentsCourseMapper.insert-Inline\r\n### The error occurred while setting parameters\r\n### SQL: insert into students_course (student_id,schedule_id) values (?, ?)\r\n### Cause: java.sql.SQLException: Field \'students_course_id\' doesn\'t have a default value\n; Field \'students_course_id\' doesn\'t have a default value; nested exception is java.sql.SQLException: Field \'students_course_id\' doesn\'t have a default value', '2024-06-16 12:34:38', 4);
INSERT INTO `sys_oper_log` VALUES (330, '新增选课', 1, 'com.ruoyi.web.controller.DepSys.StudentsCourseController.add()', 'POST', 1, 'admin', '研发部门', '/DepSysSchedules/DepSysStudentsCourse', '127.0.0.1', '内网IP', '{\"params\":{}}', NULL, 1, '\r\n### Error updating database.  Cause: java.sql.SQLIntegrityConstraintViolationException: Duplicate entry \'1\' for key \'students_course.PRIMARY\'\r\n### The error may exist in file [D:\\代码\\web管理系统\\teaching-java\\manager\\target\\classes\\mapper\\DepSysStudentsCourse\\StudentsCourseMapper.xml]\r\n### The error may involve com.ruoyi.DepSysStudentsCourse.mapper.StudentsCourseMapper.insert-Inline\r\n### The error occurred while setting parameters\r\n### SQL: insert into students_course (student_id,schedule_id) values (?, ?)\r\n### Cause: java.sql.SQLIntegrityConstraintViolationException: Duplicate entry \'1\' for key \'students_course.PRIMARY\'\n; Duplicate entry \'1\' for key \'students_course.PRIMARY\'; nested exception is java.sql.SQLIntegrityConstraintViolationException: Duplicate entry \'1\' for key \'students_course.PRIMARY\'', '2024-06-16 12:35:06', 4);
INSERT INTO `sys_oper_log` VALUES (331, '新增选课', 1, 'com.ruoyi.web.controller.DepSys.StudentsCourseController.add()', 'POST', 1, 'admin', '研发部门', '/DepSysSchedules/DepSysStudentsCourse', '127.0.0.1', '内网IP', '{\"params\":{},\"studentsCourseId\":2}', '{\"msg\":\"操作成功\",\"code\":200}', 0, NULL, '2024-06-16 12:35:16', 18);
INSERT INTO `sys_oper_log` VALUES (332, '新增选课', 1, 'com.ruoyi.web.controller.DepSys.StudentsCourseController.add()', 'POST', 1, 'admin', '研发部门', '/DepSysSchedules/DepSysStudentsCourse', '127.0.0.1', '内网IP', '{\"params\":{},\"studentsCourseId\":3}', '{\"msg\":\"操作成功\",\"code\":200}', 0, NULL, '2024-06-16 12:35:22', 8);
INSERT INTO `sys_oper_log` VALUES (333, '新增选课', 1, 'com.ruoyi.web.controller.DepSys.StudentsCourseController.add()', 'POST', 1, 'admin', '研发部门', '/DepSysSchedules/DepSysStudentsCourse', '127.0.0.1', '内网IP', '{\"params\":{},\"studentsCourseId\":4}', '{\"msg\":\"操作成功\",\"code\":200}', 0, NULL, '2024-06-16 12:35:37', 8);
INSERT INTO `sys_oper_log` VALUES (334, '新增选课', 1, 'com.ruoyi.web.controller.DepSys.StudentsCourseController.add()', 'POST', 1, 'admin', '研发部门', '/DepSysSchedules/DepSysStudentsCourse', '127.0.0.1', '内网IP', '{\"params\":{},\"studentsCourseId\":5}', '{\"msg\":\"操作成功\",\"code\":200}', 0, NULL, '2024-06-16 12:35:51', 13);
INSERT INTO `sys_oper_log` VALUES (335, '新增选课', 1, 'com.ruoyi.web.controller.DepSys.StudentsCourseController.add()', 'POST', 1, 'admin', '研发部门', '/DepSysSchedules/DepSysStudentsCourse', '127.0.0.1', '内网IP', '{\"params\":{},\"studentsCourseId\":6}', '{\"msg\":\"操作成功\",\"code\":200}', 0, NULL, '2024-06-16 12:35:56', 5);
INSERT INTO `sys_oper_log` VALUES (336, '新增选课', 1, 'com.ruoyi.web.controller.DepSys.StudentsCourseController.add()', 'POST', 1, 'admin', '研发部门', '/DepSysSchedules/DepSysStudentsCourse', '127.0.0.1', '内网IP', '{\"params\":{},\"studentsCourseId\":7}', '{\"msg\":\"操作成功\",\"code\":200}', 0, NULL, '2024-06-16 12:36:51', 4);
INSERT INTO `sys_oper_log` VALUES (337, '新增选课', 1, 'com.ruoyi.web.controller.DepSys.StudentsCourseController.add()', 'POST', 1, 'admin', '研发部门', '/DepSysSchedules/DepSysStudentsCourse', '127.0.0.1', '内网IP', '{\"params\":{},\"scheduleId\":10,\"studentsCourseId\":8}', '{\"msg\":\"操作成功\",\"code\":200}', 0, NULL, '2024-06-16 12:37:25', 12);
INSERT INTO `sys_oper_log` VALUES (338, '新增选课', 1, 'com.ruoyi.web.controller.DepSys.StudentsCourseController.add()', 'POST', 1, 'admin', '研发部门', '/DepSysSchedules/DepSysStudentsCourse', '127.0.0.1', '内网IP', '{\"params\":{},\"scheduleId\":10,\"studentsCourseId\":9}', '{\"msg\":\"操作成功\",\"code\":200}', 0, NULL, '2024-06-16 12:37:56', 2);
INSERT INTO `sys_oper_log` VALUES (339, '删除选课', 3, 'com.ruoyi.web.controller.DepSys.StudentsCourseController.remove()', 'DELETE', 1, 'admin', '研发部门', '/DepSysSchedules/DepSysStudentsCourse/,', '127.0.0.1', '内网IP', '{}', NULL, 1, 'nested exception is org.apache.ibatis.binding.BindingException: Parameter \'ids\' not found. Available parameters are [array, arg0]', '2024-06-16 12:44:13', 9);
INSERT INTO `sys_oper_log` VALUES (340, '删除选课', 3, 'com.ruoyi.web.controller.DepSys.StudentsCourseController.remove()', 'DELETE', 1, 'admin', '研发部门', '/DepSysSchedules/DepSysStudentsCourse/8,7', '127.0.0.1', '内网IP', '{}', NULL, 1, 'nested exception is org.apache.ibatis.binding.BindingException: Parameter \'ids\' not found. Available parameters are [array, arg0]', '2024-06-16 12:44:57', 1);
INSERT INTO `sys_oper_log` VALUES (341, '删除选课', 3, 'com.ruoyi.web.controller.DepSys.StudentsCourseController.remove()', 'DELETE', 1, 'admin', '研发部门', '/DepSysSchedules/DepSysStudentsCourse/8,7', '127.0.0.1', '内网IP', '{}', '{\"msg\":\"操作成功\",\"code\":200}', 0, NULL, '2024-06-16 12:46:20', 20);
INSERT INTO `sys_oper_log` VALUES (342, '删除选课', 3, 'com.ruoyi.web.controller.DepSys.StudentsCourseController.remove()', 'DELETE', 1, 'admin', '研发部门', '/DepSysSchedules/DepSysStudentsCourse/1', '127.0.0.1', '内网IP', '{}', '{\"msg\":\"操作成功\",\"code\":200}', 0, NULL, '2024-06-16 12:46:23', 6);
INSERT INTO `sys_oper_log` VALUES (343, '退课', 3, 'com.ruoyi.web.controller.DepSys.StudentsCourseController.quit()', 'DELETE', 1, 'admin', '研发部门', '/DepSysSchedules/DepSysStudentsCourse/quit/9', '127.0.0.1', '内网IP', '{}', '{\"msg\":\"操作成功\",\"code\":200}', 0, NULL, '2024-06-16 12:54:43', 11);
INSERT INTO `sys_oper_log` VALUES (344, '新增选课', 1, 'com.ruoyi.web.controller.DepSys.StudentsCourseController.add()', 'POST', 1, 'admin', '研发部门', '/DepSysSchedules/DepSysStudentsCourse', '127.0.0.1', '内网IP', '{\"params\":{},\"scheduleId\":11,\"studentsCourseId\":10}', '{\"msg\":\"操作成功\",\"code\":200}', 0, NULL, '2024-06-16 12:55:39', 12);
INSERT INTO `sys_oper_log` VALUES (345, '退课', 3, 'com.ruoyi.web.controller.DepSys.StudentsCourseController.quit()', 'DELETE', 1, 'admin', '研发部门', '/DepSysSchedules/DepSysStudentsCourse/quit/10', '127.0.0.1', '内网IP', '{}', '{\"msg\":\"操作成功\",\"code\":200}', 0, NULL, '2024-06-16 13:06:35', 8);
INSERT INTO `sys_oper_log` VALUES (346, '课程评分', 2, 'com.ruoyi.web.controller.DepSys.StudentsCourseController.score()', 'POST', 1, 'admin', '研发部门', '/DepSysSchedules/DepSysStudentsCourse/score', '127.0.0.1', '内网IP', '{\"comment\":\"2121\",\"params\":{},\"score\":3,\"studentsCourseId\":10}', '{\"msg\":\"操作成功\",\"code\":200}', 0, NULL, '2024-06-16 13:34:27', 13);
INSERT INTO `sys_oper_log` VALUES (347, '课程评分', 2, 'com.ruoyi.web.controller.DepSys.StudentsCourseController.score()', 'POST', 1, 'admin', '研发部门', '/DepSysSchedules/DepSysStudentsCourse/score', '127.0.0.1', '内网IP', '{\"comment\":\"2121\",\"params\":{},\"score\":5,\"studentsCourseId\":9}', '{\"msg\":\"操作成功\",\"code\":200}', 0, NULL, '2024-06-16 13:35:55', 5);
INSERT INTO `sys_oper_log` VALUES (348, '新增选课', 1, 'com.ruoyi.web.controller.DepSys.StudentsCourseController.add()', 'POST', 1, 'admin', '研发部门', '/DepSysSchedules/DepSysStudentsCourse', '127.0.0.1', '内网IP', '{\"params\":{},\"scheduleId\":10,\"studentsCourseId\":11}', '{\"msg\":\"操作成功\",\"code\":200}', 0, NULL, '2024-06-16 13:41:00', 4);
INSERT INTO `sys_oper_log` VALUES (349, '退课', 3, 'com.ruoyi.web.controller.DepSys.StudentsCourseController.quit()', 'DELETE', 1, 'admin', '研发部门', '/DepSysSchedules/DepSysStudentsCourse/quit/11', '127.0.0.1', '内网IP', '{}', '{\"msg\":\"操作成功\",\"code\":200}', 0, NULL, '2024-06-16 13:43:44', 3);
INSERT INTO `sys_oper_log` VALUES (350, '删除选课', 3, 'com.ruoyi.web.controller.DepSys.StudentsCourseController.remove()', 'DELETE', 1, 'admin', '研发部门', '/DepSysSchedules/DepSysStudentsCourse/11', '127.0.0.1', '内网IP', '{}', '{\"msg\":\"操作成功\",\"code\":200}', 0, NULL, '2024-06-16 13:43:47', 5);
INSERT INTO `sys_oper_log` VALUES (351, '课程安排', 1, 'com.ruoyi.web.controller.DepSys.CourseSchedulesController.add()', 'POST', 1, 'admin', '研发部门', '/DepSysSchedules/DepSysSchedules', '127.0.0.1', '内网IP', '{\"courseId\":12,\"empId\":16,\"endTime\":\"2024-06-18\",\"params\":{},\"startTime\":\"2024-06-16\"}', '{\"msg\":\"操作成功\",\"code\":200}', 0, NULL, '2024-06-16 13:56:16', 30);
INSERT INTO `sys_oper_log` VALUES (352, '新增选课', 1, 'com.ruoyi.web.controller.DepSys.StudentsCourseController.add()', 'POST', 1, 'admin', '研发部门', '/DepSysSchedules/DepSysStudentsCourse', '127.0.0.1', '内网IP', '{\"params\":{},\"scheduleId\":12,\"studentsCourseId\":12}', '{\"msg\":\"操作成功\",\"code\":200}', 0, NULL, '2024-06-16 13:56:23', 11);
INSERT INTO `sys_oper_log` VALUES (353, '新增选课', 1, 'com.ruoyi.web.controller.DepSys.StudentsCourseController.add()', 'POST', 1, 'admin', '研发部门', '/DepSysSchedules/DepSysStudentsCourse', '127.0.0.1', '内网IP', '{\"params\":{},\"scheduleId\":12,\"studentsCourseId\":13}', '{\"msg\":\"操作成功\",\"code\":200}', 0, NULL, '2024-06-16 15:54:50', 5);
INSERT INTO `sys_oper_log` VALUES (354, '退课', 3, 'com.ruoyi.web.controller.DepSys.StudentsCourseController.quit()', 'DELETE', 1, 'admin', '研发部门', '/DepSysSchedules/DepSysStudentsCourse/quit/13', '127.0.0.1', '内网IP', '{}', '{\"msg\":\"操作成功\",\"code\":200}', 0, NULL, '2024-06-16 15:55:24', 3);
INSERT INTO `sys_oper_log` VALUES (355, '课程安排', 1, 'com.ruoyi.web.controller.DepSys.CourseSchedulesController.add()', 'POST', 1, 'admin', '研发部门', '/DepSysSchedules/DepSysSchedules', '127.0.0.1', '内网IP', '{\"courseId\":13,\"empId\":14,\"endTime\":\"2024-06-16\",\"params\":{},\"startTime\":\"2024-06-15\"}', '{\"msg\":\"操作成功\",\"code\":200}', 0, NULL, '2024-06-16 15:56:33', 5);
INSERT INTO `sys_oper_log` VALUES (356, '新增选课', 1, 'com.ruoyi.web.controller.DepSys.StudentsCourseController.add()', 'POST', 1, 'admin', '研发部门', '/DepSysSchedules/DepSysStudentsCourse', '127.0.0.1', '内网IP', '{\"params\":{},\"scheduleId\":13,\"studentsCourseId\":14}', '{\"msg\":\"操作成功\",\"code\":200}', 0, NULL, '2024-06-16 15:56:56', 4);
INSERT INTO `sys_oper_log` VALUES (357, '课程评分', 2, 'com.ruoyi.web.controller.DepSys.StudentsCourseController.score()', 'POST', 1, 'admin', '研发部门', '/DepSysSchedules/DepSysStudentsCourse/score', '127.0.0.1', '内网IP', '{\"comment\":\"21212\",\"params\":{},\"score\":5,\"studentsCourseId\":14}', '{\"msg\":\"操作成功\",\"code\":200}', 0, NULL, '2024-06-16 15:57:10', 5);
INSERT INTO `sys_oper_log` VALUES (358, '课程表', 1, 'com.ruoyi.web.controller.DepSys.CoursesController.add()', 'POST', 1, 'admin', '研发部门', '/DepSysCourses/courses', '127.0.0.1', '内网IP', '{\"courseName\":\"计算机图形学\",\"params\":{}}', NULL, 1, 'nested exception is org.apache.ibatis.executor.ExecutorException: Error getting generated key or setting result to parameter object. Cause: org.apache.ibatis.executor.ExecutorException: No setter found for the keyProperty \'id\' in \'com.ruoyi.DepSysCourses.domain.Courses\'.', '2024-06-16 15:58:50', 13);
INSERT INTO `sys_oper_log` VALUES (359, '课程表', 1, 'com.ruoyi.web.controller.DepSys.CoursesController.add()', 'POST', 1, 'admin', '研发部门', '/DepSysCourses/courses', '127.0.0.1', '内网IP', '{\"courseName\":\"计算机图形学\",\"params\":{}}', NULL, 1, 'nested exception is org.apache.ibatis.executor.ExecutorException: Error getting generated key or setting result to parameter object. Cause: org.apache.ibatis.executor.ExecutorException: No setter found for the keyProperty \'id\' in \'com.ruoyi.DepSysCourses.domain.Courses\'.', '2024-06-16 15:59:00', 11);
INSERT INTO `sys_oper_log` VALUES (360, '课程表', 1, 'com.ruoyi.web.controller.DepSys.CoursesController.add()', 'POST', 1, 'admin', '研发部门', '/DepSysCourses/courses', '127.0.0.1', '内网IP', '{\"courseName\":\"212\",\"description\":\"212\",\"duration\":212,\"params\":{}}', NULL, 1, 'nested exception is org.apache.ibatis.executor.ExecutorException: Error getting generated key or setting result to parameter object. Cause: org.apache.ibatis.executor.ExecutorException: No setter found for the keyProperty \'id\' in \'com.ruoyi.DepSysCourses.domain.Courses\'.', '2024-06-16 16:00:16', 5);
INSERT INTO `sys_oper_log` VALUES (361, '课程表', 1, 'com.ruoyi.web.controller.DepSys.CoursesController.add()', 'POST', 1, 'admin', '研发部门', '/DepSysCourses/courses', '127.0.0.1', '内网IP', '{\"courseId\":6,\"courseName\":\"212\",\"description\":\"212\",\"duration\":212,\"params\":{}}', '{\"msg\":\"操作成功\",\"code\":200}', 0, NULL, '2024-06-16 16:00:45', 19);
INSERT INTO `sys_oper_log` VALUES (362, '课程表', 3, 'com.ruoyi.web.controller.DepSys.CoursesController.remove()', 'DELETE', 1, 'admin', '研发部门', '/DepSysCourses/courses/5', '127.0.0.1', '内网IP', '{}', '{\"msg\":\"操作成功\",\"code\":200}', 0, NULL, '2024-06-16 16:01:33', 9);
INSERT INTO `sys_oper_log` VALUES (363, '课程表', 3, 'com.ruoyi.web.controller.DepSys.CoursesController.remove()', 'DELETE', 1, 'admin', '研发部门', '/DepSysCourses/courses/4', '127.0.0.1', '内网IP', '{}', '{\"msg\":\"操作成功\",\"code\":200}', 0, NULL, '2024-06-16 16:01:35', 6);
INSERT INTO `sys_oper_log` VALUES (364, '课程表', 3, 'com.ruoyi.web.controller.DepSys.CoursesController.remove()', 'DELETE', 1, 'admin', '研发部门', '/DepSysCourses/courses/6', '127.0.0.1', '内网IP', '{}', '{\"msg\":\"操作成功\",\"code\":200}', 0, NULL, '2024-06-16 16:01:37', 4);
INSERT INTO `sys_oper_log` VALUES (365, '课程安排', 1, 'com.ruoyi.web.controller.DepSys.CourseSchedulesController.add()', 'POST', 1, 'admin', '研发部门', '/DepSysSchedules/DepSysSchedules', '127.0.0.1', '内网IP', '{\"courseId\":3,\"empId\":14,\"endTime\":\"2024-06-06\",\"params\":{},\"startTime\":\"2024-06-11\"}', NULL, 1, '结束时间不能小于开始时间', '2024-06-16 16:02:16', 4);
INSERT INTO `sys_oper_log` VALUES (366, '课程安排', 1, 'com.ruoyi.web.controller.DepSys.CourseSchedulesController.add()', 'POST', 1, 'admin', '研发部门', '/DepSysSchedules/DepSysSchedules', '127.0.0.1', '内网IP', '{\"courseId\":14,\"empId\":14,\"endTime\":\"2024-06-15\",\"params\":{},\"startTime\":\"2024-06-11\"}', '{\"msg\":\"操作成功\",\"code\":200}', 0, NULL, '2024-06-16 16:02:28', 10);
INSERT INTO `sys_oper_log` VALUES (367, '课程安排', 1, 'com.ruoyi.web.controller.DepSys.CourseSchedulesController.add()', 'POST', 1, 'admin', '研发部门', '/DepSysSchedules/DepSysSchedules', '127.0.0.1', '内网IP', '{\"courseId\":15,\"empId\":5,\"endTime\":\"2024-06-17\",\"params\":{},\"startTime\":\"2024-06-16\"}', '{\"msg\":\"操作成功\",\"code\":200}', 0, NULL, '2024-06-16 16:02:55', 4);
INSERT INTO `sys_oper_log` VALUES (368, '新增选课', 1, 'com.ruoyi.web.controller.DepSys.StudentsCourseController.add()', 'POST', 1, 'admin', '研发部门', '/DepSysSchedules/DepSysStudentsCourse', '127.0.0.1', '内网IP', '{\"params\":{},\"scheduleId\":15,\"studentsCourseId\":15}', '{\"msg\":\"操作成功\",\"code\":200}', 0, NULL, '2024-06-16 16:03:02', 9);
INSERT INTO `sys_oper_log` VALUES (369, '删除选课', 3, 'com.ruoyi.web.controller.DepSys.StudentsCourseController.remove()', 'DELETE', 1, 'admin', '研发部门', '/DepSysSchedules/DepSysStudentsCourse/13', '127.0.0.1', '内网IP', '{}', '{\"msg\":\"操作成功\",\"code\":200}', 0, NULL, '2024-06-16 16:03:23', 4);
INSERT INTO `sys_oper_log` VALUES (370, '课程安排', 2, 'com.ruoyi.web.controller.DepSys.CourseSchedulesController.edit()', 'PUT', 1, 'admin', '研发部门', '/DepSysSchedules/DepSysSchedules', '127.0.0.1', '内网IP', '{\"courseId\":3,\"createTime\":\"2024-06-16 16:02:55\",\"empId\":5,\"endTime\":\"2024-06-15\",\"params\":{},\"scheduleId\":15,\"startTime\":\"2024-06-12\",\"status\":0}', NULL, 1, '课程已开始，不允许修改', '2024-06-16 16:05:22', 5);
INSERT INTO `sys_oper_log` VALUES (371, '课程表', 1, 'com.ruoyi.web.controller.DepSys.CoursesController.add()', 'POST', 1, 'admin', '研发部门', '/DepSysCourses/courses', '127.0.0.1', '内网IP', '{\"courseId\":7,\"courseName\":\"软件工程导论\",\"params\":{}}', '{\"msg\":\"操作成功\",\"code\":200}', 0, NULL, '2024-06-16 16:06:40', 8);
INSERT INTO `sys_oper_log` VALUES (372, '课程安排', 1, 'com.ruoyi.web.controller.DepSys.CourseSchedulesController.add()', 'POST', 1, 'admin', '研发部门', '/DepSysSchedules/DepSysSchedules', '127.0.0.1', '内网IP', '{\"courseId\":16,\"empId\":8,\"endTime\":\"2024-06-07\",\"params\":{},\"startTime\":\"2024-06-06\"}', '{\"msg\":\"操作成功\",\"code\":200}', 0, NULL, '2024-06-16 16:08:02', 8);
INSERT INTO `sys_oper_log` VALUES (373, '课程安排', 1, 'com.ruoyi.web.controller.DepSys.CourseSchedulesController.add()', 'POST', 1, 'admin', '研发部门', '/DepSysSchedules/DepSysSchedules', '127.0.0.1', '内网IP', '{\"courseId\":17,\"empId\":3,\"endTime\":\"2024-06-15\",\"params\":{},\"startTime\":\"2024-06-14\"}', '{\"msg\":\"操作成功\",\"code\":200}', 0, NULL, '2024-06-16 16:16:20', 4);
INSERT INTO `sys_oper_log` VALUES (374, '新增选课', 1, 'com.ruoyi.web.controller.DepSys.StudentsCourseController.add()', 'POST', 1, 'admin', '研发部门', '/DepSysSchedules/DepSysStudentsCourse', '127.0.0.1', '内网IP', '{\"params\":{},\"scheduleId\":17,\"studentsCourseId\":16}', '{\"msg\":\"操作成功\",\"code\":200}', 0, NULL, '2024-06-16 16:16:33', 5);
INSERT INTO `sys_oper_log` VALUES (375, '课程安排', 1, 'com.ruoyi.web.controller.DepSys.CourseSchedulesController.add()', 'POST', 1, 'admin', '研发部门', '/DepSysSchedules/DepSysSchedules', '127.0.0.1', '内网IP', '{\"courseId\":18,\"empId\":2,\"endTime\":\"2024-06-17\",\"params\":{},\"startTime\":\"2024-06-16\"}', '{\"msg\":\"操作成功\",\"code\":200}', 0, NULL, '2024-06-16 16:22:14', 6);
INSERT INTO `sys_oper_log` VALUES (376, '新增选课', 1, 'com.ruoyi.web.controller.DepSys.StudentsCourseController.add()', 'POST', 1, 'admin', '研发部门', '/DepSysSchedules/DepSysStudentsCourse', '127.0.0.1', '内网IP', '{\"params\":{},\"scheduleId\":18,\"studentsCourseId\":17}', '{\"msg\":\"操作成功\",\"code\":200}', 0, NULL, '2024-06-16 16:22:26', 6);
INSERT INTO `sys_oper_log` VALUES (377, '课程安排', 1, 'com.ruoyi.web.controller.DepSys.CourseSchedulesController.add()', 'POST', 1, 'admin', '研发部门', '/DepSysSchedules/DepSysSchedules', '127.0.0.1', '内网IP', '{\"courseId\":19,\"empId\":4,\"endTime\":\"2024-06-07\",\"params\":{},\"startTime\":\"2024-06-06\"}', '{\"msg\":\"操作成功\",\"code\":200}', 0, NULL, '2024-06-16 16:27:03', 31);
INSERT INTO `sys_oper_log` VALUES (378, '新增选课', 1, 'com.ruoyi.web.controller.DepSys.StudentsCourseController.add()', 'POST', 1, 'admin', '研发部门', '/DepSysSchedules/DepSysStudentsCourse', '127.0.0.1', '内网IP', '{\"params\":{},\"scheduleId\":19,\"studentsCourseId\":18}', '{\"msg\":\"操作成功\",\"code\":200}', 0, NULL, '2024-06-16 16:27:25', 15);
INSERT INTO `sys_oper_log` VALUES (379, '课程评分', 2, 'com.ruoyi.web.controller.DepSys.StudentsCourseController.score()', 'POST', 1, 'admin', '研发部门', '/DepSysSchedules/DepSysStudentsCourse/score', '127.0.0.1', '内网IP', '{\"params\":{},\"score\":5,\"studentsCourseId\":18}', '{\"msg\":\"操作成功\",\"code\":200}', 0, NULL, '2024-06-16 16:28:59', 10);
INSERT INTO `sys_oper_log` VALUES (380, '员工管理', 2, 'com.ruoyi.web.controller.DepSys.EmpController.edit()', 'PUT', 1, 'admin', '研发部门', '/DepSysEmp/emp', '127.0.0.1', '内网IP', '{\"createTime\":\"2024-06-16 02:15:55\",\"deptId\":4,\"entrydate\":\"2024-06-25\",\"gender\":1,\"id\":19,\"image\":\"/profile/upload/2024/06/16/fbe961a6d9f946479ff2fb34cce8309a~noop_20240616021550A001.jpg,/profile/upload/2024/06/16/fbe961a6d9f946479ff2fb34cce8309a~noop_20240616022347A001.jpg\",\"job\":3,\"name\":\"212\",\"params\":{},\"updateTime\":\"2024-06-16 16:29:45\",\"username\":\"212\"}', '{\"msg\":\"操作成功\",\"code\":200}', 0, NULL, '2024-06-16 16:29:45', 19);
INSERT INTO `sys_oper_log` VALUES (381, '部门信息', 1, 'com.ruoyi.web.controller.DepSys.DepartmentsController.add()', 'POST', 1, 'admin', '研发部门', '/DepSysDepartments/departments', '127.0.0.1', '内网IP', '{\"id\":6,\"name\":\"部门1\",\"params\":{}}', '{\"msg\":\"操作成功\",\"code\":200}', 0, NULL, '2024-06-16 16:30:10', 12);
INSERT INTO `sys_oper_log` VALUES (382, '员工管理', 2, 'com.ruoyi.web.controller.DepSys.EmpController.edit()', 'PUT', 1, 'admin', '研发部门', '/DepSysEmp/emp', '127.0.0.1', '内网IP', '{\"createTime\":\"2024-06-16 02:15:55\",\"deptId\":6,\"entrydate\":\"2024-06-25\",\"gender\":1,\"id\":19,\"image\":\"/profile/upload/2024/06/16/fbe961a6d9f946479ff2fb34cce8309a~noop_20240616021550A001.jpg,/profile/upload/2024/06/16/fbe961a6d9f946479ff2fb34cce8309a~noop_20240616022347A001.jpg\",\"job\":3,\"name\":\"212\",\"params\":{},\"updateTime\":\"2024-06-16 16:30:23\",\"username\":\"212\"}', '{\"msg\":\"操作成功\",\"code\":200}', 0, NULL, '2024-06-16 16:30:23', 6);
INSERT INTO `sys_oper_log` VALUES (383, '课程表', 2, 'com.ruoyi.web.controller.DepSys.CoursesController.edit()', 'PUT', 1, 'admin', '研发部门', '/DepSysCourses/courses', '127.0.0.1', '内网IP', '{\"courseId\":1,\"courseName\":\"计算机科学导论\",\"createTime\":\"2024-05-14 02:06:49\",\"description\":\"计算机科学的入门课程2\",\"duration\":30,\"params\":{}}', '{\"msg\":\"操作成功\",\"code\":200}', 0, NULL, '2024-06-16 16:31:47', 12);
INSERT INTO `sys_oper_log` VALUES (384, '课程表', 2, 'com.ruoyi.web.controller.DepSys.CoursesController.edit()', 'PUT', 1, 'admin', '研发部门', '/DepSysCourses/courses', '127.0.0.1', '内网IP', '{\"courseId\":7,\"courseName\":\"软件工程导论\",\"createTime\":\"2024-06-16 16:06:40\",\"description\":\"212\",\"params\":{}}', '{\"msg\":\"操作成功\",\"code\":200}', 0, NULL, '2024-06-16 16:32:31', 10);
INSERT INTO `sys_oper_log` VALUES (385, '课程表', 1, 'com.ruoyi.web.controller.DepSys.CoursesController.add()', 'POST', 1, 'admin', '研发部门', '/DepSysCourses/courses', '127.0.0.1', '内网IP', '{\"courseId\":8,\"courseName\":\"1\",\"description\":\"1\",\"params\":{}}', '{\"msg\":\"操作成功\",\"code\":200}', 0, NULL, '2024-06-16 16:32:35', 5);
INSERT INTO `sys_oper_log` VALUES (386, '课程表', 3, 'com.ruoyi.web.controller.DepSys.CoursesController.remove()', 'DELETE', 1, 'admin', '研发部门', '/DepSysCourses/courses/8', '127.0.0.1', '内网IP', '{}', '{\"msg\":\"操作成功\",\"code\":200}', 0, NULL, '2024-06-16 16:32:38', 7);
INSERT INTO `sys_oper_log` VALUES (387, '员工管理', 5, 'com.ruoyi.web.controller.DepSys.EmpController.export()', 'POST', 1, 'admin', '研发部门', '/DepSysEmp/emp/export', '127.0.0.1', '内网IP', '{\"pageSize\":\"10\",\"pageNum\":\"1\"}', NULL, 0, NULL, '2024-06-16 16:34:13', 658);
INSERT INTO `sys_oper_log` VALUES (388, '学员管理', 1, 'com.ruoyi.web.controller.DepSys.StudentsController.add()', 'POST', 1, 'admin', '研发部门', '/DepSysStudents/DepSysStudents', '127.0.0.1', '内网IP', '{\"params\":{},\"studentId\":3,\"studentName\":\"456\"}', '{\"msg\":\"操作成功\",\"code\":200}', 0, NULL, '2024-06-16 16:34:50', 7);
INSERT INTO `sys_oper_log` VALUES (389, '课程表', 1, 'com.ruoyi.web.controller.DepSys.CoursesController.add()', 'POST', 1, 'admin', '研发部门', '/DepSysCourses/courses', '127.0.0.1', '内网IP', '{\"courseId\":9,\"courseName\":\"21\",\"description\":\"212\",\"params\":{}}', '{\"msg\":\"操作成功\",\"code\":200}', 0, NULL, '2024-06-16 16:40:53', 4);
INSERT INTO `sys_oper_log` VALUES (390, '课程表', 1, 'com.ruoyi.web.controller.DepSys.CoursesController.add()', 'POST', 1, 'admin', '研发部门', '/DepSysCourses/courses', '127.0.0.1', '内网IP', '{\"courseId\":10,\"courseName\":\"212ghfdf\",\"description\":\"212\",\"params\":{}}', '{\"msg\":\"操作成功\",\"code\":200}', 0, NULL, '2024-06-16 16:42:04', 5);
INSERT INTO `sys_oper_log` VALUES (391, '课程表', 1, 'com.ruoyi.web.controller.DepSys.CoursesController.add()', 'POST', 1, 'admin', '研发部门', '/DepSysCourses/courses', '127.0.0.1', '内网IP', '{\"courseId\":11,\"courseName\":\"bbbb\",\"description\":\"bb\",\"params\":{}}', '{\"msg\":\"操作成功\",\"code\":200}', 0, NULL, '2024-06-16 16:46:39', 5);
INSERT INTO `sys_oper_log` VALUES (392, '课程安排', 1, 'com.ruoyi.web.controller.DepSys.CourseSchedulesController.add()', 'POST', 1, 'admin', '研发部门', '/DepSysSchedules/DepSysSchedules', '127.0.0.1', '内网IP', '{\"courseId\":20,\"empId\":3,\"endTime\":\"2024-06-20\",\"params\":{},\"startTime\":\"2024-05-28\"}', '{\"msg\":\"操作成功\",\"code\":200}', 0, NULL, '2024-06-16 16:46:48', 8);
INSERT INTO `sys_oper_log` VALUES (393, '课程表', 1, 'com.ruoyi.web.controller.DepSys.CoursesController.add()', 'POST', 1, 'admin', '研发部门', '/DepSysCourses/courses', '127.0.0.1', '内网IP', '{\"courseId\":12,\"courseName\":\"vvv\",\"description\":\"vvv\",\"params\":{}}', '{\"msg\":\"操作成功\",\"code\":200}', 0, NULL, '2024-06-16 16:46:54', 6);
INSERT INTO `sys_oper_log` VALUES (394, '课程安排', 1, 'com.ruoyi.web.controller.DepSys.CourseSchedulesController.add()', 'POST', 1, 'admin', '研发部门', '/DepSysSchedules/DepSysSchedules', '127.0.0.1', '内网IP', '{\"courseId\":21,\"empId\":2,\"endTime\":\"2024-06-12\",\"params\":{},\"startTime\":\"2024-05-28\"}', '{\"msg\":\"操作成功\",\"code\":200}', 0, NULL, '2024-06-16 16:47:03', 6);
INSERT INTO `sys_oper_log` VALUES (395, '课程表', 1, 'com.ruoyi.web.controller.DepSys.CoursesController.add()', 'POST', 1, 'admin', '研发部门', '/DepSysCourses/courses', '127.0.0.1', '内网IP', '{\"courseId\":13,\"courseName\":\"66666\",\"description\":\"2\",\"params\":{}}', '{\"msg\":\"操作成功\",\"code\":200}', 0, NULL, '2024-06-16 18:07:26', 14);
INSERT INTO `sys_oper_log` VALUES (396, '课程表', 3, 'com.ruoyi.web.controller.DepSys.CoursesController.remove()', 'DELETE', 1, 'admin', '研发部门', '/DepSysCourses/courses/13', '127.0.0.1', '内网IP', '{}', '{\"msg\":\"操作成功\",\"code\":200}', 0, NULL, '2024-06-16 18:07:41', 8);
INSERT INTO `sys_oper_log` VALUES (397, '退课', 3, 'com.ruoyi.web.controller.DepSys.StudentsCourseController.quit()', 'DELETE', 1, 'admin', '研发部门', '/DepSysSchedules/DepSysStudentsCourse/quit/16', '127.0.0.1', '内网IP', '{}', '{\"msg\":\"操作成功\",\"code\":200}', 0, NULL, '2024-06-16 18:08:18', 6);
INSERT INTO `sys_oper_log` VALUES (398, '课程安排', 1, 'com.ruoyi.web.controller.DepSys.CourseSchedulesController.add()', 'POST', 1, 'admin', '研发部门', '/DepSysSchedules/DepSysSchedules', '127.0.0.1', '内网IP', '{\"courseId\":22,\"empId\":4,\"endTime\":\"2024-06-17\",\"params\":{},\"startTime\":\"2024-06-14\"}', '{\"msg\":\"操作成功\",\"code\":200}', 0, NULL, '2024-06-16 18:10:17', 16);
INSERT INTO `sys_oper_log` VALUES (399, '新增选课', 1, 'com.ruoyi.web.controller.DepSys.StudentsCourseController.add()', 'POST', 1, 'admin', '研发部门', '/DepSysSchedules/DepSysStudentsCourse', '127.0.0.1', '内网IP', '{\"params\":{},\"scheduleId\":22,\"studentsCourseId\":19}', '{\"msg\":\"操作成功\",\"code\":200}', 0, NULL, '2024-06-16 18:10:21', 18);
INSERT INTO `sys_oper_log` VALUES (400, '退课', 3, 'com.ruoyi.web.controller.DepSys.StudentsCourseController.quit()', 'DELETE', 1, 'admin', '研发部门', '/DepSysSchedules/DepSysStudentsCourse/quit/19', '127.0.0.1', '内网IP', '{}', '{\"msg\":\"操作成功\",\"code\":200}', 0, NULL, '2024-06-16 18:10:25', 5);
INSERT INTO `sys_oper_log` VALUES (401, '删除选课', 3, 'com.ruoyi.web.controller.DepSys.StudentsCourseController.remove()', 'DELETE', 1, 'admin', '研发部门', '/DepSysSchedules/DepSysStudentsCourse/19', '127.0.0.1', '内网IP', '{}', '{\"msg\":\"操作成功\",\"code\":200}', 0, NULL, '2024-06-16 18:10:28', 6);
INSERT INTO `sys_oper_log` VALUES (402, '课程安排', 1, 'com.ruoyi.web.controller.DepSys.CourseSchedulesController.add()', 'POST', 1, 'admin', '研发部门', '/DepSysSchedules/DepSysSchedules', '127.0.0.1', '内网IP', '{\"courseId\":23,\"empId\":2,\"endTime\":\"2024-06-15\",\"params\":{},\"startTime\":\"2024-06-14\"}', '{\"msg\":\"操作成功\",\"code\":200}', 0, NULL, '2024-06-16 18:10:44', 6);
INSERT INTO `sys_oper_log` VALUES (403, '新增选课', 1, 'com.ruoyi.web.controller.DepSys.StudentsCourseController.add()', 'POST', 1, 'admin', '研发部门', '/DepSysSchedules/DepSysStudentsCourse', '127.0.0.1', '内网IP', '{\"params\":{},\"scheduleId\":23,\"studentsCourseId\":20}', '{\"msg\":\"操作成功\",\"code\":200}', 0, NULL, '2024-06-16 18:10:50', 5);
INSERT INTO `sys_oper_log` VALUES (404, '课程评分', 2, 'com.ruoyi.web.controller.DepSys.StudentsCourseController.score()', 'POST', 1, 'admin', '研发部门', '/DepSysSchedules/DepSysStudentsCourse/score', '127.0.0.1', '内网IP', '{\"comment\":\"2我完全\",\"params\":{},\"score\":5,\"studentsCourseId\":20}', '{\"msg\":\"操作成功\",\"code\":200}', 0, NULL, '2024-06-16 18:13:48', 4);
INSERT INTO `sys_oper_log` VALUES (405, '退课', 3, 'com.ruoyi.web.controller.DepSys.StudentsCourseController.quit()', 'DELETE', 1, 'admin', '研发部门', '/DepSysSchedules/DepSysStudentsCourse/quit/17', '127.0.0.1', '内网IP', '{}', '{\"msg\":\"操作成功\",\"code\":200}', 0, NULL, '2024-06-16 18:16:06', 3);
INSERT INTO `sys_oper_log` VALUES (406, '我的课程安排', 5, 'com.ruoyi.web.controller.DepSys.StudentsCourseController.export()', 'POST', 1, 'admin', '研发部门', '/DepSysSchedules/DepSysStudentsCourse/export', '127.0.0.1', '内网IP', '{\"pageSize\":\"10\",\"pageNum\":\"1\"}', NULL, 0, NULL, '2024-06-16 18:18:17', 674);

-- ----------------------------
-- Table structure for sys_post
-- ----------------------------
DROP TABLE IF EXISTS `sys_post`;
CREATE TABLE `sys_post`  (
  `post_id` bigint NOT NULL AUTO_INCREMENT COMMENT '岗位ID',
  `post_code` varchar(64) CHARACTER SET utf8mb4 COLLATE utf8mb4_unicode_ci NOT NULL COMMENT '岗位编码',
  `post_name` varchar(50) CHARACTER SET utf8mb4 COLLATE utf8mb4_unicode_ci NOT NULL COMMENT '岗位名称',
  `post_sort` int NOT NULL COMMENT '显示顺序',
  `status` char(1) CHARACTER SET utf8mb4 COLLATE utf8mb4_unicode_ci NOT NULL COMMENT '状态（0正常 1停用）',
  `create_by` varchar(64) CHARACTER SET utf8mb4 COLLATE utf8mb4_unicode_ci NULL DEFAULT '' COMMENT '创建者',
  `create_time` datetime NULL DEFAULT NULL COMMENT '创建时间',
  `update_by` varchar(64) CHARACTER SET utf8mb4 COLLATE utf8mb4_unicode_ci NULL DEFAULT '' COMMENT '更新者',
  `update_time` datetime NULL DEFAULT NULL COMMENT '更新时间',
  `remark` varchar(500) CHARACTER SET utf8mb4 COLLATE utf8mb4_unicode_ci NULL DEFAULT NULL COMMENT '备注',
  PRIMARY KEY (`post_id`) USING BTREE
) ENGINE = InnoDB AUTO_INCREMENT = 5 CHARACTER SET = utf8mb4 COLLATE = utf8mb4_unicode_ci COMMENT = '岗位信息表' ROW_FORMAT = Dynamic;

-- ----------------------------
-- Records of sys_post
-- ----------------------------
INSERT INTO `sys_post` VALUES (1, 'ceo', '董事长', 1, '0', 'admin', '2024-05-14 04:02:26', '', NULL, '');
INSERT INTO `sys_post` VALUES (2, 'se', '项目经理', 2, '0', 'admin', '2024-05-14 04:02:26', '', NULL, '');
INSERT INTO `sys_post` VALUES (3, 'hr', '人力资源', 3, '0', 'admin', '2024-05-14 04:02:26', '', NULL, '');
INSERT INTO `sys_post` VALUES (4, 'user', '普通员工', 4, '0', 'admin', '2024-05-14 04:02:26', '', NULL, '');

-- ----------------------------
-- Table structure for sys_role
-- ----------------------------
DROP TABLE IF EXISTS `sys_role`;
CREATE TABLE `sys_role`  (
  `role_id` bigint NOT NULL AUTO_INCREMENT COMMENT '角色ID',
  `role_name` varchar(30) CHARACTER SET utf8mb4 COLLATE utf8mb4_unicode_ci NOT NULL COMMENT '角色名称',
  `role_key` varchar(100) CHARACTER SET utf8mb4 COLLATE utf8mb4_unicode_ci NOT NULL COMMENT '角色权限字符串',
  `role_sort` int NOT NULL COMMENT '显示顺序',
  `data_scope` char(1) CHARACTER SET utf8mb4 COLLATE utf8mb4_unicode_ci NULL DEFAULT '1' COMMENT '数据范围（1：全部数据权限 2：自定数据权限 3：本部门数据权限 4：本部门及以下数据权限）',
  `menu_check_strictly` tinyint(1) NULL DEFAULT 1 COMMENT '菜单树选择项是否关联显示',
  `dept_check_strictly` tinyint(1) NULL DEFAULT 1 COMMENT '部门树选择项是否关联显示',
  `status` char(1) CHARACTER SET utf8mb4 COLLATE utf8mb4_unicode_ci NOT NULL COMMENT '角色状态（0正常 1停用）',
  `del_flag` char(1) CHARACTER SET utf8mb4 COLLATE utf8mb4_unicode_ci NULL DEFAULT '0' COMMENT '删除标志（0代表存在 2代表删除）',
  `create_by` varchar(64) CHARACTER SET utf8mb4 COLLATE utf8mb4_unicode_ci NULL DEFAULT '' COMMENT '创建者',
  `create_time` datetime NULL DEFAULT NULL COMMENT '创建时间',
  `update_by` varchar(64) CHARACTER SET utf8mb4 COLLATE utf8mb4_unicode_ci NULL DEFAULT '' COMMENT '更新者',
  `update_time` datetime NULL DEFAULT NULL COMMENT '更新时间',
  `remark` varchar(500) CHARACTER SET utf8mb4 COLLATE utf8mb4_unicode_ci NULL DEFAULT NULL COMMENT '备注',
  PRIMARY KEY (`role_id`) USING BTREE
) ENGINE = InnoDB AUTO_INCREMENT = 3 CHARACTER SET = utf8mb4 COLLATE = utf8mb4_unicode_ci COMMENT = '角色信息表' ROW_FORMAT = Dynamic;

-- ----------------------------
-- Records of sys_role
-- ----------------------------
INSERT INTO `sys_role` VALUES (1, '超级管理员', 'admin', 1, '1', 1, 1, '0', '0', 'admin', '2024-05-14 04:02:26', '', NULL, '超级管理员');
INSERT INTO `sys_role` VALUES (2, '普通角色', 'common', 2, '2', 1, 1, '0', '0', 'admin', '2024-05-14 04:02:26', '', NULL, '普通角色');

-- ----------------------------
-- Table structure for sys_role_dept
-- ----------------------------
DROP TABLE IF EXISTS `sys_role_dept`;
CREATE TABLE `sys_role_dept`  (
  `role_id` bigint NOT NULL COMMENT '角色ID',
  `dept_id` bigint NOT NULL COMMENT '部门ID',
  PRIMARY KEY (`role_id`, `dept_id`) USING BTREE
) ENGINE = InnoDB CHARACTER SET = utf8mb4 COLLATE = utf8mb4_unicode_ci COMMENT = '角色和部门关联表' ROW_FORMAT = Dynamic;

-- ----------------------------
-- Records of sys_role_dept
-- ----------------------------
INSERT INTO `sys_role_dept` VALUES (2, 100);
INSERT INTO `sys_role_dept` VALUES (2, 101);
INSERT INTO `sys_role_dept` VALUES (2, 105);

-- ----------------------------
-- Table structure for sys_role_menu
-- ----------------------------
DROP TABLE IF EXISTS `sys_role_menu`;
CREATE TABLE `sys_role_menu`  (
  `role_id` bigint NOT NULL COMMENT '角色ID',
  `menu_id` bigint NOT NULL COMMENT '菜单ID',
  PRIMARY KEY (`role_id`, `menu_id`) USING BTREE
) ENGINE = InnoDB CHARACTER SET = utf8mb4 COLLATE = utf8mb4_unicode_ci COMMENT = '角色和菜单关联表' ROW_FORMAT = Dynamic;

-- ----------------------------
-- Records of sys_role_menu
-- ----------------------------
INSERT INTO `sys_role_menu` VALUES (2, 1);
INSERT INTO `sys_role_menu` VALUES (2, 2);
INSERT INTO `sys_role_menu` VALUES (2, 3);
INSERT INTO `sys_role_menu` VALUES (2, 4);
INSERT INTO `sys_role_menu` VALUES (2, 100);
INSERT INTO `sys_role_menu` VALUES (2, 101);
INSERT INTO `sys_role_menu` VALUES (2, 102);
INSERT INTO `sys_role_menu` VALUES (2, 103);
INSERT INTO `sys_role_menu` VALUES (2, 104);
INSERT INTO `sys_role_menu` VALUES (2, 105);
INSERT INTO `sys_role_menu` VALUES (2, 106);
INSERT INTO `sys_role_menu` VALUES (2, 107);
INSERT INTO `sys_role_menu` VALUES (2, 108);
INSERT INTO `sys_role_menu` VALUES (2, 109);
INSERT INTO `sys_role_menu` VALUES (2, 110);
INSERT INTO `sys_role_menu` VALUES (2, 111);
INSERT INTO `sys_role_menu` VALUES (2, 112);
INSERT INTO `sys_role_menu` VALUES (2, 113);
INSERT INTO `sys_role_menu` VALUES (2, 114);
INSERT INTO `sys_role_menu` VALUES (2, 115);
INSERT INTO `sys_role_menu` VALUES (2, 116);
INSERT INTO `sys_role_menu` VALUES (2, 117);
INSERT INTO `sys_role_menu` VALUES (2, 500);
INSERT INTO `sys_role_menu` VALUES (2, 501);
INSERT INTO `sys_role_menu` VALUES (2, 1000);
INSERT INTO `sys_role_menu` VALUES (2, 1001);
INSERT INTO `sys_role_menu` VALUES (2, 1002);
INSERT INTO `sys_role_menu` VALUES (2, 1003);
INSERT INTO `sys_role_menu` VALUES (2, 1004);
INSERT INTO `sys_role_menu` VALUES (2, 1005);
INSERT INTO `sys_role_menu` VALUES (2, 1006);
INSERT INTO `sys_role_menu` VALUES (2, 1007);
INSERT INTO `sys_role_menu` VALUES (2, 1008);
INSERT INTO `sys_role_menu` VALUES (2, 1009);
INSERT INTO `sys_role_menu` VALUES (2, 1010);
INSERT INTO `sys_role_menu` VALUES (2, 1011);
INSERT INTO `sys_role_menu` VALUES (2, 1012);
INSERT INTO `sys_role_menu` VALUES (2, 1013);
INSERT INTO `sys_role_menu` VALUES (2, 1014);
INSERT INTO `sys_role_menu` VALUES (2, 1015);
INSERT INTO `sys_role_menu` VALUES (2, 1016);
INSERT INTO `sys_role_menu` VALUES (2, 1017);
INSERT INTO `sys_role_menu` VALUES (2, 1018);
INSERT INTO `sys_role_menu` VALUES (2, 1019);
INSERT INTO `sys_role_menu` VALUES (2, 1020);
INSERT INTO `sys_role_menu` VALUES (2, 1021);
INSERT INTO `sys_role_menu` VALUES (2, 1022);
INSERT INTO `sys_role_menu` VALUES (2, 1023);
INSERT INTO `sys_role_menu` VALUES (2, 1024);
INSERT INTO `sys_role_menu` VALUES (2, 1025);
INSERT INTO `sys_role_menu` VALUES (2, 1026);
INSERT INTO `sys_role_menu` VALUES (2, 1027);
INSERT INTO `sys_role_menu` VALUES (2, 1028);
INSERT INTO `sys_role_menu` VALUES (2, 1029);
INSERT INTO `sys_role_menu` VALUES (2, 1030);
INSERT INTO `sys_role_menu` VALUES (2, 1031);
INSERT INTO `sys_role_menu` VALUES (2, 1032);
INSERT INTO `sys_role_menu` VALUES (2, 1033);
INSERT INTO `sys_role_menu` VALUES (2, 1034);
INSERT INTO `sys_role_menu` VALUES (2, 1035);
INSERT INTO `sys_role_menu` VALUES (2, 1036);
INSERT INTO `sys_role_menu` VALUES (2, 1037);
INSERT INTO `sys_role_menu` VALUES (2, 1038);
INSERT INTO `sys_role_menu` VALUES (2, 1039);
INSERT INTO `sys_role_menu` VALUES (2, 1040);
INSERT INTO `sys_role_menu` VALUES (2, 1041);
INSERT INTO `sys_role_menu` VALUES (2, 1042);
INSERT INTO `sys_role_menu` VALUES (2, 1043);
INSERT INTO `sys_role_menu` VALUES (2, 1044);
INSERT INTO `sys_role_menu` VALUES (2, 1045);
INSERT INTO `sys_role_menu` VALUES (2, 1046);
INSERT INTO `sys_role_menu` VALUES (2, 1047);
INSERT INTO `sys_role_menu` VALUES (2, 1048);
INSERT INTO `sys_role_menu` VALUES (2, 1049);
INSERT INTO `sys_role_menu` VALUES (2, 1050);
INSERT INTO `sys_role_menu` VALUES (2, 1051);
INSERT INTO `sys_role_menu` VALUES (2, 1052);
INSERT INTO `sys_role_menu` VALUES (2, 1053);
INSERT INTO `sys_role_menu` VALUES (2, 1054);
INSERT INTO `sys_role_menu` VALUES (2, 1055);
INSERT INTO `sys_role_menu` VALUES (2, 1056);
INSERT INTO `sys_role_menu` VALUES (2, 1057);
INSERT INTO `sys_role_menu` VALUES (2, 1058);
INSERT INTO `sys_role_menu` VALUES (2, 1059);
INSERT INTO `sys_role_menu` VALUES (2, 1060);

-- ----------------------------
-- Table structure for sys_user
-- ----------------------------
DROP TABLE IF EXISTS `sys_user`;
CREATE TABLE `sys_user`  (
  `user_id` bigint NOT NULL AUTO_INCREMENT COMMENT '用户ID',
  `dept_id` bigint NULL DEFAULT NULL COMMENT '部门ID',
  `user_name` varchar(30) CHARACTER SET utf8mb4 COLLATE utf8mb4_unicode_ci NOT NULL COMMENT '用户账号',
  `nick_name` varchar(30) CHARACTER SET utf8mb4 COLLATE utf8mb4_unicode_ci NOT NULL COMMENT '用户昵称',
  `user_type` varchar(2) CHARACTER SET utf8mb4 COLLATE utf8mb4_unicode_ci NULL DEFAULT '00' COMMENT '用户类型（00系统用户）',
  `email` varchar(50) CHARACTER SET utf8mb4 COLLATE utf8mb4_unicode_ci NULL DEFAULT '' COMMENT '用户邮箱',
  `phonenumber` varchar(11) CHARACTER SET utf8mb4 COLLATE utf8mb4_unicode_ci NULL DEFAULT '' COMMENT '手机号码',
  `sex` char(1) CHARACTER SET utf8mb4 COLLATE utf8mb4_unicode_ci NULL DEFAULT '0' COMMENT '用户性别（0男 1女 2未知）',
  `avatar` varchar(100) CHARACTER SET utf8mb4 COLLATE utf8mb4_unicode_ci NULL DEFAULT '' COMMENT '头像地址',
  `password` varchar(100) CHARACTER SET utf8mb4 COLLATE utf8mb4_unicode_ci NULL DEFAULT '' COMMENT '密码',
  `status` char(1) CHARACTER SET utf8mb4 COLLATE utf8mb4_unicode_ci NULL DEFAULT '0' COMMENT '帐号状态（0正常 1停用）',
  `del_flag` char(1) CHARACTER SET utf8mb4 COLLATE utf8mb4_unicode_ci NULL DEFAULT '0' COMMENT '删除标志（0代表存在 2代表删除）',
  `login_ip` varchar(128) CHARACTER SET utf8mb4 COLLATE utf8mb4_unicode_ci NULL DEFAULT '' COMMENT '最后登录IP',
  `login_date` datetime NULL DEFAULT NULL COMMENT '最后登录时间',
  `create_by` varchar(64) CHARACTER SET utf8mb4 COLLATE utf8mb4_unicode_ci NULL DEFAULT '' COMMENT '创建者',
  `create_time` datetime NULL DEFAULT NULL COMMENT '创建时间',
  `update_by` varchar(64) CHARACTER SET utf8mb4 COLLATE utf8mb4_unicode_ci NULL DEFAULT '' COMMENT '更新者',
  `update_time` datetime NULL DEFAULT NULL COMMENT '更新时间',
  `remark` varchar(500) CHARACTER SET utf8mb4 COLLATE utf8mb4_unicode_ci NULL DEFAULT NULL COMMENT '备注',
  PRIMARY KEY (`user_id`) USING BTREE
) ENGINE = InnoDB AUTO_INCREMENT = 3 CHARACTER SET = utf8mb4 COLLATE = utf8mb4_unicode_ci COMMENT = '用户信息表' ROW_FORMAT = Dynamic;

-- ----------------------------
-- Records of sys_user
-- ----------------------------
INSERT INTO `sys_user` VALUES (1, 103, 'admin', '若依', '00', 'ry@163.com', '15888888888', '1', '', '$2a$10$7JB720yubVSZvUI0rEqK/.VqGOZTH.ulu33dHOiBE8ByOhJIrdAu2', '0', '0', '127.0.0.1', '2024-06-16 18:04:09', 'admin', '2024-05-14 04:02:26', '', '2024-06-16 18:04:09', '管理员');
INSERT INTO `sys_user` VALUES (2, 105, 'ry', '若依', '00', 'ry@qq.com', '15666666666', '1', '', '$2a$10$7JB720yubVSZvUI0rEqK/.VqGOZTH.ulu33dHOiBE8ByOhJIrdAu2', '0', '0', '127.0.0.1', '2024-05-14 04:02:26', 'admin', '2024-05-14 04:02:26', '', NULL, '测试员');

-- ----------------------------
-- Table structure for sys_user_post
-- ----------------------------
DROP TABLE IF EXISTS `sys_user_post`;
CREATE TABLE `sys_user_post`  (
  `user_id` bigint NOT NULL COMMENT '用户ID',
  `post_id` bigint NOT NULL COMMENT '岗位ID',
  PRIMARY KEY (`user_id`, `post_id`) USING BTREE
) ENGINE = InnoDB CHARACTER SET = utf8mb4 COLLATE = utf8mb4_unicode_ci COMMENT = '用户与岗位关联表' ROW_FORMAT = Dynamic;

-- ----------------------------
-- Records of sys_user_post
-- ----------------------------
INSERT INTO `sys_user_post` VALUES (1, 1);
INSERT INTO `sys_user_post` VALUES (2, 2);

-- ----------------------------
-- Table structure for sys_user_role
-- ----------------------------
DROP TABLE IF EXISTS `sys_user_role`;
CREATE TABLE `sys_user_role`  (
  `user_id` bigint NOT NULL COMMENT '用户ID',
  `role_id` bigint NOT NULL COMMENT '角色ID',
  PRIMARY KEY (`user_id`, `role_id`) USING BTREE
) ENGINE = InnoDB CHARACTER SET = utf8mb4 COLLATE = utf8mb4_unicode_ci COMMENT = '用户和角色关联表' ROW_FORMAT = Dynamic;

-- ----------------------------
-- Records of sys_user_role
-- ----------------------------
INSERT INTO `sys_user_role` VALUES (1, 1);
INSERT INTO `sys_user_role` VALUES (2, 2);

-- ----------------------------
-- Table structure for users
-- ----------------------------
DROP TABLE IF EXISTS `users`;
CREATE TABLE `users`  (
  `id` int NOT NULL AUTO_INCREMENT,
  `username` varchar(50) CHARACTER SET utf8mb4 COLLATE utf8mb4_unicode_ci NOT NULL,
  `password` varchar(255) CHARACTER SET utf8mb4 COLLATE utf8mb4_unicode_ci NOT NULL,
  `role` enum('admin','teacher','student') CHARACTER SET utf8mb4 COLLATE utf8mb4_unicode_ci NOT NULL,
  `token` varchar(255) CHARACTER SET utf8mb4 COLLATE utf8mb4_unicode_ci NULL DEFAULT NULL,
  `created_at` timestamp NOT NULL DEFAULT CURRENT_TIMESTAMP,
  PRIMARY KEY (`id`) USING BTREE,
  UNIQUE INDEX `username`(`username` ASC) USING BTREE,
  UNIQUE INDEX `token`(`token` ASC) USING BTREE
) ENGINE = InnoDB AUTO_INCREMENT = 7 CHARACTER SET = utf8mb4 COLLATE = utf8mb4_unicode_ci ROW_FORMAT = Dynamic;

-- ----------------------------
-- Records of users
-- ----------------------------
INSERT INTO `users` VALUES (5, 'admin_user', 'ENCRYPTED_ADMIN_PASSWORD', 'admin', NULL, '2024-05-14 02:06:49');
INSERT INTO `users` VALUES (6, 'teacher_user', 'ENCRYPTED_TEACHER_PASSWORD', 'teacher', NULL, '2024-05-14 02:06:49');

SET FOREIGN_KEY_CHECKS = 1;
