<?xml version="1.0" encoding="UTF-8" ?>
<!DOCTYPE mapper
PUBLIC "-//mybatis.org//DTD Mapper 3.0//EN"
"http://mybatis.org/dtd/mybatis-3-mapper.dtd">
<mapper namespace="com.ruoyi.DepSysClasses.mapper.ClassesMapper">



    <sql id="selectClassesVo">
        select id, name, teacher_id, description, create_time from classes
    </sql>

    <select id="selectClassesList" parameterType="Classes" resultType="classes">
        <include refid="selectClassesVo"/>
        <where>
            <if test="name != null  and name != ''"> and name like concat('%', #{name}, '%')</if>
            <if test="teacherId != null "> and teacher_id = #{teacherId}</if>
            <if test="description != null  and description != ''"> and description = #{description}</if>
        </where>
        order by create_time desc
    </select>

    <select id="selectClassesById" parameterType="Long" resultType="classes">
        <include refid="selectClassesVo"/>
        where id = #{id}
    </select>

    <insert id="insertClasses" parameterType="Classes" useGeneratedKeys="true" keyProperty="id">
        insert into classes
        <trim prefix="(" suffix=")" suffixOverrides=",">
            <if test="name != null and name != ''">name,</if>
            <if test="teacherId != null">teacher_id,</if>
            <if test="description != null">description,</if>
         </trim>
        <trim prefix="values (" suffix=")" suffixOverrides=",">
            <if test="name != null and name != ''">#{name},</if>
            <if test="teacherId != null">#{teacherId},</if>
            <if test="description != null">#{description},</if>
         </trim>
    </insert>

    <update id="updateClasses" parameterType="Classes">
        update classes
        <trim prefix="SET" suffixOverrides=",">
            <if test="name != null and name != ''">name = #{name},</if>
            <if test="teacherId != null">teacher_id = #{teacherId},</if>
            <if test="description != null">description = #{description},</if>
        </trim>
        where id = #{id}
    </update>

    <delete id="deleteClassesById" parameterType="Long">
        delete from classes where id = #{id}
    </delete>

    <delete id="deleteClassesByIds" parameterType="String">
        delete from classes where id in
        <foreach item="id" collection="array" open="(" separator="," close=")">
            #{id}
        </foreach>
    </delete>
</mapper>
