<?xml version="1.0" encoding="UTF-8" ?>
<!DOCTYPE mapper
PUBLIC "-//mybatis.org//DTD Mapper 3.0//EN"
"http://mybatis.org/dtd/mybatis-3-mapper.dtd">
<mapper namespace="com.ruoyi.DepSysStudentsCourse.mapper.StudentsCourseMapper">

    <insert id="insert" parameterType="studentsCourse" useGeneratedKeys="true" keyProperty="studentsCourseId">
        insert into students_course (student_id,schedule_id) values (#{studentId}, #{scheduleId})
    </insert>
    <delete id="deleteStudentsCourseByIds">
        delete from students_course where students_course_id in
        <foreach item="id" collection="array" open="(" separator="," close=")">
            #{id}
        </foreach>
    </delete>


    <select id="selectStudentsCourseList" resultType="StudentsCourse">
        select sc.students_course_id,
               c.course_name,
               s.student_name,
               emp.name  as emp_name,
               cs.start_time,
               cs.end_time,
               cs.status as schedule_status,
               sc.score,
               sc.comment,
               sc.create_time,
               sc.status
        from students_course sc
                 left join schedules cs on sc.schedule_id = cs.schedule_id
                 left join courses c on c.course_id = cs.course_id
                 left join students s on s.student_id = sc.student_id
                 left join emp on emp.id = cs.emp_id
        <where>
            <if test="courseName != null and courseName != ''"> and c.course_name like concat('%',#{courseName},'%')</if>
        </where>
        order by sc.create_time desc
    </select>
</mapper>
