<?xml version="1.0" encoding="UTF-8" ?>
<!DOCTYPE mapper
PUBLIC "-//mybatis.org//DTD Mapper 3.0//EN"
"http://mybatis.org/dtd/mybatis-3-mapper.dtd">
<mapper namespace="com.ruoyi.DepSysStu.mapper.StuMapper">
    
    <resultMap type="Stu" id="StuResult">
        <result property="studentId"    column="student_id"    />
        <result property="firstName"    column="first_name"    />
        <result property="lastName"    column="last_name"    />
        <result property="email"    column="email"    />
        <result property="phoneNumber"    column="phone_number"    />
        <result property="enrollmentDate"    column="enrollment_date"    />
        <result property="courseName"    column="course_name"    />
    </resultMap>

    <sql id="selectStuVo">
        select student_id, first_name, last_name, email, phone_number, enrollment_date, course_name from stu
    </sql>

    <select id="selectStuList" parameterType="Stu" resultMap="StuResult">
        <include refid="selectStuVo"/>
        <where>  
            <if test="firstName != null  and firstName != ''"> and first_name like concat('%', #{firstName}, '%')</if>
            <if test="lastName != null  and lastName != ''"> and last_name like concat('%', #{lastName}, '%')</if>
            <if test="email != null  and email != ''"> and email = #{email}</if>
            <if test="phoneNumber != null  and phoneNumber != ''"> and phone_number = #{phoneNumber}</if>
            <if test="enrollmentDate != null "> and enrollment_date = #{enrollmentDate}</if>
            <if test="courseName != null  and courseName != ''"> and course_name like concat('%', #{courseName}, '%')</if>
        </where>
    </select>
    
    <select id="selectStuByStudentId" parameterType="Long" resultMap="StuResult">
        <include refid="selectStuVo"/>
        where student_id = #{studentId}
    </select>
        
    <insert id="insertStu" parameterType="Stu" useGeneratedKeys="true" keyProperty="studentId">
        insert into stu
        <trim prefix="(" suffix=")" suffixOverrides=",">
            <if test="firstName != null and firstName != ''">first_name,</if>
            <if test="lastName != null and lastName != ''">last_name,</if>
            <if test="email != null and email != ''">email,</if>
            <if test="phoneNumber != null">phone_number,</if>
            <if test="enrollmentDate != null">enrollment_date,</if>
            <if test="courseName != null">course_name,</if>
         </trim>
        <trim prefix="values (" suffix=")" suffixOverrides=",">
            <if test="firstName != null and firstName != ''">#{firstName},</if>
            <if test="lastName != null and lastName != ''">#{lastName},</if>
            <if test="email != null and email != ''">#{email},</if>
            <if test="phoneNumber != null">#{phoneNumber},</if>
            <if test="enrollmentDate != null">#{enrollmentDate},</if>
            <if test="courseName != null">#{courseName},</if>
         </trim>
    </insert>

    <update id="updateStu" parameterType="Stu">
        update stu
        <trim prefix="SET" suffixOverrides=",">
            <if test="firstName != null and firstName != ''">first_name = #{firstName},</if>
            <if test="lastName != null and lastName != ''">last_name = #{lastName},</if>
            <if test="email != null and email != ''">email = #{email},</if>
            <if test="phoneNumber != null">phone_number = #{phoneNumber},</if>
            <if test="enrollmentDate != null">enrollment_date = #{enrollmentDate},</if>
            <if test="courseName != null">course_name = #{courseName},</if>
        </trim>
        where student_id = #{studentId}
    </update>

    <delete id="deleteStuByStudentId" parameterType="Long">
        delete from stu where student_id = #{studentId}
    </delete>

    <delete id="deleteStuByStudentIds" parameterType="String">
        delete from stu where student_id in 
        <foreach item="studentId" collection="array" open="(" separator="," close=")">
            #{studentId}
        </foreach>
    </delete>
</mapper>