<?xml version="1.0" encoding="UTF-8" ?>
<!DOCTYPE mapper
PUBLIC "-//mybatis.org//DTD Mapper 3.0//EN"
"http://mybatis.org/dtd/mybatis-3-mapper.dtd">
<mapper namespace="com.ruoyi.DepSysEmp.mapper.EmpMapper">

    <resultMap type="Emp" id="EmpResult">
        <result property="id"    column="id"    />
        <result property="username"    column="username"    />
        <result property="password"    column="password"    />
        <result property="name"    column="name"    />
        <result property="gender"    column="gender"    />
        <result property="image"    column="image"    />
        <result property="job"    column="job"    />
        <result property="entrydate"    column="entrydate"    />
        <result property="deptId"    column="dept_id"    />
        <result property="createTime"    column="create_time"    />
        <result property="updateTime"    column="update_time"    />
    </resultMap>

    <sql id="selectEmpVo">
        select emp.*,d.name as dept_name from emp
        left join departments d on emp.dept_id = d.id
    </sql>

    <select id="selectEmpList" parameterType="Emp" resultType="emp">
        <include refid="selectEmpVo"/>
        <where>
            <if test="username != null  and username != ''"> and username like concat('%', #{username}, '%')</if>
            <if test="password != null  and password != ''"> and password = #{password}</if>
            <if test="name != null  and name != ''"> and name like concat('%', #{name}, '%')</if>
            <if test="gender != null "> and gender = #{gender}</if>
            <if test="image != null  and image != ''"> and image = #{image}</if>
            <if test="job != null "> and job = #{job}</if>
            <if test="entrydate != null "> and entrydate = #{entrydate}</if>
            <if test="deptId != null "> and dept_id = #{deptId}</if>
        </where>
        order by create_time desc
    </select>

    <select id="selectEmpById" parameterType="Integer" resultType="emp">
        select * from emp where id = #{id}
    </select>
    <select id="selectByJob" resultType="com.ruoyi.DepSysEmp.domain.Emp">
        select * from emp where job in
        <foreach item="job" collection="jobs" open="(" separator="," close=")">
            #{job}
        </foreach>
    </select>

    <insert id="insertEmp" parameterType="Emp" useGeneratedKeys="true" keyProperty="id">
        insert into emp
        <trim prefix="(" suffix=")" suffixOverrides=",">
            <if test="username != null and username != ''">username,</if>
            <if test="password != null">password,</if>
            <if test="name != null and name != ''">name,</if>
            <if test="gender != null">gender,</if>
            <if test="image != null">image,</if>
            <if test="job != null">job,</if>
            <if test="entrydate != null">entrydate,</if>
            <if test="deptId != null">dept_id,</if>
            <if test="createTime != null">create_time,</if>
            <if test="updateTime != null">update_time,</if>
         </trim>
        <trim prefix="values (" suffix=")" suffixOverrides=",">
            <if test="username != null and username != ''">#{username},</if>
            <if test="password != null">#{password},</if>
            <if test="name != null and name != ''">#{name},</if>
            <if test="gender != null">#{gender},</if>
            <if test="image != null">#{image},</if>
            <if test="job != null">#{job},</if>
            <if test="entrydate != null">#{entrydate},</if>
            <if test="deptId != null">#{deptId},</if>
            <if test="createTime != null">#{createTime},</if>
            <if test="updateTime != null">#{updateTime},</if>
         </trim>
    </insert>

    <update id="updateEmp" parameterType="Emp">
        update emp
        <trim prefix="SET" suffixOverrides=",">
            <if test="username != null and username != ''">username = #{username},</if>
            <if test="password != null">password = #{password},</if>
            <if test="name != null and name != ''">name = #{name},</if>
            <if test="gender != null">gender = #{gender},</if>
            <if test="image != null">image = #{image},</if>
            <if test="job != null">job = #{job},</if>
            <if test="entrydate != null">entrydate = #{entrydate},</if>
            <if test="deptId != null">dept_id = #{deptId},</if>
            <if test="createTime != null">create_time = #{createTime},</if>
            <if test="updateTime != null">update_time = #{updateTime},</if>
        </trim>
        where id = #{id}
    </update>

    <delete id="deleteEmpById" parameterType="Integer">
        delete from emp where id = #{id}
    </delete>

    <delete id="deleteEmpByIds" parameterType="String">
        delete from emp where id in
        <foreach item="id" collection="array" open="(" separator="," close=")">
            #{id}
        </foreach>
    </delete>
</mapper>
