<?xml version="1.0" encoding="UTF-8" ?>
<!DOCTYPE mapper
PUBLIC "-//mybatis.org//DTD Mapper 3.0//EN"
"http://mybatis.org/dtd/mybatis-3-mapper.dtd">
<mapper namespace="com.ruoyi.DepSysUsers.mapper.UsersMapper">
    
    <resultMap type="Users" id="UsersResult">
        <result property="id"    column="id"    />
        <result property="username"    column="username"    />
        <result property="password"    column="password"    />
        <result property="role"    column="role"    />
        <result property="token"    column="token"    />
        <result property="createdAt"    column="created_at"    />
    </resultMap>

    <sql id="selectUsersVo">
        select id, username, password, role, token, created_at from users
    </sql>

    <select id="selectUsersList" parameterType="Users" resultMap="UsersResult">
        <include refid="selectUsersVo"/>
        <where>  
            <if test="username != null  and username != ''"> and username like concat('%', #{username}, '%')</if>
            <if test="password != null  and password != ''"> and password = #{password}</if>
            <if test="role != null  and role != ''"> and role = #{role}</if>
            <if test="token != null  and token != ''"> and token = #{token}</if>
            <if test="createdAt != null "> and created_at = #{createdAt}</if>
        </where>
    </select>
    
    <select id="selectUsersById" parameterType="Long" resultMap="UsersResult">
        <include refid="selectUsersVo"/>
        where id = #{id}
    </select>
        
    <insert id="insertUsers" parameterType="Users" useGeneratedKeys="true" keyProperty="id">
        insert into users
        <trim prefix="(" suffix=")" suffixOverrides=",">
            <if test="username != null and username != ''">username,</if>
            <if test="password != null and password != ''">password,</if>
            <if test="role != null and role != ''">role,</if>
            <if test="token != null">token,</if>
            <if test="createdAt != null">created_at,</if>
         </trim>
        <trim prefix="values (" suffix=")" suffixOverrides=",">
            <if test="username != null and username != ''">#{username},</if>
            <if test="password != null and password != ''">#{password},</if>
            <if test="role != null and role != ''">#{role},</if>
            <if test="token != null">#{token},</if>
            <if test="createdAt != null">#{createdAt},</if>
         </trim>
    </insert>

    <update id="updateUsers" parameterType="Users">
        update users
        <trim prefix="SET" suffixOverrides=",">
            <if test="username != null and username != ''">username = #{username},</if>
            <if test="password != null and password != ''">password = #{password},</if>
            <if test="role != null and role != ''">role = #{role},</if>
            <if test="token != null">token = #{token},</if>
            <if test="createdAt != null">created_at = #{createdAt},</if>
        </trim>
        where id = #{id}
    </update>

    <delete id="deleteUsersById" parameterType="Long">
        delete from users where id = #{id}
    </delete>

    <delete id="deleteUsersByIds" parameterType="String">
        delete from users where id in 
        <foreach item="id" collection="array" open="(" separator="," close=")">
            #{id}
        </foreach>
    </delete>
</mapper>