<?xml version="1.0" encoding="UTF-8" ?>
<!DOCTYPE mapper
PUBLIC "-//mybatis.org//DTD Mapper 3.0//EN"
"http://mybatis.org/dtd/mybatis-3-mapper.dtd">
<mapper namespace="com.ruoyi.DepSysStudents.mapper.StudentsMapper">


    <sql id="selectStudentsVo">
        select student_id, student_name, class_id, create_time from students
    </sql>

    <select id="selectStudentsList" parameterType="Students" resultType="students">
        <include refid="selectStudentsVo"/>
        <where>
            <if test="studentName != null  and studentName != ''"> and student_name like concat('%', #{studentName}, '%')</if>
            <if test="className != null  and className != ''"> and class_name like concat('%', #{className}, '%')</if>
        </where>
    </select>

    <select id="selectStudentsById" parameterType="Long"  resultType="students">
        <include refid="selectStudentsVo"/>
        where student_id = #{id}
    </select>

    <insert id="insertStudents" parameterType="Students" useGeneratedKeys="true" keyProperty="studentId">
        insert into students
        <trim prefix="(" suffix=")" suffixOverrides=",">
            <if test="studentName != null and studentName != ''">student_name,</if>
         </trim>
        <trim prefix="values (" suffix=")" suffixOverrides=",">
            <if test="studentName != null and studentName != ''">#{studentName},</if>
         </trim>
    </insert>

    <update id="updateStudents" parameterType="Students">
        update students
        <trim prefix="SET" suffixOverrides=",">
            <if test="studentName != null and studentName != ''">student_name = #{studentName},</if>
            <if test="class_id != null">class_id = #{classId},</if>
        </trim>
        where student_id = #{studentId}
    </update>

    <delete id="deleteStudentsById" parameterType="Long">
        delete from students where student_id = #{id}
    </delete>

    <delete id="deleteStudentsByIds" parameterType="String">
        delete from students where id in
        <foreach item="id" collection="array" open="(" separator="," close=")">
            #{id}
        </foreach>
    </delete>
</mapper>
