<?xml version="1.0" encoding="UTF-8" ?>
<!DOCTYPE mapper
PUBLIC "-//mybatis.org//DTD Mapper 3.0//EN"
"http://mybatis.org/dtd/mybatis-3-mapper.dtd">
<mapper namespace="com.ruoyi.DepSysCourses.mapper.CoursesMapper">

    <resultMap type="Courses" id="CoursesResult">
        <result property="courseId"    column="course_id"    />
        <result property="courseName"    column="course_name"    />
        <result property="description"    column="description"    />
        <result property="duration"    column="duration"    />
    </resultMap>

    <sql id="selectCoursesVo">
        select * from courses
    </sql>

    <select id="selectCoursesList" parameterType="Courses" resultType="Courses">
        <include refid="selectCoursesVo"/>
        <where>
            <if test="courseName != null  and name != ''"> and course_name like concat('%', #{courseName}, '%')</if>
            <if test="description != null  and description != ''"> and description like concat('%', #{description}, '%')</if>
            <if test="duration != null "> and duration = #{duration}</if>
            <if test="createTime != null "> and create_time = #{createTime}</if>
        </where>

        order by create_time desc
    </select>

    <select id="selectCoursesById" parameterType="Long" resultType="Courses">
        <include refid="selectCoursesVo"/>
        where course_id = #{id}
    </select>

    <insert id="insertCourses" parameterType="Courses" useGeneratedKeys="true" keyProperty="courseId">
        insert into courses
        <trim prefix="(" suffix=")" suffixOverrides=",">
            <if test="courseName != null and courseName != ''">course_name,</if>
            <if test="description != null">description,</if>
            <if test="duration != null">duration,</if>
         </trim>
        <trim prefix="values (" suffix=")" suffixOverrides=",">
            <if test="courseName != null and courseName != ''">#{courseName},</if>
            <if test="description != null">#{description},</if>
            <if test="duration != null">#{duration},</if>
         </trim>
    </insert>

    <update id="updateCourses" parameterType="Courses">
        update courses
        <trim prefix="SET" suffixOverrides=",">
            <if test="courseName != null and courseName != ''">course_name = #{courseName},</if>
            <if test="description != null">description = #{description},</if>
            <if test="duration != null">duration = #{duration},</if>
        </trim>
        where course_id = #{courseId}
    </update>

    <delete id="deleteCoursesById" parameterType="Long">
        delete from courses where course_id = #{id}
    </delete>

    <delete id="deleteCoursesByIds" parameterType="String">
        delete from courses where course_id in
        <foreach item="id" collection="array" open="(" separator="," close=")">
            #{id}
        </foreach>
    </delete>
</mapper>
