<?xml version="1.0" encoding="UTF-8" ?>
<!DOCTYPE mapper
PUBLIC "-//mybatis.org//DTD Mapper 3.0//EN"
"http://mybatis.org/dtd/mybatis-3-mapper.dtd">
<mapper namespace="com.ruoyi.DepSysDepartments.mapper.DepartmentsMapper">

    <resultMap type="Departments" id="DepartmentsResult">
        <result property="id"    column="id"    />
        <result property="name"    column="name"    />
        <result property="description"    column="description"    />
        <result property="createdAt"    column="created_at"    />
    </resultMap>

    <sql id="selectDepartmentsVo">
        select id, name, description, created_at from departments
    </sql>

    <select id="selectDepartmentsList" parameterType="Departments" resultMap="DepartmentsResult">
        <include refid="selectDepartmentsVo"/>
        <where>
            <if test="name != null  and name != ''"> and name like concat('%', #{name}, '%')</if>
            <if test="description != null  and description != ''"> and description = #{description}</if>
            <if test="createdAt != null "> and created_at = #{createdAt}</if>
        </where>
        order by created_at desc
    </select>

    <select id="selectDepartmentsById" parameterType="Long" resultMap="DepartmentsResult">
        <include refid="selectDepartmentsVo"/>
        where id = #{id}
    </select>

    <insert id="insertDepartments" parameterType="Departments" useGeneratedKeys="true" keyProperty="id">
        insert into departments
        <trim prefix="(" suffix=")" suffixOverrides=",">
            <if test="name != null and name != ''">name,</if>
            <if test="description != null">description,</if>
            <if test="createdAt != null">created_at,</if>
         </trim>
        <trim prefix="values (" suffix=")" suffixOverrides=",">
            <if test="name != null and name != ''">#{name},</if>
            <if test="description != null">#{description},</if>
            <if test="createdAt != null">#{createdAt},</if>
         </trim>
    </insert>

    <update id="updateDepartments" parameterType="Departments">
        update departments
        <trim prefix="SET" suffixOverrides=",">
            <if test="name != null and name != ''">name = #{name},</if>
            <if test="description != null">description = #{description},</if>
            <if test="createdAt != null">created_at = #{createdAt},</if>
        </trim>
        where id = #{id}
    </update>

    <delete id="deleteDepartmentsById" parameterType="Long">
        delete from departments where id = #{id}
    </delete>

    <delete id="deleteDepartmentsByIds" parameterType="String">
        delete from departments where id in
        <foreach item="id" collection="array" open="(" separator="," close=")">
            #{id}
        </foreach>
    </delete>
</mapper>
