<?xml version="1.0" encoding="UTF-8" ?>
<!DOCTYPE mapper
PUBLIC "-//mybatis.org//DTD Mapper 3.0//EN"
"http://mybatis.org/dtd/mybatis-3-mapper.dtd">
<mapper namespace="com.ruoyi.DepSysSchedules.mapper.CourseSchedulesMapper">


    <sql id="selectCourseSchedulesVo">
        select sd.*,
               cos.course_name ,
               emp.name as emp_name
        from schedules sd
        left join courses cos on cos.course_id = sd.course_id
        left join emp emp on emp.id = sd.emp_id
    </sql>

    <select id="selectCourseSchedulesList" parameterType="Schedules" resultType="Schedules">
        <include refid="selectCourseSchedulesVo"/>
        <where>
            <if test="courseId != null "> and sd.course_id = #{courseId}</if>
            <if test="courseName != null  and courseName != ''"> and cos.course_name like concat('%',#{courseName},'%')</if>
            <if test="empId != null "> and sd.emp_id = #{empId}</if>
            <if test="status != null"> and sd.status = #{status}</if>
        </where>
        order by sd.create_time desc
    </select>

    <select id="selectCourseSchedulesById" parameterType="Long" resultType="Schedules">
        select * from schedules
        where schedule_id = #{id}
    </select>

    <insert id="insertCourseSchedules" parameterType="Schedules" useGeneratedKeys="true" keyProperty="courseId">
        insert into schedules
        <trim prefix="(" suffix=")" suffixOverrides=",">
            <if test="courseId != null and courseId != ''">course_id,</if>
            <if test="empId != null and empId != ''">emp_id,</if>
            <if test="startTime != null">start_time,</if>
            <if test="endTime != null">end_time,</if>
         </trim>
        <trim prefix="values (" suffix=")" suffixOverrides=",">
            <if test="courseId != null and courseId != ''">#{courseId},</if>
            <if test="empId != null and empId != ''">#{empId},</if>
            <if test="startTime != null">#{startTime},</if>
            <if test="endTime != null">#{endTime},</if>
         </trim>
    </insert>

    <update id="updateCourseSchedules" parameterType="Schedules">
        update schedules
        <trim prefix="SET" suffixOverrides=",">
            <if test="courseId != null and courseId != ''">course_id = #{courseId},</if>
            <if test="empId != null and empId != ''">emp_id = #{empId},</if>
            <if test="startTime != null">start_time = #{startTime},</if>
            <if test="endTime != null">end_time = #{endTime},</if>
            <if test="status != null">status = #{status},</if>
        </trim>
        where schedule_id = #{scheduleId}
    </update>

    <delete id="deleteCourseSchedulesById" parameterType="Long">
        delete from schedules where schedule_id = #{id}
    </delete>

    <delete id="deleteCourseSchedulesByIds" parameterType="String">
        delete from schedules where schedule_id in
        <foreach item="id" collection="array" open="(" separator="," close=")">
            #{id}
        </foreach>
    </delete>
</mapper>
